Rk,Player,Nation,Pos,Squad,Age,Born,MP,Starts,Min,90s,Gls,Ast,G+A,G-PK,PK,PKatt,CrdY,CrdR,Gls,Ast,G+A,G-PK,G+A-PK,Matches,Season
1,Rafidine Abdullah,km COM,MF,Lorient,21,1994,12,6,579,6.4,1,0,1,1,0,0,6,1,0.16,0,0.16,0.16,0.16,Matches,2015-2016
2,Jordan Adéoti,bj BEN,"DF,MF",Caen,26,1989,32,16,"1,718",19.1,0,0,0,0,0,0,6,0,0,0,0,0,0,Matches,2015-2016
3,Adryan,br BRA,"FW,MF",Nantes,20,1994,26,19,"1,423",15.8,3,2,5,3,0,0,2,1,0.19,0.13,0.32,0.19,0.32,Matches,2015-2016
4,Kossi Agassa,tg TOG,GK,Reims,37,1978,11,11,901,10,0,0,0,0,0,0,0,0,0,0,0,0,0,Matches,2015-2016
5,Ali Ahamada,km COM,GK,Toulouse,23,1991,6,6,540,6,0,0,0,0,0,0,0,0,0,0,0,0,0,Matches,2015-2016
6,Jean-Daniel Akpa-Akpro,ci CIV,"DF,MF",Toulouse,22,1992,33,29,"2,555",28.4,1,4,5,1,0,0,12,0,0.04,0.14,0.18,0.04,0.18,Matches,2015-2016
7,Alexis Alegue,fr FRA,"FW,MF",Nantes,18,1996,3,1,97,1.1,1,0,1,1,0,0,0,0,0.93,0,0.93,0.93,0.93,Matches,2015-2016
8,Romain Alessandrini,fr FRA,"FW,MF",Marseille,26,1989,22,16,"1,246",13.8,5,4,9,5,0,0,1,2,0.36,0.29,0.65,0.36,0.65,Matches,2015-2016
9,Chaker Alhadhur,km COM,"DF,MF",Caen,23,1991,10,8,787,8.7,0,0,0,0,0,0,2,0,0,0,0,0,0,Matches,2015-2016
10,Ibrahim Amadou,fr FRA,"DF,MF",Lille,22,1993,22,18,"1,668",18.5,1,0,1,1,0,0,2,0,0.05,0,0.05,0.05,0.05,Matches,2015-2016
11,Morgan Amalfitano,fr FRA,MF,Lille,30,1985,15,10,957,10.6,2,0,2,2,0,0,2,0,0.19,0,0.19,0.19,0.19,Matches,2015-2016
12,Jean Ambrose,ht HAI,DF,Bordeaux,21,1993,1,0,1,0,0,0,0,0,0,0,0,0,0,0,0,0,0,Matches,2015-2016
13,Benjamin André,fr FRA,"DF,MF",Rennes,24,1990,32,30,"2,632",29.2,0,0,0,0,0,0,3,0,0,0,0,0,0,Matches,2015-2016
14,Yoann Andreu,fr FRA,DF,Angers,26,1989,31,31,"2,722",30.2,0,1,1,0,0,0,7,0,0,0.03,0.03,0,0.03,Matches,2015-2016
15,Benjamin Angoua,ci CIV,DF,Guingamp,28,1986,18,13,"1,242",13.8,1,0,1,1,0,0,4,0,0.07,0,0.07,0.07,0.07,Matches,2015-2016
16,Gaël Angoula,fr FRA,"DF,MF",Angers,33,1982,13,10,"1,013",11.3,0,0,0,0,0,0,3,0,0,0,0,0,0,Matches,2015-2016
17,Dennis Appiah,fr FRA,"DF,MF",Caen,23,1992,38,38,"3,420",38,1,1,2,1,0,0,2,0,0.03,0.03,0.05,0.03,0.05,Matches,2015-2016
18,Mauro Arambarri,uy URU,MF,Bordeaux,19,1995,5,2,154,1.7,0,0,0,0,0,0,1,0,0,0,0,0,0,Matches,2015-2016
19,Alexis Araujo,pt POR,MF,Lille,18,1996,1,0,4,0,0,0,0,0,0,0,0,0,0,0,0,0,0,Matches,2015-2016
20,Sylvain Armand,fr FRA,DF,Rennes,34,1980,34,33,"2,991",33.2,1,1,2,1,0,1,5,0,0.03,0.03,0.06,0.03,0.06,Matches,2015-2016
21,Benoît Assou-Ekotto,cm CMR,DF,Saint-Étienne,31,1984,20,19,"1,704",18.9,0,0,0,0,0,0,1,0,0,0,0,0,0,Matches,2015-2016
22,Johan Audel,mq MTQ,"FW,MF",Nantes,31,1983,29,11,"1,278",14.2,2,3,5,2,0,0,4,0,0.14,0.21,0.35,0.14,0.35,Matches,2015-2016
23,Jean-Kévin Augustin,fr FRA,FW,Paris S-G,18,1997,13,4,423,4.7,1,0,1,1,0,0,1,0,0.21,0,0.21,0.21,0.21,Matches,2015-2016
24,Olivier Auriac,fr FRA,MF,Angers,31,1983,16,3,405,4.5,0,0,0,0,0,0,1,0,0,0,0,0,0,Matches,2015-2016
25,Serge Aurier,ci CIV,"DF,MF",Paris S-G,22,1992,21,21,"1,886",21,2,2,4,2,0,0,8,0,0.1,0.1,0.19,0.1,0.19,Matches,2015-2016
Rk,Player,Nation,Pos,Squad,Age,Born,MP,Starts,Min,90s,Gls,Ast,G+A,G-PK,PK,PKatt,CrdY,CrdR,Gls,Ast,G+A,G-PK,G+A-PK,Matches,2015-2016
26,Thomas Ayasse,fr FRA,MF,Troyes,28,1987,14,12,"1,014",11.3,1,0,1,1,0,0,4,1,0.09,0,0.09,0.09,0.09,Matches,2015-2016
27,Floyd Ayité,tg TOG,"FW,MF",Bastia,26,1988,32,30,"2,626",29.2,8,3,11,7,1,1,2,1,0.27,0.1,0.38,0.24,0.34,Matches,2015-2016
28,Karim Azamoum,fr FRA,MF,Troyes,25,1990,14,9,756,8.4,2,1,3,2,0,0,2,0,0.24,0.12,0.36,0.24,0.36,Matches,2015-2016
29,Ludovic Baal,gf GUF,"DF,MF",Rennes,29,1986,22,18,"1,520",16.9,0,3,3,0,0,0,0,0,0,0.18,0.18,0,0.18,Matches,2015-2016
30,Maxime Baca,fr FRA,DF,Guingamp,32,1983,2,2,180,2,0,0,0,0,0,0,0,0,0,0,0,0,0,Matches,2015-2016
31,Jean-Christophe Bahebeck,fr FRA,"FW,MF",Saint-Étienne,22,1993,16,11,837,9.3,1,0,1,1,0,0,2,0,0.11,0,0.11,0.11,0.11,Matches,2015-2016
32,Farès Bahlouli,fr FRA,MF,Monaco,20,1995,8,2,180,2,1,0,1,1,0,0,1,0,0.5,0,0.5,0.5,0.5,Matches,2015-2016
33,Djamel Bakar,km COM,"FW,MF",Montpellier,26,1989,6,2,203,2.3,0,0,0,0,0,0,0,0,0,0,0,0,0,Matches,2015-2016
34,Tiemoué Bakayoko,fr FRA,MF,Monaco,20,1994,19,14,"1,364",15.2,1,0,1,1,0,0,3,0,0.07,0,0.07,0.07,0.07,Matches,2015-2016
35,Florent Balmont,fr FRA,MF,Lille,35,1980,28,25,"1,922",21.4,0,1,1,0,0,0,5,0,0,0.05,0.05,0,0.05,Matches,2015-2016
36,Jonathan Bamba,ci CIV,"FW,MF",Saint-Étienne,19,1996,5,4,293,3.3,1,0,1,1,0,0,0,0,0.31,0,0.31,0.31,0.31,Matches,2015-2016
37,Yacine Bammou,ma MAR,"FW,MF",Nantes,23,1991,32,17,"1,520",16.9,4,2,6,4,0,0,6,1,0.24,0.12,0.36,0.24,0.36,Matches,2015-2016
38,Lass Bangoura,gn GUI,"FW,MF",Reims,23,1992,10,3,420,4.7,1,1,2,1,0,0,1,0,0.21,0.21,0.43,0.21,0.43,Matches,2015-2016
39,Abdelaziz Barrada,ma MAR,MF,Marseille,26,1989,24,17,"1,443",16,1,6,7,1,0,1,5,2,0.06,0.37,0.44,0.06,0.44,Matches,2015-2016
40,Maxime Barthelmé,fr FRA,"FW,MF",Lorient,26,1988,24,16,"1,261",14,0,5,5,0,0,0,1,0,0,0.36,0.36,0,0.36,Matches,2015-2016
41,Marko Baša,me MNE,DF,Lille,32,1982,15,15,"1,331",14.8,0,0,0,0,0,0,1,0,0,0,0,0,0,Matches,2015-2016
42,Michy Batshuayi,be BEL,FW,Marseille,21,1993,36,32,"2,935",32.6,17,9,26,15,2,2,8,0,0.52,0.28,0.8,0.46,0.74,Matches,2015-2016
43,Éric Bauthéac,fr FRA,"FW,MF",Lille,27,1987,28,25,"2,163",24,2,1,3,2,0,0,7,0,0.08,0.04,0.12,0.08,0.12,Matches,2015-2016
44,Moustapha Bayal Sall,sn SEN,DF,Saint-Étienne,29,1985,28,27,"2,358",26.2,3,0,3,3,0,0,10,1,0.11,0,0.11,0.11,0.11,Matches,2015-2016
45,Paul Baysse,fr FRA,DF,Nice,27,1988,30,29,"2,585",28.7,0,0,0,0,0,0,2,1,0,0,0,0,0,Matches,2015-2016
46,Hervé Bazile,ht HAI,"FW,MF",Caen,25,1990,25,11,"1,078",12,0,3,3,0,0,0,1,0,0,0.25,0.25,0,0.25,Matches,2015-2016
47,Claudio Beauvue,gp GLP,"FW,MF",Lyon,27,1988,19,15,"1,279",14.2,5,2,7,4,1,1,0,0,0.35,0.14,0.49,0.28,0.42,Matches,2015-2016
48,Henri Bedimo,cm CMR,DF,Lyon,31,1984,18,14,"1,226",13.6,0,0,0,0,0,0,0,0,0,0,0,0,0,Matches,2015-2016
49,Alejandro Bedoya,us USA,"FW,MF",Nantes,28,1987,28,22,"2,056",22.8,3,3,6,3,0,0,3,1,0.13,0.13,0.26,0.13,0.26,Matches,2015-2016
50,Julien Bègue,re REU,MF,Guingamp,21,1993,3,0,46,0.5,0,1,1,0,0,0,1,0,0,1.96,1.96,0,1.96,Matches,2015-2016
Rk,Player,Nation,Pos,Squad,Age,Born,MP,Starts,Min,90s,Gls,Ast,G+A,G-PK,PK,PKatt,CrdY,CrdR,Gls,Ast,G+A,G-PK,G+A-PK,Matches,2015-2016
51,François Bellugou,fr FRA,"DF,MF",Lorient,28,1987,33,27,"2,298",25.5,0,1,1,0,0,0,6,1,0,0.04,0.04,0,0.04,Matches,2015-2016
52,Hatem Ben Arfa,fr FRA,"FW,MF",Nice,28,1987,34,33,"2,825",31.4,17,6,23,12,5,5,2,0,0.54,0.19,0.73,0.38,0.57,Matches,2015-2016
53,Chaouki Ben Saada,tn TUN,"FW,MF",Troyes,31,1984,18,8,816,9.1,1,1,2,1,0,0,1,0,0.11,0.11,0.22,0.11,0.22,Matches,2015-2016
54,Wissam Ben Yedder,fr FRA,"FW,MF",Toulouse,24,1990,35,34,"2,882",32,17,5,22,15,2,3,2,0,0.53,0.16,0.69,0.47,0.62,Matches,2015-2016
55,Syam Ben Youssef,tn TUN,DF,Caen,26,1989,18,16,"1,478",16.4,3,1,4,3,0,0,3,1,0.18,0.06,0.24,0.18,0.24,Matches,2015-2016
56,Youssef Benali,ma MAR,"FW,MF",Toulouse,20,1995,1,0,14,0.2,0,0,0,0,0,0,0,0,0,0,0,0,0,Matches,2015-2016
57,Nicolas Benezet,fr FRA,"FW,MF",Guingamp,24,1991,19,14,"1,237",13.7,4,4,8,4,0,0,4,1,0.29,0.29,0.58,0.29,0.58,Matches,2015-2016
58,Saïd Benrahma,dz ALG,"FW,MF",Nice,19,1995,9,0,135,1.5,2,0,2,2,0,0,0,0,1.33,0,1.33,1.33,1.33,Matches,2015-2016
59,Saïd Benrahma,dz ALG,"FW,MF",Angers,19,1995,12,1,304,3.4,1,0,1,1,0,0,0,0,0.3,0,0.3,0.3,0.3,Matches,2015-2016
60,Ramy Bensebaini,dz ALG,"DF,MF",Montpellier,20,1995,22,15,"1,348",15,2,0,2,2,0,0,7,0,0.13,0,0.13,0.13,0.13,Matches,2015-2016
61,Yassine Benzia,dz ALG,"FW,MF",Lille,20,1994,25,17,"1,332",14.8,5,0,5,5,0,0,4,0,0.34,0,0.34,0.34,0.34,Matches,2015-2016
62,Franck Béria,fr FRA,DF,Lille,32,1983,2,1,62,0.7,0,0,0,0,0,0,0,0,0,0,0,0,0,Matches,2015-2016
63,Robert Berić,si SVN,FW,Saint-Étienne,24,1991,10,7,671,7.5,3,0,3,3,0,0,1,0,0.4,0,0.4,0.4,0.4,Matches,2015-2016
64,Kévin Bérigaud,fr FRA,FW,Montpellier,27,1988,19,10,"1,031",11.5,3,1,4,3,0,0,0,0,0.26,0.09,0.35,0.26,0.35,Matches,2015-2016
65,Paul Bernardoni,fr FRA,GK,Bordeaux,18,1997,7,7,630,7,0,0,0,0,0,0,0,0,0,0,0,0,0,Matches,2015-2016
66,Paul Bernardoni,fr FRA,GK,Troyes,18,1997,14,14,"1,260",14,0,0,0,0,0,0,0,0,0,0,0,0,0,Matches,2015-2016
67,Vincent Bessat,fr FRA,"DF,MF",Caen,29,1985,35,32,"2,757",30.6,1,1,2,1,0,0,2,0,0.03,0.03,0.07,0.03,0.07,Matches,2015-2016
68,Henri Bienvenu,cm CMR,FW,Troyes,27,1988,7,1,179,2,0,0,0,0,0,0,0,0,0,0,0,0,0,Matches,2015-2016
69,Thievy Bifouma,cg CGO,"FW,MF",Reims,23,1992,14,10,937,10.4,4,1,5,4,0,0,2,0,0.38,0.1,0.48,0.38,0.48,Matches,2015-2016
70,Milan Biševac,rs SRB,DF,Lyon,31,1983,6,6,456,5.1,0,0,0,0,0,0,1,0,0,0,0,0,0,Matches,2015-2016
71,André Biyogo Poko,ga GAB,MF,Bordeaux,22,1993,25,19,"1,878",20.9,0,1,1,0,0,0,12,2,0,0.05,0.05,0,0.05,Matches,2015-2016
72,Ludovic Blas,fr FRA,"FW,MF",Guingamp,17,1997,14,6,639,7.1,1,2,3,1,0,0,1,0,0.14,0.28,0.42,0.14,0.42,Matches,2015-2016
73,Alexis Blin,fr FRA,MF,Toulouse,18,1996,24,15,"1,410",15.7,0,0,0,0,0,0,5,0,0,0,0,0,0,Matches,2015-2016
74,Yann Bodiger,fr FRA,MF,Toulouse,20,1995,22,12,"1,083",12,1,0,1,1,0,0,8,0,0.08,0,0.08,0.08,0.08,Matches,2015-2016
75,Mathieu Bodmer,fr FRA,"DF,MF",Nice,32,1982,19,16,"1,356",15.1,1,1,2,1,0,0,3,0,0.07,0.07,0.13,0.07,0.13,Matches,2015-2016
Rk,Player,Nation,Pos,Squad,Age,Born,MP,Starts,Min,90s,Gls,Ast,G+A,G-PK,PK,PKatt,CrdY,CrdR,Gls,Ast,G+A,G-PK,G+A-PK,Matches,2015-2016
76,Jeremie Boga,ci CIV,"FW,MF",Rennes,18,1997,27,6,983,10.9,2,0,2,2,0,0,0,0,0.18,0,0.18,0.18,0.18,Matches,2015-2016
77,Olivier Boscagli,fr FRA,DF,Nice,17,1997,11,8,775,8.6,1,0,1,1,0,0,5,1,0.12,0,0.12,0.12,0.12,Matches,2015-2016
78,Gabriel Boschilia,br BRA,"FW,MF",Monaco,19,1996,5,1,149,1.7,0,0,0,0,0,0,0,0,0,0,0,0,0,Matches,2015-2016
79,Denis Bouanga,ga GAB,"FW,MF",Lorient,20,1994,4,3,194,2.2,1,0,1,1,0,0,0,0,0.46,0,0.46,0.46,0.46,Matches,2015-2016
80,Ryad Boudebouz,dz ALG,"FW,MF",Montpellier,25,1990,38,37,"3,242",36,2,11,13,2,0,0,3,0,0.06,0.31,0.36,0.06,0.36,Matches,2015-2016
81,Sofiane Boufal,ma MAR,"FW,MF",Lille,21,1993,29,27,"2,329",25.9,11,4,15,9,2,2,12,2,0.43,0.15,0.58,0.35,0.5,Matches,2015-2016
82,Arnold Bouka Moutou,cg CGO,DF,Angers,26,1988,23,12,"1,251",13.9,2,0,2,2,0,0,2,0,0.14,0,0.14,0.14,0.14,Matches,2015-2016
83,Grégory Bourillon,fr FRA,"DF,MF",Angers,31,1984,8,6,511,5.7,1,0,1,1,0,0,1,0,0.18,0,0.18,0.18,0.18,Matches,2015-2016
84,Khalid Boutaïb,ma MAR,FW,Gazélec Ajaccio,28,1987,31,22,"1,926",21.4,6,1,7,6,0,0,3,0,0.28,0.05,0.33,0.28,0.33,Matches,2015-2016
85,Martin Braithwaite,dk DEN,"FW,MF",Toulouse,24,1991,36,33,"2,931",32.6,11,0,11,9,2,3,1,0,0.34,0,0.34,0.28,0.28,Matches,2015-2016
86,Brandão,br BRA,FW,Bastia,35,1980,27,19,"1,836",20.4,3,1,4,3,0,0,2,1,0.15,0.05,0.2,0.15,0.2,Matches,2015-2016
87,Jérémie Bréchet,fr FRA,"DF,MF",Gazélec Ajaccio,35,1979,23,23,"1,936",21.5,0,0,0,0,0,0,0,0,0,0,0,0,0,Matches,2015-2016
88,Jimmy Briand,fr FRA,"FW,MF",Guingamp,29,1985,35,33,"2,936",32.6,7,7,14,7,0,0,2,0,0.21,0.21,0.43,0.21,0.43,Matches,2015-2016
89,Jonathan Brison,fr FRA,"DF,MF",Saint-Étienne,32,1983,7,4,443,4.9,0,0,0,0,0,0,2,0,0,0,0,0,0,Matches,2015-2016
90,Frédéric Bulot,ga GAB,MF,Reims,24,1990,16,11,"1,020",11.3,1,0,1,1,0,0,1,0,0.09,0,0.09,0.09,0.09,Matches,2015-2016
91,Ludovic Butelle,fr FRA,GK,Angers,32,1983,19,19,"1,710",19,0,0,0,0,0,0,0,0,0,0,0,0,0,Matches,2015-2016
92,Rémy Cabella,fr FRA,"FW,MF",Marseille,25,1990,34,30,"2,556",28.4,5,3,8,5,0,0,9,0,0.18,0.11,0.28,0.18,0.28,Matches,2015-2016
93,Jimmy Cabot,fr FRA,"DF,FW",Troyes,21,1994,15,7,729,8.1,3,1,4,3,0,0,1,0,0.37,0.12,0.49,0.37,0.49,Matches,2015-2016
94,Jimmy Cabot,fr FRA,"DF,FW",Lorient,21,1994,13,8,746,8.3,1,3,4,1,0,0,1,0,0.12,0.36,0.48,0.12,0.48,Matches,2015-2016
95,Dorian Caddy,fr FRA,FW,Nice,20,1995,7,3,238,2.6,0,0,0,0,0,0,0,0,0,0,0,0,0,Matches,2015-2016
96,Yannick Cahuzac,fr FRA,MF,Bastia,30,1985,31,29,"2,547",28.3,2,1,3,2,0,0,15,2,0.07,0.04,0.11,0.07,0.11,Matches,2015-2016
97,Abdoul Camara,gn GUI,"FW,MF",Angers,25,1990,17,17,"1,455",16.2,2,0,2,2,0,0,4,0,0.12,0,0.12,0.12,0.12,Matches,2015-2016
98,Souleymane Camara,sn SEN,FW,Montpellier,32,1982,33,22,"1,989",22.1,7,6,13,7,0,0,1,0,0.32,0.27,0.59,0.32,0.59,Matches,2015-2016
99,Fabien Camus,tn TUN,MF,Troyes,30,1985,35,28,"2,401",26.7,5,1,6,5,0,0,2,2,0.19,0.04,0.22,0.19,0.22,Matches,2015-2016
100,Lorik Cana,al ALB,"DF,MF",Nantes,32,1983,21,20,"1,757",19.5,0,0,0,0,0,0,5,0,0,0,0,0,0,Matches,2015-2016
Rk,Player,Nation,Pos,Squad,Age,Born,MP,Starts,Min,90s,Gls,Ast,G+A,G-PK,PK,PKatt,CrdY,CrdR,Gls,Ast,G+A,G-PK,G+A-PK,Matches,2015-2016
101,Pierrick Capelle,fr FRA,"DF,FW",Angers,28,1987,28,15,"1,258",14,4,0,4,4,0,0,4,1,0.29,0,0.29,0.29,0.29,Matches,2015-2016
102,Yoan Cardinale,fr FRA,GK,Nice,21,1994,26,25,"2,307",25.6,0,0,0,0,0,0,3,0,0,0,0,0,0,Matches,2015-2016
103,Julien Cardy,fr FRA,MF,Guingamp,33,1981,14,4,511,5.7,0,0,0,0,0,0,1,0,0,0,0,0,0,Matches,2015-2016
104,Cédric Carrasso,fr FRA,GK,Bordeaux,33,1981,20,20,"1,714",19,0,0,0,0,0,0,0,0,0,0,0,0,0,Matches,2015-2016
105,Johann Carrasso,fr FRA,GK,Reims,27,1988,10,10,900,10,0,0,0,0,0,0,2,0,0,0,0,0,0,Matches,2015-2016
106,Guido Carrillo,ar ARG,FW,Monaco,24,1991,31,15,"1,602",17.8,4,2,6,4,0,0,3,0,0.22,0.11,0.34,0.22,0.34,Matches,2015-2016
107,Ricardo Carvalho,pt POR,DF,Monaco,37,1978,33,33,"2,898",32.2,2,0,2,2,0,0,8,0,0.06,0,0.06,0.06,0.06,Matches,2015-2016
108,Ivan Cavaleiro,pt POR,"FW,MF",Monaco,21,1993,12,6,511,5.7,1,0,1,1,0,0,1,0,0.18,0,0.18,0.18,0.18,Matches,2015-2016
109,Edinson Cavani,uy URU,"FW,MF",Paris S-G,28,1987,32,24,"2,309",25.7,19,5,24,19,0,1,3,0,0.74,0.19,0.94,0.74,0.94,Matches,2015-2016
110,Ilyes Chaïbi,dz ALG,FW,Monaco,18,1996,1,0,11,0.1,0,0,0,0,0,0,0,0,0,0,0,0,0,Matches,2015-2016
111,Florent Chaigneau,fr FRA,GK,Lorient,31,1984,2,1,178,2,0,0,0,0,0,0,0,0,0,0,0,0,0,Matches,2015-2016
112,Clément Chantôme,fr FRA,MF,Bordeaux,27,1987,26,25,"2,178",24.2,1,0,1,1,0,0,9,0,0.04,0,0.04,0.04,0.04,Matches,2015-2016
113,Gaëtan Charbonnier,fr FRA,"FW,MF",Reims,26,1988,22,16,"1,261",14,4,1,5,4,0,0,3,0,0.29,0.07,0.36,0.29,0.36,Matches,2015-2016
114,Amine Chermiti,tn TUN,FW,Gazélec Ajaccio,27,1987,9,4,278,3.1,0,0,0,0,0,0,0,0,0,0,0,0,0,Matches,2015-2016
115,Gilles Cioni,fr FRA,DF,Bastia,31,1984,20,17,"1,587",17.6,0,0,0,0,0,0,2,1,0,0,0,0,0,Matches,2015-2016
116,Renato Civelli,ar ARG,DF,Lille,31,1983,32,32,"2,762",30.7,0,0,0,0,0,0,6,2,0,0,0,0,0,Matches,2015-2016
117,Jérémy Clément,fr FRA,MF,Saint-Étienne,30,1984,27,25,"2,221",24.7,0,1,1,0,0,0,6,0,0,0.04,0.04,0,0.04,Matches,2015-2016
118,François Clerc,fr FRA,DF,Saint-Étienne,32,1983,10,10,871,9.7,0,1,1,0,0,0,0,0,0,0.1,0.1,0,0.1,Matches,2015-2016
119,Marcus Coco,fr FRA,"DF,FW",Guingamp,19,1996,30,20,"1,726",19.2,1,2,3,1,0,0,6,0,0.05,0.1,0.16,0.05,0.16,Matches,2015-2016
120,Alexandre Coeff,fr FRA,"DF,MF",Gazélec Ajaccio,23,1992,24,22,"1,997",22.2,0,2,2,0,0,0,5,0,0,0.09,0.09,0,0.09,Matches,2015-2016
121,Fábio Coentrão,pt POR,DF,Monaco,27,1988,15,13,"1,081",12,3,2,5,3,0,0,4,0,0.25,0.17,0.42,0.25,0.42,Matches,2015-2016
122,Renaud Cohade,fr FRA,MF,Saint-Étienne,30,1984,19,14,"1,143",12.7,0,2,2,0,0,0,3,0,0,0.16,0.16,0,0.16,Matches,2015-2016
123,Alois Confais,fr FRA,"DF,MF",Troyes,18,1996,15,13,"1,208",13.4,0,1,1,0,0,0,3,0,0,0.07,0.07,0,0.07,Matches,2015-2016
124,Daniel Congré,fr FRA,DF,Montpellier,30,1985,35,35,"3,128",34.8,2,0,2,2,0,0,2,1,0.06,0,0.06,0.06,0.06,Matches,2015-2016
125,Antoine Conte,gn GUI,DF,Reims,21,1994,11,11,918,10.2,0,0,0,0,0,0,4,0,0,0,0,0,0,Matches,2015-2016
Rk,Player,Nation,Pos,Squad,Age,Born,MP,Starts,Min,90s,Gls,Ast,G+A,G-PK,PK,PKatt,CrdY,CrdR,Gls,Ast,G+A,G-PK,G+A-PK,Matches,2015-2016
126,Diego Contento,de GER,DF,Bordeaux,25,1990,25,24,"2,113",23.5,2,0,2,2,0,0,4,0,0.09,0,0.09,0.09,0.09,Matches,2015-2016
127,Sébastien Corchia,fr FRA,"DF,MF",Lille,24,1990,33,30,"2,630",29.2,2,2,4,2,0,0,6,0,0.07,0.07,0.14,0.07,0.14,Matches,2015-2016
128,Benjamin Corgnet,fr FRA,MF,Saint-Étienne,28,1987,16,5,551,6.1,1,1,2,1,0,0,0,0,0.16,0.16,0.33,0.16,0.33,Matches,2015-2016
129,Maxwel Cornet,ci CIV,"DF,FW",Lyon,18,1996,31,16,"1,512",16.8,8,1,9,8,0,0,3,1,0.48,0.06,0.54,0.48,0.54,Matches,2015-2016
130,Quentin Cornette,fr FRA,"FW,MF",Montpellier,21,1994,5,1,150,1.7,0,0,0,0,0,0,1,0,0,0,0,0,0,Matches,2015-2016
131,Jonathan Correia,fr FRA,DF,Nice,21,1994,4,2,235,2.6,0,0,0,0,0,0,1,0,0,0,0,0,0,Matches,2015-2016
132,Hélder Costa,ao ANG,"FW,MF",Monaco,21,1994,25,15,"1,290",14.3,3,2,5,3,0,0,4,0,0.21,0.14,0.35,0.21,0.35,Matches,2015-2016
133,Benoît Costil,fr FRA,GK,Rennes,28,1987,31,31,"2,790",31,0,0,0,0,0,0,0,0,0,0,0,0,0,Matches,2015-2016
134,Lassana Coulibaly,ml MLI,"FW,MF",Bastia,19,1996,15,7,704,7.8,1,0,1,1,0,0,1,0,0.13,0,0.13,0.13,0.13,Matches,2015-2016
135,Yoann Court,fr FRA,"FW,MF",Troyes,25,1990,25,11,958,10.6,0,0,0,0,0,0,5,0,0,0,0,0,0,Matches,2015-2016
136,Enzo Crivelli,fr FRA,FW,Bordeaux,20,1995,29,15,"1,531",17,3,4,7,3,0,0,8,1,0.18,0.24,0.41,0.18,0.41,Matches,2015-2016
137,Damien Da Silva,fr FRA,"DF,MF",Caen,27,1988,28,28,"2,481",27.6,2,0,2,2,0,0,4,1,0.07,0,0.07,0.07,0.07,Matches,2015-2016
138,Bryan Dabo,bf BFA,MF,Montpellier,23,1992,36,32,"2,851",31.7,5,1,6,5,0,0,7,0,0.16,0.03,0.19,0.16,0.19,Matches,2015-2016
139,Mouhamadou Dabo,fr FRA,DF,Troyes,28,1986,17,14,"1,061",11.8,0,0,0,0,0,0,3,1,0,0,0,0,0,Matches,2015-2016
140,Gaël Danic,fr FRA,MF,Bastia,33,1981,37,32,"2,696",30,5,4,9,4,1,1,7,0,0.17,0.13,0.3,0.13,0.27,Matches,2015-2016
141,Romain Danzé,fr FRA,"DF,MF",Rennes,29,1986,21,19,"1,612",17.9,0,3,3,0,0,0,3,0,0,0.17,0.17,0,0.17,Matches,2015-2016
142,Stéphane Darbion,fr FRA,MF,Troyes,31,1984,26,18,"1,654",18.4,1,2,3,1,0,0,4,1,0.05,0.11,0.16,0.05,0.16,Matches,2015-2016
143,Sergi Darder,es ESP,MF,Lyon,21,1993,26,18,"1,477",16.4,2,1,3,2,0,0,1,0,0.12,0.06,0.18,0.12,0.18,Matches,2015-2016
144,Paolo De Ceglie,it ITA,DF,Marseille,28,1986,7,3,305,3.4,0,0,0,0,0,0,1,0,0,0,0,0,0,Matches,2015-2016
145,Nill De Pauw,cd COD,"FW,MF",Guingamp,25,1990,13,3,365,4.1,0,0,0,0,0,0,2,0,0,0,0,0,0,Matches,2015-2016
146,Lucas Deaux,fr FRA,MF,Nantes,26,1988,16,13,"1,184",13.2,0,0,0,0,0,0,3,0,0,0,0,0,0,Matches,2015-2016
147,Mathieu Debuchy,fr FRA,DF,Bordeaux,30,1985,9,9,780,8.7,0,0,0,0,0,0,1,0,0,0,0,0,0,Matches,2015-2016
148,Romain Del Castillo,fr FRA,"FW,MF",Lyon,19,1996,2,0,37,0.4,0,0,0,0,0,0,0,0,0,0,0,0,0,Matches,2015-2016
149,Jonathan Delaplace,fr FRA,"DF,MF",Caen,29,1986,22,21,"1,560",17.3,0,2,2,0,0,0,2,0,0,0.12,0.12,0,0.12,Matches,2015-2016
150,Andy Delort,dz ALG,FW,Caen,23,1991,36,34,"3,137",34.9,12,2,14,8,4,5,5,0,0.34,0.06,0.4,0.23,0.29,Matches,2015-2016
Rk,Player,Nation,Pos,Squad,Age,Born,MP,Starts,Min,90s,Gls,Ast,G+A,G-PK,PK,PKatt,CrdY,CrdR,Gls,Ast,G+A,G-PK,G+A-PK,Matches,2015-2016
151,Mana Dembélé,ml MLI,FW,Guingamp,26,1988,13,4,432,4.8,0,0,0,0,0,0,2,0,0,0,0,0,0,Matches,2015-2016
152,Ousmane Dembélé,fr FRA,"FW,MF",Rennes,18,1997,26,22,"1,900",21.1,12,5,17,11,1,1,1,0,0.57,0.24,0.81,0.52,0.76,Matches,2015-2016
153,Mathieu Deplagne,fr FRA,DF,Montpellier,23,1991,25,21,"1,798",20,0,0,0,0,0,0,6,0,0,0,0,0,0,Matches,2015-2016
154,Gregory van der Wiel,nl NED,DF,Paris S-G,27,1988,17,16,"1,378",15.3,2,3,5,2,0,0,2,0,0.13,0.2,0.33,0.13,0.33,Matches,2015-2016
155,Antoine Devaux,fr FRA,"DF,MF",Reims,30,1985,33,33,"2,810",31.2,1,1,2,1,0,0,10,3,0.03,0.03,0.06,0.03,0.06,Matches,2015-2016
156,Jean Deza,pe PER,"FW,MF",Montpellier,22,1993,7,2,193,2.1,0,0,0,0,0,0,0,0,0,0,0,0,0,Matches,2015-2016
157,Ángel Di María,ar ARG,"FW,MF",Paris S-G,27,1988,29,26,"2,122",23.6,10,18,28,10,0,0,0,0,0.42,0.76,1.19,0.42,1.19,Matches,2015-2016
158,Issiar Dia,sn SEN,"FW,MF",Gazélec Ajaccio,28,1987,11,5,358,4,0,0,0,0,0,0,0,0,0,0,0,0,0,Matches,2015-2016
159,Cheick Diabaté,ml MLI,FW,Bordeaux,27,1988,22,17,"1,440",16,10,4,14,9,1,1,0,1,0.62,0.25,0.87,0.56,0.81,Matches,2015-2016
160,Abou Diaby,fr FRA,MF,Marseille,29,1986,3,2,134,1.5,0,0,0,0,0,0,0,0,0,0,0,0,0,Matches,2015-2016
161,Fallou Diagne,sn SEN,DF,Rennes,25,1989,22,21,"1,858",20.6,5,0,5,3,2,2,7,0,0.24,0,0.24,0.15,0.15,Matches,2015-2016
162,Abdoulaye Diallo,sn SEN,GK,Rennes,23,1992,7,7,630,7,0,0,0,0,0,0,0,0,0,0,0,0,0,Matches,2015-2016
163,Mustapha Diallo,sn SEN,"FW,MF",Guingamp,29,1986,30,21,"1,913",21.3,1,2,3,1,0,0,12,0,0.05,0.09,0.14,0.05,0.14,Matches,2015-2016
164,Sadio Diallo,gn GUI,"FW,MF",Bastia,24,1990,15,9,711,7.9,2,2,4,2,0,0,2,0,0.25,0.25,0.51,0.25,0.51,Matches,2015-2016
165,Lassana Diarra,fr FRA,MF,Marseille,30,1985,26,25,"2,084",23.2,1,1,2,1,0,0,4,0,0.04,0.04,0.09,0.04,0.09,Matches,2015-2016
166,Étienne Didot,fr FRA,MF,Toulouse,32,1983,23,21,"1,642",18.2,0,2,2,0,0,0,1,0,0,0.11,0.11,0,0.11,Matches,2015-2016
167,Diego,br BRA,"DF,MF",Reims,27,1988,23,15,"1,448",16.1,3,3,6,2,1,1,4,0,0.19,0.19,0.37,0.12,0.31,Matches,2015-2016
168,Charles Diers,fr FRA,MF,Angers,34,1981,15,5,488,5.4,1,0,1,1,0,0,0,0,0.18,0,0.18,0.18,0.18,Matches,2015-2016
169,Ismaël Diomandé,ci CIV,MF,Caen,22,1992,6,5,406,4.5,0,0,0,0,0,0,1,0,0,0,0,0,0,Matches,2015-2016
170,Ismaël Diomandé,ci CIV,MF,Saint-Étienne,22,1992,7,3,305,3.4,0,0,0,0,0,0,1,0,0,0,0,0,0,Matches,2015-2016
171,Issa Diop,fr FRA,DF,Toulouse,18,1997,21,21,"1,890",21,1,0,1,1,0,0,6,2,0.05,0,0.05,0.05,0.05,Matches,2015-2016
172,Nabil Dirar,ma MAR,"DF,MF",Monaco,29,1986,20,20,"1,548",17.2,2,9,11,2,0,0,2,1,0.12,0.52,0.64,0.12,0.64,Matches,2015-2016
173,Brice Dja Djédjé,ci CIV,"DF,MF",Marseille,24,1990,19,17,"1,476",16.4,0,0,0,0,0,0,2,0,0,0,0,0,0,Matches,2015-2016
174,Koffi Djidji,ci CIV,DF,Nantes,22,1992,22,20,"1,794",19.9,0,0,0,0,0,0,4,0,0,0,0,0,0,Matches,2015-2016
175,Alexander Djiku,gh GHA,"DF,MF",Bastia,20,1994,20,19,"1,510",16.8,0,0,0,0,0,0,6,1,0,0,0,0,0,Matches,2015-2016
Rk,Player,Nation,Pos,Squad,Age,Born,MP,Starts,Min,90s,Gls,Ast,G+A,G-PK,PK,PKatt,CrdY,CrdR,Gls,Ast,G+A,G-PK,G+A-PK,Matches,2015-2016
176,Férébory Doré,cg CGO,FW,Angers,26,1989,9,7,619,6.9,0,0,0,0,0,0,2,0,0,0,0,0,0,Matches,2015-2016
177,Laurent Dos Santos,fr FRA,"DF,MF",Guingamp,21,1993,9,6,601,6.7,0,0,0,0,0,0,1,0,0,0,0,0,0,Matches,2015-2016
178,Nicolas Douchez,fr FRA,GK,Paris S-G,35,1980,1,1,90,1,0,0,0,0,0,0,0,0,0,0,0,0,0,Matches,2015-2016
179,Abdoulaye Doucouré,ml MLI,"FW,MF",Rennes,22,1993,16,11,947,10.5,2,2,4,2,0,0,1,0,0.19,0.19,0.38,0.19,0.38,Matches,2015-2016
180,Tongo Doumbia,ml MLI,MF,Toulouse,25,1989,25,22,"1,888",21,1,1,2,1,0,0,7,1,0.05,0.05,0.1,0.05,0.1,Matches,2015-2016
181,Matthieu Dreyer,fr FRA,GK,Troyes,26,1989,15,15,"1,350",15,0,0,0,0,0,0,0,0,0,0,0,0,0,Matches,2015-2016
182,Leo Dubois,fr FRA,"DF,MF",Nantes,20,1994,24,22,"1,982",22,0,0,0,0,0,0,3,0,0,0,0,0,0,Matches,2015-2016
183,David Ducourtioux,fr FRA,"DF,MF",Gazélec Ajaccio,37,1978,33,29,"2,654",29.5,0,3,3,0,0,0,12,0,0,0.1,0.1,0,0.1,Matches,2015-2016
184,Maxime Dupé,fr FRA,GK,Nantes,22,1993,7,7,630,7,0,0,0,0,0,0,0,0,0,0,0,0,0,Matches,2015-2016
185,Elderson Echiéjilé,ng NGA,DF,Monaco,27,1988,20,18,"1,569",17.4,0,1,1,0,0,0,4,1,0,0.06,0.06,0,0.06,Matches,2015-2016
186,Éder,pt POR,FW,Lille,27,1987,13,12,"1,071",11.9,6,4,10,5,1,1,1,0,0.5,0.34,0.84,0.42,0.76,Matches,2015-2016
187,Vincent Enyeama,ng NGA,GK,Lille,32,1982,35,35,"3,129",34.8,0,0,0,0,0,0,3,1,0,0,0,0,0,Matches,2015-2016
188,Kermit Erasmus,za RSA,"FW,MF",Rennes,25,1990,2,0,35,0.4,0,0,0,0,0,0,0,0,0,0,0,0,0,Matches,2015-2016
189,Mevlüt Erdinç,tr TUR,FW,Guingamp,28,1987,15,11,869,9.7,4,0,4,4,0,0,0,0,0.41,0,0.41,0.41,0.41,Matches,2015-2016
190,Valentin Eysseric,fr FRA,"FW,MF",Nice,23,1992,1,0,19,0.2,0,0,0,0,0,0,0,0,0,0,0,0,0,Matches,2015-2016
191,Valentin Eysseric,fr FRA,"FW,MF",Saint-Étienne,23,1992,29,19,"1,727",19.2,6,4,10,4,2,2,6,0,0.31,0.21,0.52,0.21,0.42,Matches,2015-2016
192,Fabinho,br BRA,"DF,MF",Monaco,21,1993,34,34,"3,060",34,6,4,10,0,6,6,9,0,0.18,0.12,0.29,0,0.12,Matches,2015-2016
193,Nabil Fekir,fr FRA,"FW,MF",Lyon,22,1993,9,5,464,5.2,4,1,5,4,0,0,1,0,0.78,0.19,0.97,0.78,0.97,Matches,2015-2016
194,Julien Féret,fr FRA,MF,Caen,33,1982,38,37,"3,271",36.3,4,7,11,3,1,1,1,0,0.11,0.19,0.3,0.08,0.28,Matches,2015-2016
195,Gelson Fernandes,ch SUI,MF,Rennes,28,1986,33,33,"2,901",32.2,1,1,2,1,0,0,8,0,0.03,0.03,0.06,0.03,0.06,Matches,2015-2016
196,Jordan Ferri,fr FRA,MF,Lyon,23,1992,34,26,"2,444",27.2,2,5,7,2,0,0,8,0,0.07,0.18,0.26,0.07,0.26,Matches,2015-2016
197,Rodéric Filippi,fr FRA,DF,Gazélec Ajaccio,26,1989,26,21,"1,924",21.4,2,1,3,2,0,0,12,2,0.09,0.05,0.14,0.09,0.14,Matches,2015-2016
198,Steven Fletcher,sct SCO,FW,Marseille,28,1987,12,9,753,8.4,2,2,4,2,0,1,1,0,0.24,0.24,0.48,0.24,0.48,Matches,2015-2016
199,Mohamed Fofana,ml MLI,DF,Reims,30,1985,13,12,981,10.9,0,2,2,0,0,0,2,0,0,0.18,0.18,0,0.18,Matches,2015-2016
200,Moryké Fofana,ci CIV,"FW,MF",Lorient,23,1991,6,0,120,1.3,0,0,0,0,0,0,1,0,0,0,0,0,0,Matches,2015-2016
Rk,Player,Nation,Pos,Squad,Age,Born,MP,Starts,Min,90s,Gls,Ast,G+A,G-PK,PK,PKatt,CrdY,CrdR,Gls,Ast,G+A,G-PK,G+A-PK,Matches,2015-2016
201,Seko Fofana,ci CIV,MF,Bastia,20,1995,32,25,"2,303",25.6,1,2,3,1,0,0,3,1,0.04,0.08,0.12,0.04,0.12,Matches,2015-2016
202,Odaïr Fortes,cv CPV,"FW,MF",Reims,28,1987,16,4,481,5.3,0,0,0,0,0,0,0,0,0,0,0,0,0,Matches,2015-2016
203,Milan Gajić,rs SRB,"DF,MF",Bordeaux,19,1996,9,7,587,6.5,1,0,1,1,0,0,0,0,0.15,0,0.15,0.15,0.15,Matches,2015-2016
204,Marvin Gakpa,fr FRA,"FW,MF",Lorient,21,1993,3,0,44,0.5,0,0,0,0,0,0,0,0,0,0,0,0,0,Matches,2015-2016
205,Lamine Gassama,sn SEN,DF,Lorient,25,1989,31,31,"2,706",30.1,0,1,1,0,0,0,6,2,0,0.03,0.03,0,0.03,Matches,2015-2016
206,Romain Genevois,ht HAI,DF,Nice,27,1987,14,10,"1,008",11.2,1,0,1,1,0,0,4,0,0.09,0,0.09,0.09,0.09,Matches,2015-2016
207,Valère Germain,fr FRA,"FW,MF",Nice,25,1990,38,36,"3,105",34.5,14,6,20,14,0,0,3,0,0.41,0.17,0.58,0.41,0.58,Matches,2015-2016
208,Rachid Ghezzal,dz ALG,"FW,MF",Lyon,23,1992,29,16,"1,593",17.7,8,8,16,8,0,0,5,0,0.45,0.45,0.9,0.45,0.9,Matches,2015-2016
209,Guillaume Gillet,be BEL,"DF,MF",Nantes,31,1984,19,19,"1,710",19,1,0,1,1,0,0,5,0,0.05,0,0.05,0.05,0.05,Matches,2015-2016
210,Thibault Giresse,fr FRA,MF,Guingamp,34,1981,25,20,"1,702",18.9,4,4,8,2,2,2,2,1,0.21,0.21,0.42,0.11,0.32,Matches,2015-2016
211,Joris Gnagnon,fr FRA,DF,Rennes,18,1997,7,2,258,2.9,0,0,0,0,0,0,1,0,0,0,0,0,0,Matches,2015-2016
212,Jules Goda,cm CMR,GK,Gazélec Ajaccio,26,1989,3,3,220,2.4,0,0,0,0,0,0,0,0,0,0,0,0,0,Matches,2015-2016
213,Mauro Goicoechea,uy URU,GK,Toulouse,27,1988,9,8,736,8.2,0,0,0,0,0,0,1,0,0,0,0,0,0,Matches,2015-2016
214,Diego Gómez,ar ARG,"FW,MF",Angers,31,1984,1,0,26,0.3,0,0,0,0,0,0,0,0,0,0,0,0,0,Matches,2015-2016
215,Kévin Gomis,gw GNB,DF,Nice,26,1989,3,1,176,2,0,0,0,0,0,0,0,0,0,0,0,0,0,Matches,2015-2016
216,Rémi Gomis,sn SEN,MF,Nantes,31,1984,17,13,"1,191",13.2,0,0,0,0,0,0,2,0,0,0,0,0,0,Matches,2015-2016
217,Maxime Gonalons,fr FRA,MF,Lyon,26,1989,33,33,"2,890",32.1,0,0,0,0,0,0,7,0,0,0,0,0,0,Matches,2015-2016
218,Mathieu Gorgelin,fr FRA,GK,Lyon,24,1990,1,1,90,1,0,0,0,0,0,0,0,0,0,0,0,0,0,Matches,2015-2016
219,Yoann Gourcuff,fr FRA,MF,Rennes,29,1986,12,8,620,6.9,2,0,2,2,0,0,0,0,0.29,0,0.29,0.29,0.29,Matches,2015-2016
220,Samuel Grandsir,fr FRA,"FW,MF",Troyes,18,1996,1,0,15,0.2,0,0,0,0,0,0,0,0,0,0,0,0,0,Matches,2015-2016
221,Clément Grenier,fr FRA,MF,Lyon,24,1991,18,10,"1,014",11.3,2,3,5,2,0,0,4,1,0.18,0.27,0.44,0.18,0.44,Matches,2015-2016
222,Kamil Grosicki,pl POL,"FW,MF",Rennes,27,1988,33,14,"1,536",17.1,9,3,12,9,0,0,2,0,0.53,0.18,0.7,0.53,0.7,Matches,2015-2016
223,Paul-André Guérin,fr FRA,GK,Gazélec Ajaccio,17,1997,2,1,140,1.6,0,0,0,0,0,0,0,0,0,0,0,0,0,Matches,2015-2016
224,Raphaël Guerreiro,pt POR,"DF,MF",Lorient,21,1993,34,27,"2,506",27.8,3,2,5,3,0,0,3,0,0.11,0.07,0.18,0.11,0.18,Matches,2015-2016
225,Babacar Guèye,sn SEN,FW,Troyes,20,1994,11,6,603,6.7,1,2,3,1,0,0,0,0,0.15,0.3,0.45,0.15,0.45,Matches,2015-2016
Rk,Player,Nation,Pos,Squad,Age,Born,MP,Starts,Min,90s,Gls,Ast,G+A,G-PK,PK,PKatt,CrdY,CrdR,Gls,Ast,G+A,G-PK,G+A-PK,Matches,2015-2016
226,Frederic Guilbert,fr FRA,"DF,MF",Bordeaux,20,1994,30,29,"2,507",27.9,0,0,0,0,0,0,4,0,0,0,0,0,0,Matches,2015-2016
227,Baptiste Guillaume,be BEL,FW,Lille,20,1995,10,5,542,6,0,0,0,0,0,0,1,0,0,0,0,0,0,Matches,2015-2016
228,Serhou Guirassy,gn GUI,FW,Lille,19,1996,8,3,304,3.4,0,0,0,0,0,0,2,0,0,0,0,0,0,Matches,2015-2016
229,Habib Habibou,cf CTA,FW,Rennes,28,1987,1,0,8,0.1,0,0,0,0,0,0,0,0,0,0,0,0,0,Matches,2015-2016
230,Romain Hamouma,fr FRA,"FW,MF",Saint-Étienne,28,1987,24,17,"1,597",17.7,3,3,6,3,0,0,4,0,0.17,0.17,0.34,0.17,0.34,Matches,2015-2016
231,Jesper Hansen,dk DEN,GK,Bastia,30,1985,4,3,311,3.5,0,0,0,0,0,0,0,0,0,0,0,0,0,Matches,2015-2016
232,Ilias Hassani,dz ALG,DF,Bordeaux,19,1995,1,0,16,0.2,0,0,0,0,0,0,0,0,0,0,0,0,0,Matches,2015-2016
233,Mouez Hassen,tn TUN,GK,Nice,20,1995,14,12,"1,077",12,0,0,0,0,0,0,0,1,0,0,0,0,0,Matches,2015-2016
234,Pedro Henrique,br BRA,"FW,MF",Rennes,25,1990,23,15,"1,209",13.4,3,1,4,3,0,1,9,0,0.22,0.07,0.3,0.22,0.3,Matches,2015-2016
235,Thomas Henry,fr FRA,FW,Nantes,20,1994,2,0,29,0.3,0,0,0,0,0,0,1,0,0,0,0,0,0,Matches,2015-2016
236,Franck Héry,fr FRA,DF,Guingamp,22,1993,3,3,270,3,0,0,0,0,0,0,1,0,0,0,0,0,0,Matches,2015-2016
237,Vitorino Hilton,br BRA,DF,Montpellier,37,1977,36,36,"3,177",35.3,1,1,2,1,0,0,3,1,0.03,0.03,0.06,0.03,0.06,Matches,2015-2016
238,Franck Honorat,fr FRA,"FW,MF",Nice,18,1996,6,0,118,1.3,0,0,0,0,0,0,1,0,0,0,0,0,0,Matches,2015-2016
239,Lyes Houri,fr FRA,MF,Bastia,19,1996,1,0,17,0.2,0,0,0,0,0,0,0,0,0,0,0,0,0,Matches,2015-2016
240,Niklas Hult,se SWE,"DF,MF",Nice,25,1990,15,9,804,8.9,1,0,1,1,0,0,2,1,0.11,0,0.11,0.11,0.11,Matches,2015-2016
241,Deniz Hummet,tr TUR,FW,Troyes,18,1996,6,2,157,1.7,0,0,0,0,0,0,0,0,0,0,0,0,0,Matches,2015-2016
242,Didier Ibrahim Ndong,ga GAB,"DF,MF",Lorient,21,1994,34,34,"3,055",33.9,2,1,3,2,0,0,11,0,0.06,0.03,0.09,0.06,0.09,Matches,2015-2016
243,Zlatan Ibrahimović,se SWE,FW,Paris S-G,33,1981,31,29,"2,549",28.3,38,13,51,33,5,6,1,0,1.34,0.46,1.8,1.17,1.62,Matches,2015-2016
244,Jules Iloki,fr FRA,MF,Nantes,23,1992,21,10,"1,015",11.3,1,1,2,1,0,0,2,0,0.09,0.09,0.18,0.09,0.18,Matches,2015-2016
245,Emmanuel Imorou,bj BEN,DF,Caen,26,1988,15,15,"1,200",13.3,1,1,2,1,0,0,1,1,0.07,0.07,0.15,0.07,0.15,Matches,2015-2016
246,Mauricio Isla,cl CHI,"DF,MF",Marseille,27,1988,23,20,"1,802",20,2,1,3,2,0,0,1,0,0.1,0.05,0.15,0.1,0.15,Matches,2015-2016
247,Lars Jacobsen,dk DEN,DF,Guingamp,35,1979,32,31,"2,751",30.6,0,1,1,0,0,0,3,0,0,0.03,0.03,0,0.03,Matches,2015-2016
248,Christophe Jallet,fr FRA,DF,Lyon,31,1983,23,20,"1,760",19.6,1,5,6,1,0,0,4,1,0.05,0.26,0.31,0.05,0.31,Matches,2015-2016
249,Nicolas Janvier,fr FRA,MF,Rennes,16,1998,3,0,29,0.3,0,0,0,0,0,0,0,0,0,0,0,0,0,Matches,2015-2016
250,Corentin Jean,fr FRA,"FW,MF",Troyes,20,1995,34,30,"2,622",29.1,4,1,5,4,0,0,4,1,0.14,0.03,0.17,0.14,0.17,Matches,2015-2016
Rk,Player,Nation,Pos,Squad,Age,Born,MP,Starts,Min,90s,Gls,Ast,G+A,G-PK,PK,PKatt,CrdY,CrdR,Gls,Ast,G+A,G-PK,G+A-PK,Matches,2015-2016
251,Benjamin Jeannot,fr FRA,FW,Lorient,23,1992,29,19,"1,781",19.8,7,1,8,7,0,0,4,0,0.35,0.05,0.4,0.35,0.4,Matches,2015-2016
252,Yassine Jebbour,ma MAR,"DF,MF",Bastia,23,1991,4,2,180,2,0,0,0,0,0,0,0,0,0,0,0,0,0,Matches,2015-2016
253,Jemerson,br BRA,DF,Monaco,22,1992,4,3,289,3.2,0,0,0,0,0,0,2,0,0,0,0,0,0,Matches,2015-2016
254,Yann Jouffre,fr FRA,MF,Lorient,31,1984,27,21,"1,775",19.7,2,5,7,2,0,0,3,0,0.1,0.25,0.35,0.1,0.35,Matches,2015-2016
255,Geoffrey Jourdren,fr FRA,GK,Montpellier,29,1986,7,7,630,7,0,0,0,0,0,0,2,0,0,0,0,0,0,Matches,2015-2016
256,Jussiê,br BRA,"FW,MF",Bordeaux,31,1983,14,5,454,5,0,0,0,0,0,0,0,0,0,0,0,0,0,Matches,2015-2016
257,Aldo Kalulu,cd COD,"FW,MF",Lyon,19,1996,10,1,198,2.2,2,0,2,2,0,0,0,0,0.91,0,0.91,0.91,0.91,Matches,2015-2016
258,François Kamano,gn GUI,"FW,MF",Bastia,19,1996,23,17,"1,410",15.7,3,0,3,3,0,0,2,2,0.19,0,0.19,0.19,0.19,Matches,2015-2016
259,Hassane Kamara,ci CIV,"DF,MF",Reims,21,1994,2,0,32,0.4,0,0,0,0,0,0,0,0,0,0,0,0,0,Matches,2015-2016
260,Jean-Armel Kana-Biyik,cm CMR,DF,Toulouse,26,1989,18,17,"1,462",16.2,2,0,2,2,0,0,0,1,0.12,0,0.12,0.12,0.12,Matches,2015-2016
261,Jaba Kankava,ge GEO,MF,Reims,29,1986,27,27,"2,335",25.9,0,1,1,0,0,0,13,1,0,0.04,0.04,0,0.04,Matches,2015-2016
262,Abdelhamid El Kaoutari,ma MAR,DF,Reims,25,1990,8,7,645,7.2,0,0,0,0,0,0,0,0,0,0,0,0,0,Matches,2015-2016
263,Lossémy Karaboué,ci CIV,MF,Troyes,27,1988,32,24,"2,352",26.1,0,2,2,0,0,0,3,1,0,0.08,0.08,0,0.08,Matches,2015-2016
264,Hamadou Karamoko,ci CIV,DF,Lorient,19,1995,3,3,270,3,0,0,0,0,0,0,0,0,0,0,0,0,0,Matches,2015-2016
265,Goran Karanović,ch SUI,FW,Angers,27,1987,12,2,309,3.4,1,1,2,1,0,0,0,0,0.29,0.29,0.58,0.29,0.58,Matches,2015-2016
266,Abdoulaye Keita,ml MLI,MF,Bastia,21,1994,4,0,36,0.4,0,0,0,0,0,0,0,0,0,0,0,0,0,Matches,2015-2016
267,Olivier Kemen,cm CMR,MF,Lyon,19,1996,2,1,106,1.2,0,0,0,0,0,0,0,0,0,0,0,0,0,Matches,2015-2016
268,Christophe Kerbrat,fr FRA,"DF,MF",Guingamp,28,1986,29,29,"2,589",28.8,0,0,0,0,0,0,7,0,0,0,0,0,0,Matches,2015-2016
269,Billy Ketkeophomphone,la LAO,"FW,MF",Angers,25,1990,35,31,"2,686",29.8,5,7,12,4,1,1,4,0,0.17,0.23,0.4,0.13,0.37,Matches,2015-2016
270,Wahbi Khazri,tn TUN,"FW,MF",Bordeaux,24,1991,20,20,"1,579",17.5,5,7,12,5,0,1,7,0,0.28,0.4,0.68,0.28,0.68,Matches,2015-2016
271,Isaac Kiese Thelin,se SWE,FW,Bordeaux,23,1992,7,3,303,3.4,0,0,0,0,0,0,0,0,0,0,0,0,0,Matches,2015-2016
272,Presnel Kimpembe,fr FRA,DF,Paris S-G,19,1995,6,5,426,4.7,0,0,0,0,0,0,1,0,0,0,0,0,0,Matches,2015-2016
273,Erwin Koffi,fr FRA,"DF,FW",Lorient,20,1995,1,1,90,1,0,0,0,0,0,0,0,0,0,0,0,0,0,Matches,2015-2016
274,Bakary Koné,bf BFA,DF,Lyon,27,1988,6,4,432,4.8,0,0,0,0,0,0,1,0,0,0,0,0,0,Matches,2015-2016
275,Lamine Koné,ci CIV,DF,Lorient,26,1989,18,17,"1,552",17.2,0,0,0,0,0,0,5,1,0,0,0,0,0,Matches,2015-2016
Rk,Player,Nation,Pos,Squad,Age,Born,MP,Starts,Min,90s,Gls,Ast,G+A,G-PK,PK,PKatt,CrdY,CrdR,Gls,Ast,G+A,G-PK,G+A-PK,Matches,2015-2016
276,Mory Koné,ci CIV,DF,Troyes,21,1994,3,3,238,2.6,0,1,1,0,0,0,0,0,0,0.38,0.38,0,0.38,Matches,2015-2016
277,Youssouf Koné,ml MLI,DF,Lille,20,1995,1,0,6,0.1,0,0,0,0,0,0,0,0,0,0,0,0,0,Matches,2015-2016
278,Christian Kouakou,ci CIV,FW,Caen,24,1991,6,0,129,1.4,1,0,1,1,0,0,1,0,0.7,0,0.7,0.7,0.7,Matches,2015-2016
279,Vincent Koziello,fr FRA,MF,Nice,19,1995,35,32,"2,701",30,3,6,9,3,0,0,9,0,0.1,0.2,0.3,0.1,0.3,Matches,2015-2016
280,Layvin Kurzawa,fr FRA,DF,Monaco,22,1992,3,3,228,2.5,1,2,3,1,0,0,1,0,0.39,0.79,1.18,0.39,1.18,Matches,2015-2016
281,Layvin Kurzawa,fr FRA,DF,Paris S-G,22,1992,16,14,"1,289",14.3,3,3,6,3,0,0,1,0,0.21,0.21,0.42,0.21,0.42,Matches,2015-2016
282,Enock Kwateng,fr FRA,DF,Nantes,18,1997,2,0,31,0.3,0,0,0,0,0,0,0,0,0,0,0,0,0,Matches,2015-2016
283,Grejohn Kyei,fr FRA,FW,Reims,19,1995,16,7,727,8.1,3,2,5,2,1,1,3,0,0.37,0.25,0.62,0.25,0.5,Matches,2015-2016
284,Zakarie Labidi,fr FRA,MF,Lyon,20,1995,3,0,27,0.3,0,0,0,0,0,0,0,0,0,0,0,0,0,Matches,2015-2016
285,Gaëtan Laborde,fr FRA,"FW,MF",Bordeaux,21,1994,1,0,12,0.1,0,0,0,0,0,0,0,0,0,0,0,0,0,Matches,2015-2016
286,Alexandre Lacazette,fr FRA,FW,Lyon,24,1991,34,34,"2,957",32.9,21,3,24,19,2,2,5,0,0.64,0.09,0.73,0.58,0.67,Matches,2015-2016
287,Alban Lafont,ci CIV,GK,Toulouse,16,1999,24,24,"2,144",23.8,0,0,0,0,0,0,0,0,0,0,0,0,0,Matches,2015-2016
288,Aïssa Laïdouni,tn TUN,"DF,MF",Angers,18,1996,1,1,90,1,0,0,0,0,0,0,0,0,0,0,0,0,0,Matches,2015-2016
289,Mohamed Larbi,tn TUN,MF,Gazélec Ajaccio,27,1987,30,26,"2,278",25.3,8,3,11,7,1,1,0,0,0.32,0.12,0.43,0.28,0.4,Matches,2015-2016
290,Paul Lasne,fr FRA,MF,Montpellier,26,1989,9,6,517,5.7,0,0,0,0,0,0,1,0,0,0,0,0,0,Matches,2015-2016
291,Wesley Lautoa,nc NCL,"DF,MF",Lorient,27,1987,13,11,"1,009",11.2,0,0,0,0,0,0,1,0,0,0,0,0,0,Matches,2015-2016
292,Ezequiel Lavezzi,ar ARG,"FW,MF",Paris S-G,30,1985,16,3,437,4.9,2,0,2,2,0,0,0,0,0.41,0,0.41,0.41,0.41,Matches,2015-2016
293,Valentin Lavigne,fr FRA,"FW,MF",Lorient,21,1994,6,1,155,1.7,0,0,0,0,0,0,0,0,0,0,0,0,0,Matches,2015-2016
294,Mickaël Le Bihan,fr FRA,"DF,FW",Nice,25,1990,3,1,137,1.5,1,1,2,1,0,0,0,0,0.66,0.66,1.31,0.66,1.31,Matches,2015-2016
295,Vincent Le Goff,fr FRA,DF,Lorient,25,1989,27,19,"1,785",19.8,0,0,0,0,0,0,4,0,0,0,0,0,0,Matches,2015-2016
296,Maxime Le Marchand,fr FRA,"DF,MF",Nice,25,1989,26,26,"2,196",24.4,1,0,1,1,0,0,5,1,0.04,0,0.04,0.04,0.04,Matches,2015-2016
297,Jordan Leborgne,gp GLP,MF,Caen,19,1995,14,7,663,7.4,0,1,1,0,0,0,3,0,0,0.14,0.14,0,0.14,Matches,2015-2016
298,Jean-Louis Leca,fr FRA,GK,Bastia,29,1985,34,34,"2,989",33.2,0,0,0,0,0,0,2,1,0,0,0,0,0,Matches,2015-2016
299,Benjamin Lecomte,fr FRA,GK,Lorient,24,1991,37,37,"3,241",36,0,0,0,0,0,0,0,1,0,0,0,0,0,Matches,2015-2016
300,Reynald Lemaître,fr FRA,"DF,MF",Guingamp,32,1983,6,5,450,5,0,0,0,0,0,0,2,0,0,0,0,0,0,Matches,2015-2016
Rk,Player,Nation,Pos,Squad,Age,Born,MP,Starts,Min,90s,Gls,Ast,G+A,G-PK,PK,PKatt,CrdY,CrdR,Gls,Ast,G+A,G-PK,G+A-PK,Matches,2015-2016
301,Thomas Lemar,fr FRA,MF,Monaco,19,1995,26,20,"1,805",20.1,5,3,8,5,0,0,1,0,0.25,0.15,0.4,0.25,0.4,Matches,2015-2016
302,Mario Lemina,ga GAB,"DF,MF",Marseille,21,1993,4,4,334,3.7,0,0,0,0,0,0,1,0,0,0,0,0,0,Matches,2015-2016
303,Jérôme Lemoigne,fr FRA,"FW,MF",Gazélec Ajaccio,32,1983,31,27,"2,461",27.3,0,1,1,0,0,0,14,1,0,0.04,0.04,0,0.04,Matches,2015-2016
304,Fabien Lemoine,fr FRA,MF,Saint-Étienne,28,1987,33,29,"2,452",27.2,0,1,1,0,0,0,10,0,0,0.04,0.04,0,0.04,Matches,2015-2016
305,Ermir Lenjani,al ALB,"DF,FW",Rennes,25,1989,1,0,78,0.9,0,1,1,0,0,0,0,0,0,1.15,1.15,0,1.15,Matches,2015-2016
306,Ermir Lenjani,al ALB,"DF,FW",Nantes,25,1989,20,15,"1,393",15.5,1,1,2,1,0,0,2,1,0.06,0.06,0.13,0.06,0.13,Matches,2015-2016
307,Alexandre Letellier,fr FRA,GK,Angers,24,1990,17,17,"1,530",17,0,0,0,0,0,0,1,0,0,0,0,0,0,Matches,2015-2016
308,Dorian Lévêque,fr FRA,DF,Guingamp,25,1989,14,13,"1,204",13.4,1,0,1,1,0,0,2,0,0.07,0,0.07,0.07,0.07,Matches,2015-2016
309,Jonathan Ligali,fr FRA,GK,Montpellier,24,1991,6,6,540,6,0,0,0,0,0,0,1,0,0,0,0,0,0,Matches,2015-2016
310,Jérémy Livolant,fr FRA,"FW,MF",Guingamp,17,1998,1,0,8,0.1,0,0,0,0,0,0,0,0,0,0,0,0,0,Matches,2015-2016
311,Gautier Lloris,fr FRA,DF,Nice,20,1995,2,1,64,0.7,0,0,0,0,0,0,0,0,0,0,0,0,0,Matches,2015-2016
312,Anthony Lopes,pt POR,GK,Lyon,24,1990,37,37,"3,330",37,0,0,0,0,0,0,2,0,0,0,0,0,0,Matches,2015-2016
313,Rony Lopes,pt POR,"FW,MF",Lille,19,1995,12,5,518,5.8,2,1,3,2,0,0,1,0,0.35,0.17,0.52,0.35,0.52,Matches,2015-2016
314,Rony Lopes,pt POR,"FW,MF",Monaco,19,1995,2,2,113,1.3,0,0,0,0,0,0,0,0,0,0,0,0,0,Matches,2015-2016
315,Jonas Lössl,dk DEN,GK,Guingamp,26,1989,37,37,"3,330",37,0,0,0,0,0,0,0,0,0,0,0,0,0,Matches,2015-2016
316,Jeff Louis,ht HAI,MF,Caen,22,1992,18,7,705,7.8,1,0,1,1,0,0,2,0,0.13,0,0.13,0.13,0.13,Matches,2015-2016
317,Vágner Love,br BRA,FW,Monaco,31,1984,12,9,782,8.7,4,0,4,4,0,1,1,0,0.46,0,0.46,0.46,0.46,Matches,2015-2016
318,David Luiz,br BRA,"DF,MF",Paris S-G,28,1987,25,23,"2,089",23.2,1,2,3,1,0,0,4,0,0.04,0.09,0.13,0.04,0.13,Matches,2015-2016
319,Cheikh M'Bengue,sn SEN,DF,Rennes,27,1988,23,21,"1,896",21.1,0,0,0,0,0,0,2,0,0,0,0,0,0,Matches,2015-2016
320,Hicham M'Laab,fr FRA,"FW,MF",Nantes,25,1990,2,0,29,0.3,0,0,0,0,0,0,0,0,0,0,0,0,0,Matches,2015-2016
321,Edwin Maanane,fr FRA,FW,Reims,20,1995,1,0,15,0.2,0,0,0,0,0,0,0,0,0,0,0,0,0,Matches,2015-2016
322,Christopher Maboulou,cg CGO,"DF,MF",Bastia,25,1990,9,2,243,2.7,0,1,1,0,0,0,0,0,0,0.37,0.37,0,0.37,Matches,2015-2016
323,Zinédine Machach,fr FRA,"FW,MF",Toulouse,19,1996,16,10,853,9.5,1,1,2,1,0,0,4,0,0.11,0.11,0.21,0.11,0.21,Matches,2015-2016
324,Mike Maignan,fr FRA,GK,Lille,20,1995,4,3,289,3.2,0,0,0,0,0,0,0,0,0,0,0,0,0,Matches,2015-2016
325,Abdul Majeed Waris,gh GHA,"FW,MF",Lorient,23,1991,21,20,"1,651",18.3,11,3,14,9,2,2,1,1,0.6,0.16,0.76,0.49,0.65,Matches,2015-2016
Rk,Player,Nation,Pos,Squad,Age,Born,MP,Starts,Min,90s,Gls,Ast,G+A,G-PK,PK,PKatt,CrdY,CrdR,Gls,Ast,G+A,G-PK,G+A-PK,Matches,2015-2016
326,Jean-Victor Makengo,fr FRA,MF,Caen,17,1998,10,5,435,4.8,0,0,0,0,0,0,1,0,0,0,0,0,0,Matches,2015-2016
327,Steed Malbranque,fr FRA,MF,Lyon,35,1980,11,5,403,4.5,0,1,1,0,0,0,0,0,0,0.22,0.22,0,0.22,Matches,2015-2016
328,Malcom,br BRA,"FW,MF",Bordeaux,18,1997,12,5,536,6,1,1,2,1,0,0,0,0,0.17,0.17,0.34,0.17,0.34,Matches,2015-2016
329,Kévin Malcuit,ma MAR,"DF,FW",Saint-Étienne,24,1991,9,9,712,7.9,0,1,1,0,0,0,5,2,0,0.13,0.13,0,0.13,Matches,2015-2016
330,Wallyson Mallmann,br BRA,MF,Nice,21,1994,17,8,748,8.3,0,2,2,0,0,0,4,0,0,0.24,0.24,0,0.24,Matches,2015-2016
331,Vincent Manceau,fr FRA,"DF,MF",Angers,26,1989,27,27,"2,385",26.5,0,1,1,0,0,0,2,0,0,0.04,0.04,0,0.04,Matches,2015-2016
332,Steve Mandanda,fr FRA,GK,Marseille,30,1985,36,36,"3,240",36,0,0,0,0,0,0,5,0,0,0,0,0,0,Matches,2015-2016
333,Aïssa Mandi,dz ALG,DF,Reims,23,1991,32,32,"2,859",31.8,5,1,6,5,0,0,3,1,0.16,0.03,0.19,0.16,0.19,Matches,2015-2016
334,Kader Mangane,sn SEN,"DF,MF",Gazélec Ajaccio,32,1983,31,28,"2,556",28.4,1,1,2,1,0,0,7,0,0.04,0.04,0.07,0.04,0.07,Matches,2015-2016
335,Thomas Mangani,fr FRA,MF,Angers,28,1987,33,31,"2,486",27.6,5,4,9,2,3,4,5,1,0.18,0.14,0.33,0.07,0.22,Matches,2015-2016
336,Javier Manquillo,es ESP,DF,Marseille,21,1994,31,31,"2,669",29.7,0,1,1,0,0,0,2,0,0,0.03,0.03,0,0.03,Matches,2015-2016
337,Florian Marange,fr FRA,DF,Bastia,29,1986,24,19,"1,666",18.5,0,1,1,0,0,0,6,0,0,0.05,0.05,0,0.05,Matches,2015-2016
338,Marquinhos,br BRA,"DF,MF",Paris S-G,21,1994,29,20,"1,925",21.4,1,0,1,1,0,0,1,0,0.05,0,0.05,0.05,0.05,Matches,2015-2016
339,Anthony Martial,fr FRA,"FW,MF",Monaco,19,1995,3,2,203,2.3,0,1,1,0,0,0,0,0,0,0.44,0.44,0,0.44,Matches,2015-2016
340,Johan Martial,fr FRA,DF,Troyes,24,1991,8,7,569,6.3,0,0,0,0,0,0,2,0,0,0,0,0,0,Matches,2015-2016
341,Jonas Martin,fr FRA,"DF,MF",Montpellier,25,1990,36,35,"3,134",34.8,4,3,7,2,2,2,5,0,0.11,0.09,0.2,0.06,0.14,Matches,2015-2016
342,Marvin Martin,fr FRA,MF,Lille,27,1988,12,4,424,4.7,0,1,1,0,0,0,1,0,0,0.21,0.21,0,0.21,Matches,2015-2016
343,Pablo Martinez,fr FRA,DF,Gazélec Ajaccio,26,1989,28,26,"2,204",24.5,0,1,1,0,0,0,4,0,0,0.04,0.04,0,0.04,Matches,2015-2016
344,Jonathan Martins Pereira,fr FRA,DF,Troyes,29,1986,11,11,899,10,0,0,0,0,0,0,4,0,0,0,0,0,0,Matches,2015-2016
345,Jonathan Martins Pereira,fr FRA,DF,Guingamp,29,1986,16,16,"1,382",15.4,0,3,3,0,0,0,3,0,0,0.2,0.2,0,0.2,Matches,2015-2016
346,Joris Marveaux,mq MTQ,MF,Montpellier,32,1982,9,5,439,4.9,1,0,1,1,0,0,2,0,0.21,0,0.21,0.21,0.21,Matches,2015-2016
347,William Matheus,br BRA,DF,Toulouse,25,1990,14,14,"1,245",13.8,0,1,1,0,0,0,2,0,0,0.07,0.07,0,0.07,Matches,2015-2016
348,Lionel Mathis,fr FRA,MF,Guingamp,33,1981,20,17,"1,383",15.4,0,1,1,0,0,0,6,1,0,0.07,0.07,0,0.07,Matches,2015-2016
349,Blaise Matuidi,fr FRA,MF,Paris S-G,28,1987,31,23,"2,060",22.9,4,6,10,4,0,0,4,0,0.17,0.26,0.44,0.17,0.44,Matches,2015-2016
350,Robin Maulun,fr FRA,MF,Bordeaux,18,1996,1,0,51,0.6,0,0,0,0,0,0,0,0,0,0,0,0,0,Matches,2015-2016
Rk,Player,Nation,Pos,Squad,Age,Born,MP,Starts,Min,90s,Gls,Ast,G+A,G-PK,PK,PKatt,CrdY,CrdR,Gls,Ast,G+A,G-PK,G+A-PK,Matches,2015-2016
351,Neal Maupay,fr FRA,"FW,MF",Saint-Étienne,18,1996,15,5,525,5.8,1,2,3,1,0,0,3,0,0.17,0.34,0.51,0.17,0.51,Matches,2015-2016
352,Nicolas Maurice-Belay,fr FRA,"FW,MF",Bordeaux,30,1985,18,15,"1,282",14.2,1,2,3,1,0,0,2,0,0.07,0.14,0.21,0.07,0.21,Matches,2015-2016
353,Clément Maury,fr FRA,GK,Gazélec Ajaccio,29,1985,34,34,"3,060",34,0,0,0,0,0,0,1,0,0,0,0,0,0,Matches,2015-2016
354,Chris Mavinga,cd COD,DF,Troyes,24,1991,20,19,"1,584",17.6,0,1,1,0,0,0,8,1,0,0.06,0.06,0,0.06,Matches,2015-2016
355,Rio Mavuba,fr FRA,MF,Lille,31,1984,35,31,"2,807",31.2,0,0,0,0,0,0,5,0,0,0,0,0,0,Matches,2015-2016
356,Maxwell,br BRA,DF,Paris S-G,33,1981,28,24,"2,226",24.7,3,3,6,3,0,0,0,0,0.12,0.12,0.24,0.12,0.24,Matches,2015-2016
357,Kévin Mayi,ga GAB,"FW,MF",Gazélec Ajaccio,22,1993,23,8,958,10.6,3,1,4,3,0,0,1,0,0.28,0.09,0.38,0.28,0.38,Matches,2015-2016
358,Kylian Mbappé,fr FRA,"FW,MF",Monaco,16,1998,11,2,296,3.3,1,1,2,1,0,0,1,0,0.3,0.3,0.61,0.3,0.61,Matches,2015-2016
359,Nolan Mbemba,cg CGO,MF,Lille,20,1995,1,1,65,0.7,0,0,0,0,0,0,0,0,0,0,0,0,0,Matches,2015-2016
360,Soualiho Meïté,fr FRA,"DF,MF",Lille,21,1994,3,0,50,0.6,0,0,0,0,0,0,0,0,0,0,0,0,0,Matches,2015-2016
361,Yakou Méïte,ci CIV,"FW,MF",Paris S-G,19,1996,1,0,1,0,0,0,0,0,0,0,0,0,0,0,0,0,0,Matches,2015-2016
362,Pedro Mendes,pt POR,DF,Rennes,24,1990,22,21,"1,852",20.6,0,0,0,0,0,0,5,0,0,0,0,0,0,Matches,2015-2016
363,Ryan Mendes,cv CPV,"FW,MF",Lille,25,1990,3,0,89,1,0,0,0,0,0,0,0,0,0,0,0,0,0,Matches,2015-2016
364,Alexandre Mendy,gw GNB,FW,Nice,21,1994,18,3,382,4.2,1,0,1,1,0,0,0,0,0.24,0,0.24,0.24,0.24,Matches,2015-2016
365,Benjamin Mendy,fr FRA,DF,Marseille,21,1994,24,22,"1,952",21.7,1,1,2,1,0,0,7,1,0.05,0.05,0.09,0.05,0.09,Matches,2015-2016
366,Nampalys Mendy,sn SEN,MF,Nice,23,1992,38,38,"3,392",37.7,1,2,3,1,0,0,2,1,0.03,0.05,0.08,0.03,0.08,Matches,2015-2016
367,Walid Mesloub,dz ALG,"FW,MF",Lorient,29,1985,29,23,"2,120",23.6,1,4,5,1,0,0,3,0,0.04,0.17,0.21,0.04,0.21,Matches,2015-2016
368,Mexer,mz MOZ,DF,Rennes,26,1988,16,16,"1,305",14.5,0,0,0,0,0,0,4,0,0,0,0,0,0,Matches,2015-2016
369,Omenuke Mfulu,cd COD,"DF,MF",Reims,21,1994,13,2,379,4.2,0,0,0,0,0,0,3,0,0,0,0,0,0,Matches,2015-2016
370,François Modesto,fr FRA,"DF,MF",Bastia,36,1978,29,27,"2,422",26.9,0,0,0,0,0,0,5,0,0,0,0,0,0,Matches,2015-2016
371,Wilfried Moimbé,fr FRA,"DF,MF",Nantes,26,1988,15,15,"1,322",14.7,0,1,1,0,0,0,4,0,0,0.07,0.07,0,0.07,Matches,2015-2016
372,Yohan Mollo,fr FRA,"DF,FW",Saint-Étienne,26,1989,1,0,20,0.2,0,0,0,0,0,0,0,0,0,0,0,0,0,Matches,2015-2016
373,Kévin Monnet-Paquet,fr FRA,"FW,MF",Saint-Étienne,26,1988,31,25,"2,273",25.3,2,2,4,2,0,0,2,0,0.08,0.08,0.16,0.08,0.16,Matches,2015-2016
374,Steven Moreira,cv CPV,"DF,MF",Rennes,20,1994,16,14,"1,226",13.6,0,0,0,0,0,0,2,0,0,0,0,0,0,Matches,2015-2016
375,Jérémy Morel,mg MAD,DF,Lyon,31,1984,31,27,"2,510",27.9,0,1,1,0,0,0,3,0,0,0.04,0.04,0,0.04,Matches,2015-2016
Rk,Player,Nation,Pos,Squad,Age,Born,MP,Starts,Min,90s,Gls,Ast,G+A,G-PK,PK,PKatt,CrdY,CrdR,Gls,Ast,G+A,G-PK,G+A-PK,Matches,2015-2016
376,Mehdi Mostefa,dz ALG,"DF,MF",Bastia,31,1983,25,20,"1,811",20.1,0,0,0,0,0,0,11,0,0,0,0,0,0,Matches,2015-2016
377,Mehdi Mostefa,dz ALG,"DF,MF",Lorient,31,1983,1,1,90,1,0,0,0,0,0,0,0,0,0,0,0,0,0,Matches,2015-2016
378,Thiago Motta,it ITA,MF,Paris S-G,32,1982,32,26,"2,343",26,1,1,2,1,0,0,6,0,0.04,0.04,0.08,0.04,0.08,Matches,2015-2016
379,François Moubandje,ch SUI,DF,Toulouse,25,1990,23,20,"1,875",20.8,0,0,0,0,0,0,6,1,0,0,0,0,0,Matches,2015-2016
380,Benjamin Moukandjo,cm CMR,"FW,MF",Lorient,26,1988,31,26,"2,225",24.7,13,1,14,8,5,5,3,0,0.53,0.04,0.57,0.32,0.36,Matches,2015-2016
381,Steve Mounié,bj BEN,FW,Montpellier,20,1994,2,0,39,0.4,0,0,0,0,0,0,0,0,0,0,0,0,0,Matches,2015-2016
382,Anthony Mounier,fr FRA,"FW,MF",Montpellier,27,1987,3,3,270,3,0,0,0,0,0,0,0,0,0,0,0,0,0,Matches,2015-2016
383,Lucas Moura,br BRA,"FW,MF",Paris S-G,22,1992,36,26,"2,323",25.8,9,4,13,8,1,1,3,0,0.35,0.15,0.5,0.31,0.46,Matches,2015-2016
384,João Moutinho,pt POR,MF,Monaco,28,1986,26,24,"2,123",23.6,1,2,3,1,0,0,3,0,0.04,0.08,0.13,0.04,0.13,Matches,2015-2016
385,Rémi Mulumba,cd COD,MF,Lorient,22,1992,6,1,154,1.7,0,0,0,0,0,0,1,0,0,0,0,0,0,Matches,2015-2016
386,Yrondu Musavu-King,ga GAB,DF,Lorient,23,1992,3,2,187,2.1,0,0,0,0,0,0,0,0,0,0,0,0,0,Matches,2015-2016
387,Arnold Mvuemba,cd COD,"FW,MF",Lyon,30,1985,6,3,291,3.2,0,0,0,0,0,0,0,0,0,0,0,0,0,Matches,2015-2016
388,Mahamadou N'Diaye,ml MLI,DF,Troyes,25,1990,1,0,13,0.1,0,0,0,0,0,0,0,0,0,0,0,0,0,Matches,2015-2016
389,Mamadou N'Diaye,sn SEN,DF,Montpellier,20,1995,8,1,144,1.6,0,1,1,0,0,0,0,0,0,0.62,0.62,0,0.62,Matches,2015-2016
390,Cheikh N'Doye,sn SEN,MF,Angers,29,1986,32,32,"2,775",30.8,9,0,9,9,0,0,5,2,0.29,0,0.29,0.29,0.29,Matches,2015-2016
391,David N'Gog,fr FRA,FW,Reims,26,1989,16,11,853,9.5,3,0,3,3,0,1,1,0,0.32,0,0.32,0.32,0.32,Matches,2015-2016
392,Georges-Kévin N'Koudou,cm CMR,"FW,MF",Marseille,20,1995,28,22,"2,075",23.1,5,3,8,5,0,0,0,0,0.22,0.13,0.35,0.22,0.35,Matches,2015-2016
393,Lenny Nangis,fr FRA,"FW,MF",Caen,21,1994,3,3,173,1.9,0,0,0,0,0,0,1,0,0,0,0,0,0,Matches,2015-2016
394,Lenny Nangis,fr FRA,"FW,MF",Lille,21,1994,11,3,330,3.7,0,2,2,0,0,0,2,0,0,0.55,0.55,0,0.55,Matches,2015-2016
395,Paul Nardi,fr FRA,GK,Monaco,21,1994,2,2,180,2,0,0,0,0,0,0,0,0,0,0,0,0,0,Matches,2015-2016
396,Aly Ndom,fr FRA,"DF,MF",Reims,19,1996,8,4,347,3.9,0,0,0,0,0,0,0,0,0,0,0,0,0,Matches,2015-2016
397,Axel Ngando,fr FRA,MF,Bastia,22,1993,22,15,"1,297",14.4,2,1,3,2,0,0,3,0,0.14,0.07,0.21,0.14,0.21,Matches,2015-2016
398,Anele Ngcongca,za RSA,"DF,MF",Troyes,27,1987,20,18,"1,697",18.9,0,0,0,0,0,0,2,0,0,0,0,0,0,Matches,2015-2016
399,Guy Ngosso,cm CMR,MF,Angers,30,1985,3,1,152,1.7,0,0,0,0,0,0,0,0,0,0,0,0,0,Matches,2015-2016
400,Casimir Ninga,td CHA,"FW,MF",Montpellier,22,1993,26,20,"1,983",22,7,4,11,7,0,0,6,0,0.32,0.18,0.5,0.32,0.5,Matches,2015-2016
Rk,Player,Nation,Pos,Squad,Age,Born,MP,Starts,Min,90s,Gls,Ast,G+A,G-PK,PK,PKatt,CrdY,CrdR,Gls,Ast,G+A,G-PK,G+A-PK,Matches,2015-2016
401,Pavle Ninkov,rs SRB,DF,Toulouse,30,1985,10,5,512,5.7,0,1,1,0,0,0,0,0,0,0.18,0.18,0,0.18,Matches,2015-2016
402,Benjamin Nivet,fr FRA,MF,Troyes,38,1977,34,27,"2,431",27,3,4,7,0,3,3,6,0,0.11,0.15,0.26,0,0.15,Matches,2015-2016
403,Jordan Nkololo,cd COD,"FW,MF",Caen,22,1992,16,5,535,5.9,0,0,0,0,0,0,5,1,0,0,0,0,0,Matches,2015-2016
404,Nicolas Nkoulou,cm CMR,DF,Marseille,25,1990,33,33,"2,940",32.7,0,0,0,0,0,0,8,1,0,0,0,0,0,Matches,2015-2016
405,Christopher Nkunku,fr FRA,"FW,MF",Paris S-G,17,1997,5,4,328,3.6,0,0,0,0,0,0,0,0,0,0,0,0,0,Matches,2015-2016
406,Jean-Pierre Nsame,cm CMR,FW,Angers,22,1993,5,0,64,0.7,0,0,0,0,0,0,0,0,0,0,0,0,0,Matches,2015-2016
407,Paul-Georges Ntep,cm CMR,"FW,MF",Rennes,23,1992,14,11,920,10.2,2,3,5,2,0,1,1,0,0.2,0.29,0.49,0.2,0.49,Matches,2015-2016
408,Saidi Ntibazonkiza,bi BDI,"FW,MF",Caen,28,1987,14,6,600,6.7,1,0,1,1,0,0,0,0,0.15,0,0.15,0.15,0.15,Matches,2015-2016
409,Mounir Obbadi,ma MAR,MF,Lille,32,1983,30,25,"2,303",25.6,1,4,5,1,0,0,8,0,0.04,0.16,0.2,0.04,0.2,Matches,2015-2016
410,Lucas Ocampos,ar ARG,"FW,MF",Marseille,21,1994,17,7,770,8.6,1,1,2,1,0,0,0,0,0.12,0.12,0.23,0.12,0.23,Matches,2015-2016
411,Hervin Ongenda,fr FRA,"FW,MF",Paris S-G,20,1995,5,4,347,3.9,1,1,2,1,0,0,0,0,0.26,0.26,0.52,0.26,0.52,Matches,2015-2016
412,Prince Oniangué,cg CGO,"DF,MF",Reims,26,1988,27,23,"2,094",23.3,4,2,6,4,0,0,3,0,0.17,0.09,0.26,0.17,0.26,Matches,2015-2016
413,Quentin Othon,fr FRA,MF,Troyes,27,1988,8,6,586,6.5,1,0,1,1,0,0,0,0,0.15,0,0.15,0.15,0.15,Matches,2015-2016
414,Adam Ounas,dz ALG,"FW,MF",Bordeaux,18,1996,23,15,"1,311",14.6,5,2,7,5,0,0,4,0,0.34,0.14,0.48,0.34,0.48,Matches,2015-2016
415,Pablo,br BRA,DF,Bordeaux,24,1991,16,16,"1,335",14.8,1,0,1,1,0,0,3,0,0.07,0,0.07,0.07,0.07,Matches,2015-2016
416,Vincent Pajot,fr FRA,MF,Saint-Étienne,24,1990,28,19,"1,755",19.5,1,1,2,1,0,0,6,0,0.05,0.05,0.1,0.05,0.1,Matches,2015-2016
417,Nicolas Pallois,fr FRA,DF,Bordeaux,27,1987,17,17,"1,530",17,1,1,2,1,0,0,3,1,0.06,0.06,0.12,0.06,0.12,Matches,2015-2016
418,Julian Palmieri,fr FRA,"DF,MF",Bastia,28,1986,34,33,"2,940",32.7,2,2,4,2,0,0,9,0,0.06,0.06,0.12,0.06,0.12,Matches,2015-2016
419,Mario Pašalić,hr CRO,"FW,MF",Monaco,20,1995,16,12,995,11.1,3,0,3,3,0,0,1,0,0.27,0,0.27,0.27,0.27,Matches,2015-2016
420,Javier Pastore,ar ARG,MF,Paris S-G,26,1989,16,11,874,9.7,2,6,8,2,0,0,1,0,0.21,0.62,0.82,0.21,0.82,Matches,2015-2016
421,Benjamin Pavard,fr FRA,DF,Lille,19,1996,13,6,633,7,0,0,0,0,0,0,3,0,0,0,0,0,0,Matches,2015-2016
422,Pape Paye,fr FRA,"DF,MF",Lorient,25,1990,10,8,685,7.6,0,0,0,0,0,0,1,0,0,0,0,0,0,Matches,2015-2016
423,Jordan Pefok,us USA,FW,Reims,19,1996,25,6,846,9.4,3,3,6,3,0,0,1,0,0.32,0.32,0.64,0.32,0.64,Matches,2015-2016
424,Yohann Pelé,fr FRA,GK,Marseille,32,1982,2,2,180,2,0,0,0,0,0,0,0,0,0,0,0,0,0,Matches,2015-2016
425,Brayan Perea,co COL,FW,Troyes,22,1993,12,6,517,5.7,0,0,0,0,0,0,3,1,0,0,0,0,0,Matches,2015-2016
Rk,Player,Nation,Pos,Squad,Age,Born,MP,Starts,Min,90s,Gls,Ast,G+A,G-PK,PK,PKatt,CrdY,CrdR,Gls,Ast,G+A,G-PK,G+A-PK,Matches,2015-2016
426,Ricardo Pereira,pt POR,"DF,FW",Nice,21,1993,26,26,"2,279",25.3,0,4,4,0,0,0,6,0,0,0.16,0.16,0,0.16,Matches,2015-2016
427,Gaëtan Perrin,fr FRA,"FW,MF",Lyon,19,1996,3,0,32,0.4,1,0,1,1,0,0,0,0,2.81,0,2.81,2.81,2.81,Matches,2015-2016
428,Loïc Perrin,fr FRA,"DF,MF",Saint-Étienne,29,1985,24,24,"2,102",23.4,3,1,4,3,0,0,0,1,0.13,0.04,0.17,0.13,0.17,Matches,2015-2016
429,Aleksandar Pešić,rs SRB,FW,Toulouse,23,1992,23,5,618,6.9,2,1,3,2,0,0,0,1,0.29,0.15,0.44,0.29,0.44,Matches,2015-2016
430,Denis Petrić,rs SRB,GK,Troyes,27,1988,9,9,810,9,0,0,0,0,0,0,0,0,0,0,0,0,0,Matches,2015-2016
431,Denis Petrić,rs SRB,GK,Angers,27,1988,2,2,180,2,0,0,0,0,0,0,0,0,0,0,0,0,0,Matches,2015-2016
432,Alexi Peuget,fr FRA,MF,Reims,24,1990,12,8,667,7.4,0,0,0,0,0,0,3,0,0,0,0,0,0,Matches,2015-2016
433,Mathieu Peybernes,fr FRA,DF,Bastia,24,1990,25,23,"2,042",22.7,0,0,0,0,0,0,3,0,0,0,0,0,0,Matches,2015-2016
434,Romain Philippoteaux,fr FRA,"FW,MF",Lorient,27,1988,31,16,"1,427",15.9,0,3,3,0,0,0,3,0,0,0.19,0.19,0,0.19,Matches,2015-2016
435,Jessy Pi,fr FRA,MF,Troyes,21,1993,37,35,"3,178",35.3,3,0,3,3,0,0,4,0,0.08,0,0.08,0.08,0.08,Matches,2015-2016
436,Jérémy Pied,fr FRA,"DF,FW",Nice,26,1989,33,33,"2,960",32.9,0,3,3,0,0,0,10,0,0,0.09,0.09,0,0.09,Matches,2015-2016
437,Ronaël Pierre-Gabriel,fr FRA,DF,Saint-Étienne,17,1998,5,4,328,3.6,0,0,0,0,0,0,0,0,0,0,0,0,0,Matches,2015-2016
438,Erin Pinheiro,fr FRA,MF,Saint-Étienne,18,1997,2,0,21,0.2,0,0,0,0,0,0,0,0,0,0,0,0,0,Matches,2015-2016
439,Laurent Pionnier,fr FRA,GK,Montpellier,33,1982,25,25,"2,250",25,0,0,0,0,0,0,0,0,0,0,0,0,0,Matches,2015-2016
440,Johny Placide,ht HAI,GK,Reims,27,1988,19,17,"1,619",18,0,0,0,0,0,0,0,0,0,0,0,0,0,Matches,2015-2016
441,Jaroslav Plašil,cz CZE,MF,Bordeaux,33,1982,27,25,"2,193",24.4,3,3,6,3,0,0,3,0,0.12,0.12,0.25,0.12,0.25,Matches,2015-2016
442,Alassane Pléa,fr FRA,"FW,MF",Nice,22,1993,19,17,"1,401",15.6,6,4,10,6,0,0,1,0,0.39,0.26,0.64,0.39,0.64,Matches,2015-2016
443,Florentin Pogba,gn GUI,DF,Saint-Étienne,24,1990,24,21,"1,948",21.6,0,1,1,0,0,0,1,0,0,0.05,0.05,0,0.05,Matches,2015-2016
444,Louis Poggi,fr FRA,MF,Gazélec Ajaccio,31,1984,15,9,786,8.7,0,1,1,0,0,0,1,0,0,0.11,0.11,0,0.11,Matches,2015-2016
445,Pierre-Yves Polomat,fr FRA,DF,Saint-Étienne,21,1993,15,9,919,10.2,0,0,0,0,0,0,2,0,0,0,0,0,0,Matches,2015-2016
446,Jérémie Porsan-Clémenté,mq MTQ,FW,Marseille,17,1997,1,0,1,0,0,0,0,0,0,0,0,0,0,0,0,0,0,Matches,2015-2016
447,Maxime Poundjé,fr FRA,DF,Bordeaux,22,1992,14,14,"1,260",14,0,1,1,0,0,0,3,0,0,0.07,0.07,0,0.07,Matches,2015-2016
448,Simon Pouplin,fr FRA,GK,Nice,30,1985,1,1,36,0.4,0,0,0,0,0,0,0,0,0,0,0,0,0,Matches,2015-2016
449,Nicolas de Préville,fr FRA,"FW,MF",Reims,24,1991,36,34,"2,915",32.4,6,9,15,6,0,0,4,0,0.19,0.28,0.46,0.19,0.46,Matches,2015-2016
450,Jérôme Prior,fr FRA,GK,Bordeaux,19,1995,13,11,"1,076",12,0,0,0,0,0,0,0,0,0,0,0,0,0,Matches,2015-2016
Rk,Player,Nation,Pos,Squad,Age,Born,MP,Starts,Min,90s,Gls,Ast,G+A,G-PK,PK,PKatt,CrdY,CrdR,Gls,Ast,G+A,G-PK,G+A-PK,Matches,2015-2016
451,Sloan Privat,fr FRA,FW,Guingamp,26,1989,27,14,"1,253",13.9,7,1,8,7,0,1,3,0,0.5,0.07,0.57,0.5,0.57,Matches,2015-2016
452,Paulin Puel,fr FRA,FW,Nice,18,1997,11,2,190,2.1,0,0,0,0,0,0,0,0,0,0,0,0,0,Matches,2015-2016
453,Grégory Pujol,fr FRA,FW,Gazélec Ajaccio,35,1980,19,12,"1,139",12.7,5,0,5,5,0,0,2,0,0.4,0,0.4,0.4,0.4,Matches,2015-2016
454,Juan Quintero,co COL,"FW,MF",Rennes,22,1993,12,9,812,9,1,0,1,1,0,0,0,0,0.11,0,0.11,0.11,0.11,Matches,2015-2016
455,Antoine Rabillard,fr FRA,FW,Marseille,19,1995,3,1,86,1,1,0,1,1,0,0,1,0,1.05,0,1.05,1.05,1.05,Matches,2015-2016
456,Adrien Rabiot,fr FRA,MF,Paris S-G,20,1995,24,19,"1,610",17.9,1,1,2,1,0,0,5,1,0.06,0.06,0.11,0.06,0.11,Matches,2015-2016
457,Rafael,br BRA,"DF,MF",Lyon,25,1990,21,18,"1,448",16.1,1,2,3,1,0,0,8,0,0.06,0.12,0.19,0.06,0.19,Matches,2015-2016
458,Albert Rafetraniaina,mg MAD,"DF,MF",Nice,18,1996,1,0,4,0,0,0,0,0,0,0,1,0,0,0,0,0,0,Matches,2015-2016
459,Andrea Raggi,it ITA,DF,Monaco,31,1984,31,29,"2,607",29,2,1,3,2,0,0,5,0,0.07,0.03,0.1,0.07,0.1,Matches,2015-2016
460,Stéphan Raheriharimanana,mg MAD,MF,Nice,21,1993,4,1,75,0.8,0,0,0,0,0,0,0,0,0,0,0,0,0,Matches,2015-2016
461,Alexandre Raineau,fr FRA,"DF,MF",Caen,29,1986,7,3,324,3.6,0,0,0,0,0,0,0,0,0,0,0,0,0,Matches,2015-2016
462,Antony Ranieri,fr FRA,FW,Nice,18,1997,2,0,6,0.1,0,0,0,0,0,0,1,0,0,0,0,0,0,Matches,2015-2016
463,Florian Raspentino,fr FRA,"FW,MF",Bastia,26,1989,11,5,514,5.7,1,0,1,1,0,0,2,0,0.18,0,0.18,0.18,0.18,Matches,2015-2016
464,Adrien Regattin,ma MAR,"FW,MF",Toulouse,23,1991,34,16,"1,517",16.9,1,4,5,1,0,0,5,0,0.06,0.24,0.3,0.06,0.3,Matches,2015-2016
465,Karim Rekik,nl NED,DF,Marseille,20,1994,24,23,"2,034",22.6,1,1,2,1,0,0,4,0,0.04,0.04,0.09,0.04,0.09,Matches,2015-2016
466,William Rémy,fr FRA,DF,Montpellier,24,1991,28,27,"2,396",26.6,0,1,1,0,0,0,4,0,0,0.04,0.04,0,0.04,Matches,2015-2016
467,Anthony Ribelin,fr FRA,MF,Montpellier,19,1996,1,1,57,0.6,0,0,0,0,0,0,0,0,0,0,0,0,0,Matches,2015-2016
468,Kévin Rimane,gf GUF,"DF,MF",Paris S-G,24,1991,1,0,3,0,0,0,0,0,0,0,0,0,0,0,0,0,0,Matches,2015-2016
469,Rincón,br BRA,DF,Troyes,28,1987,8,8,715,7.9,0,0,0,0,0,0,2,0,0,0,0,0,0,Matches,2015-2016
470,Rémy Riou,fr FRA,GK,Nantes,27,1987,31,31,"2,790",31,0,0,0,0,0,0,2,0,0,0,0,0,0,Matches,2015-2016
471,Ronny Rodelin,fr FRA,"FW,MF",Caen,25,1989,34,33,"2,792",31,10,2,12,10,0,0,1,0,0.32,0.06,0.39,0.32,0.39,Matches,2015-2016
472,Ronny Rodelin,fr FRA,"FW,MF",Lille,25,1989,1,1,67,0.7,0,2,2,0,0,0,0,0,0,2.69,2.69,0,2.69,Matches,2015-2016
473,Hugo Rodriguez,fr FRA,MF,Reims,24,1991,3,2,171,1.9,0,0,0,0,0,0,0,0,0,0,0,0,0,Matches,2015-2016
474,Diego Rolán,uy URU,"FW,MF",Bordeaux,22,1993,31,22,"2,124",23.6,7,4,11,7,0,0,4,0,0.3,0.17,0.47,0.3,0.47,Matches,2015-2016
475,Rolando,pt POR,DF,Marseille,29,1985,19,18,"1,631",18.1,1,0,1,1,0,0,4,0,0.06,0,0.06,0.06,0.06,Matches,2015-2016
Rk,Player,Nation,Pos,Squad,Age,Born,MP,Starts,Min,90s,Gls,Ast,G+A,G-PK,PK,PKatt,CrdY,CrdR,Gls,Ast,G+A,G-PK,G+A-PK,Matches,2015-2016
476,Julien Romain,fr FRA,MF,Bastia,19,1996,5,1,163,1.8,2,0,2,2,0,0,0,0,1.1,0,1.1,1.1,1.1,Matches,2015-2016
477,Alaixys Romao,tg TOG,"DF,MF",Marseille,31,1984,23,13,"1,251",13.9,1,1,2,1,0,0,6,2,0.07,0.07,0.14,0.07,0.14,Matches,2015-2016
478,Valentin Rongier,fr FRA,"DF,MF",Nantes,20,1994,11,9,740,8.2,1,1,2,1,0,0,1,0,0.12,0.12,0.24,0.12,0.24,Matches,2015-2016
479,Lindsay Rose,mu MRI,DF,Lorient,23,1992,10,10,900,10,0,0,0,0,0,0,1,0,0,0,0,0,0,Matches,2015-2016
480,Lindsay Rose,mu MRI,DF,Lyon,23,1992,1,1,90,1,0,0,0,0,0,0,0,0,0,0,0,0,0,Matches,2015-2016
481,Jérôme Roussillon,fr FRA,"DF,MF",Montpellier,22,1993,33,31,"2,656",29.5,3,3,6,3,0,0,4,0,0.1,0.1,0.2,0.1,0.2,Matches,2015-2016
482,Nolan Roux,fr FRA,"FW,MF",Saint-Étienne,27,1988,29,21,"1,964",21.8,9,2,11,8,1,1,4,0,0.41,0.09,0.5,0.37,0.46,Matches,2015-2016
483,Stéphane Ruffier,fr FRA,GK,Saint-Étienne,28,1986,38,38,"3,420",38,0,0,0,0,0,0,4,0,0,0,0,0,0,Matches,2015-2016
484,Youssouf Sabaly,sn SEN,DF,Nantes,22,1993,28,28,"2,500",27.8,2,1,3,2,0,0,7,0,0.07,0.04,0.11,0.07,0.11,Matches,2015-2016
485,Wesley Saïd,fr FRA,"FW,MF",Rennes,20,1995,1,0,10,0.1,0,0,0,0,0,0,0,0,0,0,0,0,0,Matches,2015-2016
486,Jamel Saihi,tn TUN,MF,Montpellier,28,1987,13,8,597,6.6,0,0,0,0,0,0,3,0,0,0,0,0,0,Matches,2015-2016
487,Romain Saïss,ma MAR,"DF,MF",Angers,25,1990,35,35,"3,102",34.5,2,1,3,2,0,0,12,0,0.06,0.03,0.09,0.06,0.09,Matches,2015-2016
488,Henri Saivet,sn SEN,"FW,MF",Bordeaux,24,1990,18,18,"1,557",17.3,2,0,2,2,0,0,5,1,0.12,0,0.12,0.12,0.12,Matches,2015-2016
489,Emiliano Sala,ar ARG,FW,Nantes,24,1990,31,22,"1,959",21.8,6,3,9,6,0,0,3,0,0.28,0.14,0.41,0.28,0.41,Matches,2015-2016
490,Yannis Salibur,fr FRA,"FW,MF",Guingamp,24,1991,30,28,"2,330",25.9,7,6,13,7,0,0,5,1,0.27,0.23,0.5,0.27,0.5,Matches,2015-2016
491,Sebastien Salles-Lamonge,fr FRA,MF,Rennes,19,1996,3,1,109,1.2,0,0,0,0,0,0,0,0,0,0,0,0,0,Matches,2015-2016
492,Mamadou Samassa,ml MLI,GK,Guingamp,25,1990,1,1,90,1,0,0,0,0,0,0,0,0,0,0,0,0,0,Matches,2015-2016
493,Lamine Sané,sn SEN,"DF,MF",Bordeaux,28,1987,13,11,924,10.3,0,0,0,0,0,0,4,1,0,0,0,0,0,Matches,2015-2016
494,Younousse Sankharé,sn SEN,MF,Guingamp,25,1989,33,33,"2,919",32.4,6,2,8,6,0,0,9,2,0.18,0.06,0.25,0.18,0.25,Matches,2015-2016
495,Morgan Sanson,fr FRA,MF,Montpellier,20,1994,14,6,560,6.2,3,0,3,3,0,0,2,0,0.48,0,0.48,0.48,0.48,Matches,2015-2016
496,Bouna Sarr,sn SEN,"DF,MF",Marseille,23,1992,25,9,"1,001",11.1,2,1,3,2,0,0,0,0,0.18,0.09,0.27,0.18,0.27,Matches,2015-2016
497,Matthieu Saunier,fr FRA,DF,Troyes,25,1990,28,28,"2,416",26.8,0,0,0,0,0,0,3,0,0,0,0,0,0,Matches,2015-2016
498,Ole Selnæs,no NOR,MF,Saint-Étienne,21,1994,3,2,174,1.9,0,0,0,0,0,0,0,0,0,0,0,0,0,Matches,2015-2016
499,Jean Seri,ci CIV,MF,Nice,24,1991,38,35,"3,103",34.5,3,6,9,3,0,0,2,0,0.09,0.17,0.26,0.09,0.26,Matches,2015-2016
500,Mathias Serin,fr FRA,MF,Angers,23,1991,1,0,1,0,0,0,0,0,0,0,0,0,0,0,0,0,0,Matches,2015-2016
Rk,Player,Nation,Pos,Squad,Age,Born,MP,Starts,Min,90s,Gls,Ast,G+A,G-PK,PK,PKatt,CrdY,CrdR,Gls,Ast,G+A,G-PK,G+A-PK,Matches,2015-2016
501,Grégory Sertic,fr FRA,MF,Bordeaux,25,1989,1,1,24,0.3,0,0,0,0,0,0,0,0,0,0,0,0,0,Matches,2015-2016
502,Nicolas Seube,fr FRA,"DF,MF",Caen,35,1979,33,24,"2,172",24.1,0,1,1,0,0,0,7,1,0,0.04,0.04,0,0.04,Matches,2015-2016
503,Stephan El Shaarawy,it ITA,"DF,FW",Monaco,22,1992,15,7,681,7.6,0,0,0,0,0,0,1,0,0,0,0,0,0,Matches,2015-2016
504,Djibril Sidibé,fr FRA,"DF,MF",Lille,23,1992,37,36,"3,276",36.4,4,3,7,4,0,0,3,0,0.11,0.08,0.19,0.11,0.19,Matches,2015-2016
505,Franck Signorino,fr FRA,DF,Reims,33,1981,29,29,"2,559",28.4,0,2,2,0,0,0,5,0,0,0.07,0.07,0,0.07,Matches,2015-2016
506,Kolbeinn Sigþórsson,is ISL,FW,Nantes,25,1990,26,19,"1,688",18.8,3,0,3,3,0,0,4,1,0.16,0,0.16,0.16,0.16,Matches,2015-2016
507,Bernardo Silva,pt POR,"FW,MF",Monaco,20,1994,32,22,"2,239",24.9,7,1,8,7,0,0,7,0,0.28,0.04,0.32,0.28,0.32,Matches,2015-2016
508,Lucas Silva,br BRA,MF,Marseille,22,1993,22,11,"1,038",11.5,0,0,0,0,0,0,2,0,0,0,0,0,0,Matches,2015-2016
509,Thiago Silva,br BRA,DF,Paris S-G,30,1984,30,29,"2,622",29.1,1,1,2,1,0,0,3,0,0.03,0.03,0.07,0.03,0.07,Matches,2015-2016
510,Giovanni Sio,ci CIV,"FW,MF",Rennes,26,1989,34,28,"2,599",28.9,7,7,14,7,0,1,12,2,0.24,0.24,0.48,0.24,0.48,Matches,2015-2016
511,Pantxi Sirieix,fr FRA,MF,Toulouse,34,1980,5,0,73,0.8,0,2,2,0,0,0,1,0,0,2.47,2.47,0,2.47,Matches,2015-2016
512,Salvatore Sirigu,it ITA,GK,Paris S-G,28,1987,3,2,225,2.5,0,0,0,0,0,0,0,0,0,0,0,0,0,Matches,2015-2016
513,Slimane Sissoko,fr FRA,FW,Angers,24,1991,12,2,316,3.5,0,1,1,0,0,0,1,1,0,0.28,0.28,0,0.28,Matches,2015-2016
514,Ellyes Skhiri,tn TUN,MF,Montpellier,20,1995,12,9,815,9.1,2,0,2,2,0,0,1,0,0.22,0,0.22,0.22,0.22,Matches,2015-2016
515,Somália,br BRA,"DF,FW",Toulouse,26,1988,29,24,"2,119",23.5,0,2,2,0,0,0,2,0,0,0.08,0.08,0,0.08,Matches,2015-2016
516,Kévin Soni,cm CMR,MF,Bordeaux,17,1998,2,1,88,1,0,0,0,0,0,0,0,0,0,0,0,0,0,Matches,2015-2016
517,Jérémy Sorbon,fr FRA,DF,Guingamp,31,1983,34,34,"3,029",33.7,2,0,2,2,0,0,2,0,0.06,0,0.06,0.06,0.06,Matches,2015-2016
518,Florian Sotoca,fr FRA,"FW,MF",Montpellier,24,1990,1,0,2,0,0,0,0,0,0,0,0,0,0,0,0,0,0,Matches,2015-2016
519,Adama Soumaoro,fr FRA,DF,Lille,23,1992,28,25,"2,322",25.8,1,0,1,1,0,0,6,0,0.04,0,0.04,0.04,0.04,Matches,2015-2016
520,Uroš Spajić,rs SRB,DF,Toulouse,22,1993,14,11,"1,091",12.1,0,0,0,0,0,0,1,1,0,0,0,0,0,Matches,2015-2016
521,Stéphane Sparagna,fr FRA,DF,Marseille,20,1995,7,2,234,2.6,0,0,0,0,0,0,3,0,0,0,0,0,0,Matches,2015-2016
522,Sébastien Squillaci,fr FRA,DF,Bastia,34,1980,31,29,"2,667",29.6,2,2,4,2,0,0,3,0,0.07,0.07,0.13,0.07,0.13,Matches,2015-2016
523,Benjamin Stambouli,fr FRA,"DF,MF",Paris S-G,24,1990,27,18,"1,500",16.7,0,0,0,0,0,0,2,0,0,0,0,0,0,Matches,2015-2016
524,Danijel Subašić,hr CRO,GK,Monaco,30,1984,36,36,"3,240",36,0,0,0,0,0,0,3,0,0,0,0,0,0,Matches,2015-2016
525,Gilles Sunu,tg TOG,"FW,MF",Angers,24,1991,32,32,"2,422",26.9,2,1,3,2,0,0,4,0,0.07,0.04,0.11,0.07,0.11,Matches,2015-2016
Rk,Player,Nation,Pos,Squad,Age,Born,MP,Starts,Min,90s,Gls,Ast,G+A,G-PK,PK,PKatt,CrdY,CrdR,Gls,Ast,G+A,G-PK,G+A-PK,Matches,2015-2016
526,Stoppila Sunzu,zm ZAM,"DF,MF",Lille,26,1989,12,10,919,10.2,1,0,1,1,0,0,2,1,0.1,0,0.1,0.1,0.1,Matches,2015-2016
527,Issiaga Sylla,gn GUI,"DF,MF",Gazélec Ajaccio,21,1994,34,29,"2,699",30,0,4,4,0,0,0,11,2,0,0.13,0.13,0,0.13,Matches,2015-2016
528,Yacouba Sylla,ml MLI,MF,Rennes,24,1990,20,18,"1,494",16.6,0,1,1,0,0,0,5,1,0,0.06,0.06,0,0.06,Matches,2015-2016
529,Alexander Søderlund,no NOR,FW,Saint-Étienne,27,1987,14,10,922,10.2,2,2,4,2,0,1,1,0,0.2,0.2,0.39,0.2,0.39,Matches,2015-2016
530,Franck Tabanou,fr FRA,"DF,FW",Saint-Étienne,26,1989,11,8,694,7.7,0,0,0,0,0,0,0,1,0,0,0,0,0,Matches,2015-2016
531,Mickaël Tacalfred,gp GLP,DF,Reims,34,1981,15,14,"1,164",12.9,0,0,0,0,0,0,2,0,0,0,0,0,0,Matches,2015-2016
532,Junior Tallo,ci CIV,FW,Lille,22,1992,23,12,"1,108",12.3,0,3,3,0,0,0,2,0,0,0.24,0.24,0,0.24,Matches,2015-2016
533,Oussama Tannane,ma MAR,"FW,MF",Saint-Étienne,21,1994,10,7,602,6.7,2,1,3,2,0,0,2,0,0.3,0.15,0.45,0.3,0.45,Matches,2015-2016
534,Timothée Taufflieb,fr FRA,MF,Paris S-G,22,1992,1,0,4,0,0,0,0,0,0,0,0,0,0,0,0,0,0,Matches,2015-2016
535,Florian Thauvin,fr FRA,"FW,MF",Marseille,22,1993,16,11,944,10.5,2,0,2,2,0,0,0,1,0.19,0,0.19,0.19,0.19,Matches,2015-2016
536,Kévin Théophile-Catherine,fr FRA,DF,Saint-Étienne,25,1989,22,22,"1,980",22,1,1,2,1,0,0,2,0,0.05,0.05,0.09,0.05,0.09,Matches,2015-2016
537,Romain Thomas,fr FRA,DF,Angers,27,1988,36,36,"3,219",35.8,2,0,2,2,0,0,8,0,0.06,0,0.06,0.06,0.06,Matches,2015-2016
538,Adrien Thomasson,fr FRA,"DF,FW",Nantes,21,1993,34,30,"2,514",27.9,2,5,7,2,0,0,7,0,0.07,0.18,0.25,0.07,0.25,Matches,2015-2016
539,Marcel Tisserand,cd COD,DF,Toulouse,22,1993,33,32,"2,842",31.6,1,0,1,1,0,0,7,1,0.03,0,0.03,0.03,0.03,Matches,2015-2016
540,Ola Toivonen,se SWE,"FW,MF",Rennes,29,1986,1,0,17,0.2,0,0,0,0,0,0,0,0,0,0,0,0,0,Matches,2015-2016
541,Corentin Tolisso,fr FRA,"DF,MF",Lyon,20,1994,33,28,"2,581",28.7,5,6,11,5,0,0,3,0,0.17,0.21,0.38,0.17,0.38,Matches,2015-2016
542,Jérémy Toulalan,fr FRA,"DF,MF",Monaco,31,1983,25,25,"2,228",24.8,0,1,1,0,0,0,5,0,0,0.04,0.04,0,0.04,Matches,2015-2016
543,Abdoulaye Touré,gn GUI,"FW,MF",Nantes,21,1994,4,2,205,2.3,0,0,0,0,0,0,0,0,0,0,0,0,0,Matches,2015-2016
544,Alassane Touré,fr FRA,DF,Gazélec Ajaccio,26,1989,13,11,950,10.6,1,0,1,1,0,0,5,0,0.09,0,0.09,0.09,0.09,Matches,2015-2016
545,Almamy Touré,ml MLI,DF,Monaco,19,1996,10,9,758,8.4,3,2,5,3,0,0,3,0,0.36,0.24,0.59,0.36,0.59,Matches,2015-2016
546,Birama Touré,ml MLI,MF,Nantes,23,1992,23,21,"1,815",20.2,0,2,2,0,0,0,4,0,0,0.1,0.1,0,0.1,Matches,2015-2016
547,Thomas Touré,ci CIV,"FW,MF",Bordeaux,21,1993,22,7,845,9.4,2,1,3,2,0,0,2,0,0.21,0.11,0.32,0.21,0.32,Matches,2015-2016
548,Zargo Touré,sn SEN,"DF,MF",Lorient,25,1989,29,29,"2,556",28.4,4,0,4,4,0,0,1,0,0.14,0,0.14,0.14,0.14,Matches,2015-2016
549,Lucas Tousart,fr FRA,MF,Lyon,18,1997,1,1,60,0.7,0,0,0,0,0,0,0,0,0,0,0,0,0,Matches,2015-2016
550,Abdou Traoré,ml MLI,MF,Bordeaux,27,1988,10,4,368,4.1,0,0,0,0,0,0,0,0,0,0,0,0,0,Matches,2015-2016
Rk,Player,Nation,Pos,Squad,Age,Born,MP,Starts,Min,90s,Gls,Ast,G+A,G-PK,PK,PKatt,CrdY,CrdR,Gls,Ast,G+A,G-PK,G+A-PK,Matches,2015-2016
551,Adama Traoré,ml MLI,"FW,MF",Monaco,20,1995,6,4,364,4,0,1,1,0,0,0,1,0,0,0.25,0.25,0,0.25,Matches,2015-2016
552,Alain Traoré,bf BFA,"FW,MF",Lorient,26,1988,3,0,34,0.4,0,0,0,0,0,0,0,0,0,0,0,0,0,Matches,2015-2016
553,Charles Traore,ml MLI,DF,Troyes,23,1992,5,5,450,5,0,0,0,0,0,0,1,0,0,0,0,0,0,Matches,2015-2016
554,Hamari Traoré,ml MLI,DF,Reims,23,1992,33,32,"2,912",32.4,2,1,3,2,0,0,11,1,0.06,0.03,0.09,0.06,0.09,Matches,2015-2016
555,Ismaël Traoré,ci CIV,DF,Angers,28,1986,34,34,"2,959",32.9,1,0,1,1,0,0,2,1,0.03,0,0.03,0.03,0.03,Matches,2015-2016
556,Lacina Traoré,ci CIV,FW,Monaco,25,1990,19,11,815,9.1,3,1,4,3,0,1,5,1,0.33,0.11,0.44,0.33,0.44,Matches,2015-2016
557,Mahamane Traoré,ml MLI,MF,Nice,26,1988,12,4,408,4.5,2,2,4,2,0,0,2,0,0.44,0.44,0.88,0.44,0.88,Matches,2015-2016
558,Kevin Trapp,de GER,GK,Paris S-G,25,1990,35,35,"3,105",34.5,0,0,0,0,0,0,0,0,0,0,0,0,0,Matches,2015-2016
559,Óscar Trejo,ar ARG,"FW,MF",Toulouse,27,1988,34,23,"2,172",24.1,4,4,8,4,0,0,6,1,0.17,0.17,0.33,0.17,0.33,Matches,2015-2016
560,John Tshibumbu,cd COD,FW,Gazélec Ajaccio,26,1989,23,12,"1,072",11.9,3,0,3,3,0,0,6,0,0.25,0,0.25,0.25,0.25,Matches,2015-2016
561,Atila Turan,tr TUR,"DF,MF",Reims,23,1992,11,8,749,8.3,2,0,2,2,0,0,3,0,0.24,0,0.24,0.24,0.24,Matches,2015-2016
562,Samuel Umtiti,fr FRA,DF,Lyon,21,1993,30,30,"2,656",29.5,1,0,1,1,0,0,6,0,0.03,0,0.03,0.03,0.03,Matches,2015-2016
563,Valentín Vada,ar ARG,"FW,MF",Bordeaux,19,1996,16,10,933,10.4,0,2,2,0,0,0,1,0,0,0.19,0.19,0,0.19,Matches,2015-2016
564,Mathieu Valbuena,fr FRA,"FW,MF",Lyon,30,1984,26,21,"1,808",20.1,1,5,6,1,0,0,5,0,0.05,0.25,0.3,0.05,0.3,Matches,2015-2016
565,Olivier Veigneau,fr FRA,DF,Nantes,30,1985,2,2,168,1.9,0,0,0,0,0,0,0,0,0,0,0,0,0,Matches,2015-2016
566,Rémy Vercoutre,fr FRA,GK,Caen,35,1980,38,38,"3,420",38,0,0,0,0,0,0,2,0,0,0,0,0,0,Matches,2015-2016
567,Marco Verratti,it ITA,MF,Paris S-G,22,1992,18,11,"1,064",11.8,0,3,3,0,0,0,2,0,0,0.25,0.25,0,0.25,Matches,2015-2016
568,Dušan Veškovac,rs SRB,DF,Troyes,29,1986,13,11,"1,056",11.7,0,0,0,0,0,0,2,0,0,0,0,0,0,Matches,2015-2016
569,Thomas Vincensini,fr FRA,GK,Bastia,21,1993,2,1,119,1.3,0,0,0,0,0,0,0,0,0,0,0,0,0,Matches,2015-2016
570,Oswaldo Vizcarrondo,ve VEN,DF,Nantes,31,1984,30,29,"2,616",29.1,0,0,0,0,0,0,8,0,0,0,0,0,0,Matches,2015-2016
571,Wallace,br BRA,DF,Monaco,20,1994,26,25,"2,251",25,1,0,1,1,0,0,6,1,0.04,0,0.04,0.04,0.04,Matches,2015-2016
572,Anthony Walongwa,,DF,Nantes,21,1993,1,1,90,1,0,0,0,0,0,0,0,0,0,0,0,0,0,Matches,2015-2016
573,Rémi Walter,fr FRA,MF,Nice,20,1995,12,6,553,6.1,0,0,0,0,0,0,0,0,0,0,0,0,0,Matches,2015-2016
574,Anthony Weber,fr FRA,"DF,MF",Reims,28,1987,19,19,"1,592",17.7,1,0,1,1,0,0,5,0,0.06,0,0.06,0.06,0.06,Matches,2015-2016
575,Sébastien Wüthrich,ch SUI,MF,Montpellier,25,1990,1,0,2,0,0,0,0,0,0,0,0,0,0,0,0,0,0,Matches,2015-2016
Rk,Player,Nation,Pos,Squad,Age,Born,MP,Starts,Min,90s,Gls,Ast,G+A,G-PK,PK,PKatt,CrdY,CrdR,Gls,Ast,G+A,G-PK,G+A-PK,Matches,2015-2016
576,Thiago Xavier,br BRA,"FW,MF",Troyes,31,1983,16,13,"1,056",11.7,2,0,2,2,0,0,7,0,0.17,0,0.17,0.17,0.17,Matches,2015-2016
577,Steeve Yago,bf BFA,DF,Toulouse,22,1992,19,16,"1,449",16.1,0,0,0,0,0,0,3,1,0,0,0,0,0,Matches,2015-2016
578,Alaeddine Yahia,tn TUN,DF,Caen,33,1981,26,26,"2,212",24.6,1,0,1,1,0,0,5,1,0.04,0,0.04,0.04,0.04,Matches,2015-2016
579,Cédric Yamberé,cf CTA,DF,Bordeaux,24,1990,27,24,"2,255",25.1,3,0,3,3,0,0,6,0,0.12,0,0.12,0.12,0.12,Matches,2015-2016
580,Mapou Yanga-Mbiwa,fr FRA,DF,Lyon,26,1989,27,27,"2,351",26.1,2,0,2,2,0,0,4,0,0.08,0,0.08,0.08,0.08,Matches,2015-2016
581,Mustapha Yatabaré,ml MLI,"FW,MF",Montpellier,29,1986,28,15,"1,408",15.6,4,2,6,4,0,0,3,0,0.26,0.13,0.38,0.26,0.38,Matches,2015-2016
582,Mohamed Yattara,gn GUI,FW,Angers,22,1993,19,9,937,10.4,2,2,4,2,0,0,2,0,0.19,0.19,0.38,0.19,0.38,Matches,2015-2016
583,Yaw Yeboah,gh GHA,"DF,FW",Lille,18,1997,3,1,102,1.1,0,0,0,0,0,0,0,0,0,0,0,0,0,Matches,2015-2016
584,Amos Youga,cf CTA,"DF,MF",Gazélec Ajaccio,22,1992,18,14,"1,140",12.7,0,1,1,0,0,0,4,1,0,0.08,0.08,0,0.08,Matches,2015-2016
585,Andre-Frank Zambo Anguissa,cm CMR,MF,Marseille,19,1995,9,2,292,3.2,0,0,0,0,0,0,0,0,0,0,0,0,0,Matches,2015-2016
586,Mehdi Zeffane,dz ALG,"DF,MF",Rennes,23,1992,16,9,815,9.1,1,1,2,1,0,0,1,0,0.11,0.11,0.22,0.11,0.22,Matches,2015-2016
587,Jacques Zoua,cm CMR,FW,Gazélec Ajaccio,23,1991,31,26,"2,352",26.1,5,2,7,3,2,2,1,0,0.19,0.08,0.27,0.11,0.19,Matches,2015-2016
588,Damjan Đoković,hr CRO,MF,Gazélec Ajaccio,25,1990,35,26,"2,380",26.4,2,4,6,2,0,0,9,0,0.08,0.15,0.23,0.08,0.23,Matches,2015-2016
