Rk,Player,Nation,Pos,Squad,Age,Born,MP,Starts,Min,90s,Gls,Ast,G+A,G-PK,PK,PKatt,CrdY,CrdR,Gls,Ast,G+A,G-PK,G+A-PK,Matches,Season
1,Ignazio Abate,it ITA,"DF,MF",Milan,28,1986,27,27,"2,248",25,1,1,2,1,0,0,7,0,0.04,0.04,0.08,0.04,0.08,Matches,2015-2016
2,Christian Abbiati,it ITA,GK,Milan,38,1977,1,0,72,0.8,0,0,0,0,0,0,0,0,0,0,0,0,0,Matches,2015-2016
3,Francesco Acerbi,it ITA,DF,Sassuolo,27,1988,36,36,"3,240",36,4,0,4,4,0,0,3,0,0.11,0,0.11,0.11,0.11,Matches,2015-2016
4,Robert Acquafresca,it ITA,FW,Bologna,27,1987,6,2,208,2.3,0,0,0,0,0,0,0,0,0,0,0,0,0,Matches,2015-2016
5,Afriyie Acquah,gh GHA,MF,Torino,23,1992,29,22,"1,888",21,2,3,5,2,0,0,9,0,0.1,0.14,0.24,0.1,0.24,Matches,2015-2016
6,Claud Adjapong,it ITA,"DF,MF",Sassuolo,17,1998,2,0,20,0.2,0,0,0,0,0,0,0,0,0,0,0,0,0,Matches,2015-2016
7,Ali Adnan Kadhim,iq IRQ,"DF,MF",Udinese,21,1993,28,21,"1,904",21.2,1,1,2,1,0,0,6,0,0.05,0.05,0.09,0.05,0.09,Matches,2015-2016
8,Luiz Adriano,br BRA,"FW,MF",Milan,28,1987,26,12,"1,194",13.3,4,0,4,3,1,1,4,0,0.3,0,0.3,0.23,0.23,Matches,2015-2016
9,Rodrigo Aguirre,uy URU,FW,Udinese,20,1994,10,3,340,3.8,0,1,1,0,0,0,1,0,0,0.26,0.26,0,0.26,Matches,2015-2016
10,Emmanuel Agyemang-Badu,gh GHA,MF,Udinese,24,1990,33,30,"2,661",29.6,4,1,5,4,0,0,6,0,0.14,0.03,0.17,0.14,0.17,Matches,2015-2016
11,Arlind Ajeti,al ALB,DF,Frosinone,21,1993,16,15,"1,218",13.5,1,0,1,1,0,0,5,1,0.07,0,0.07,0.07,0.07,Matches,2015-2016
12,Fabrizio Alastra,it ITA,GK,Palermo,17,1997,2,1,144,1.6,0,0,0,0,0,0,0,0,0,0,0,0,0,Matches,2015-2016
13,Michelangelo Albertazzi,it ITA,DF,Hellas Verona,24,1991,10,9,702,7.8,0,0,0,0,0,0,4,0,0,0,0,0,0,Matches,2015-2016
14,Raúl Albiol,es ESP,DF,Napoli,29,1985,36,36,"3,240",36,1,1,2,1,0,0,10,0,0.03,0.03,0.06,0.03,0.06,Matches,2015-2016
15,Alex,br BRA,DF,Milan,33,1982,25,24,"2,091",23.2,3,1,4,3,0,0,5,0,0.13,0.04,0.17,0.13,0.17,Matches,2015-2016
16,Allan,br BRA,"DF,MF",Napoli,24,1991,35,32,"2,818",31.3,3,5,8,3,0,0,5,0,0.1,0.16,0.26,0.1,0.26,Matches,2015-2016
17,Marcos Alonso,es ESP,"DF,MF",Fiorentina,24,1990,31,26,"2,347",26.1,3,4,7,3,0,0,8,0,0.12,0.15,0.27,0.12,0.27,Matches,2015-2016
18,Ricky Álvarez,ar ARG,MF,Sampdoria,27,1988,13,9,806,9,1,1,2,1,0,0,2,0,0.11,0.11,0.22,0.11,0.22,Matches,2015-2016
19,Amauri,it ITA,FW,Torino,35,1980,1,0,9,0.1,0,0,0,0,0,0,0,0,0,0,0,0,0,Matches,2015-2016
20,Felipe Anderson,br BRA,"FW,MF",Lazio,22,1993,35,21,"2,071",23,7,4,11,7,0,0,2,0,0.3,0.17,0.48,0.3,0.48,Matches,2015-2016
21,Ionuț Andrei Radu,ro ROU,GK,Inter,,,1,0,19,0.2,0,0,0,0,0,0,0,0,0,0,0,0,0,Matches,2015-2016
22,Cristian Ansaldi,ar ARG,"DF,MF",Genoa,28,1986,24,23,"2,010",22.3,0,4,4,0,0,0,4,0,0,0.18,0.18,0,0.18,Matches,2015-2016
23,Luca Antei,it ITA,DF,Sassuolo,23,1992,5,4,341,3.8,0,1,1,0,0,0,2,0,0,0.26,0.26,0,0.26,Matches,2015-2016
24,Luca Antonelli,it ITA,"DF,MF",Milan,28,1987,28,25,"2,338",26,3,1,4,3,0,0,2,0,0.12,0.04,0.15,0.12,0.15,Matches,2015-2016
25,Siniša Anđelković,si SVN,DF,Palermo,29,1986,23,21,"1,908",21.2,0,1,1,0,0,0,5,1,0,0.05,0.05,0,0.05,Matches,2015-2016
Rk,Player,Nation,Pos,Squad,Age,Born,MP,Starts,Min,90s,Gls,Ast,G+A,G-PK,PK,PKatt,CrdY,CrdR,Gls,Ast,G+A,G-PK,G+A-PK,Matches,2015-2016
26,Lorenzo Ariaudo,it ITA,DF,Empoli,26,1989,5,5,421,4.7,0,0,0,0,0,0,0,0,0,0,0,0,0,Matches,2015-2016
27,Lorenzo Ariaudo,it ITA,DF,Sassuolo,26,1989,4,2,237,2.6,0,0,0,0,0,0,0,0,0,0,0,0,0,Matches,2015-2016
28,Pablo Armero,co COL,"DF,MF",Udinese,28,1986,5,5,417,4.6,1,0,1,1,0,0,0,0,0.22,0,0.22,0.22,0.22,Matches,2015-2016
29,Kwadwo Asamoah,gh GHA,"DF,MF",Juventus,26,1988,11,6,569,6.3,0,1,1,0,0,0,1,0,0,0.16,0.16,0,0.16,Matches,2015-2016
30,Davide Astori,it ITA,DF,Fiorentina,28,1987,33,32,"2,901",32.2,0,0,0,0,0,0,5,0,0,0,0,0,0,Matches,2015-2016
31,Danilo Avelar,br BRA,"DF,MF",Torino,26,1989,6,4,344,3.8,0,2,2,0,0,0,1,0,0,0.52,0.52,0,0.52,Matches,2015-2016
32,Khouma Babacar,sn SEN,FW,Fiorentina,22,1993,18,11,802,8.9,5,1,6,4,1,1,2,0,0.56,0.11,0.67,0.45,0.56,Matches,2015-2016
33,Carlos Bacca,co COL,FW,Milan,28,1986,38,36,"3,156",35.1,18,2,20,16,2,2,2,0,0.51,0.06,0.57,0.46,0.51,Matches,2015-2016
34,Milan Badelj,hr CRO,MF,Fiorentina,26,1989,27,25,"2,129",23.7,1,1,2,1,0,0,9,1,0.04,0.04,0.08,0.04,0.08,Matches,2015-2016
35,Keita Baldé,sn SEN,"FW,MF",Lazio,20,1995,31,15,"1,777",19.7,4,2,6,4,0,0,5,0,0.2,0.1,0.3,0.2,0.3,Matches,2015-2016
36,Norbert Balogh,hu HUN,FW,Palermo,19,1996,4,0,55,0.6,0,0,0,0,0,0,0,0,0,0,0,0,0,Matches,2015-2016
37,Mario Balotelli,it ITA,FW,Milan,24,1990,20,8,837,9.3,1,1,2,1,0,1,6,0,0.11,0.11,0.22,0.11,0.22,Matches,2015-2016
38,Federico Barba,it ITA,DF,Empoli,21,1993,10,10,889,9.9,0,1,1,0,0,0,3,0,0,0.1,0.1,0,0.1,Matches,2015-2016
39,Francesco Bardi,it ITA,GK,Frosinone,23,1992,2,2,119,1.3,0,0,0,0,0,0,1,0,0,0,0,0,0,Matches,2015-2016
40,Édgar Barreto,py PAR,MF,Sampdoria,31,1984,30,26,"2,162",24,0,1,1,0,0,0,3,0,0,0.04,0.04,0,0.04,Matches,2015-2016
41,Andrea Barzagli,it ITA,DF,Juventus,34,1981,31,31,"2,737",30.4,1,0,1,1,0,0,2,0,0.03,0,0.03,0.03,0.03,Matches,2015-2016
42,Daniele Baselli,it ITA,MF,Torino,23,1992,35,25,"2,264",25.2,4,3,7,4,0,0,6,0,0.16,0.12,0.28,0.16,0.28,Matches,2015-2016
43,Davide Bassi,it ITA,GK,Atalanta,30,1985,1,1,90,1,0,0,0,0,0,0,0,0,0,0,0,0,0,Matches,2015-2016
44,Dušan Basta,rs SRB,"DF,MF",Lazio,30,1984,23,21,"1,815",20.2,0,0,0,0,0,0,1,0,0,0,0,0,0,Matches,2015-2016
45,Vid Belec,si SVN,GK,Carpi,25,1990,30,30,"2,700",30,0,0,0,0,0,0,1,0,0,0,0,0,0,Matches,2015-2016
46,Gianpaolo Bellini,it ITA,DF,Atalanta,35,1980,15,11,946,10.5,1,0,1,0,1,1,4,0,0.1,0,0.1,0,0,Matches,2015-2016
47,Andrea Belotti,it ITA,FW,Torino,21,1993,35,31,"2,588",28.8,12,4,16,8,4,4,4,0,0.42,0.14,0.56,0.28,0.42,Matches,2015-2016
48,Marco Benassi,it ITA,MF,Torino,20,1994,32,21,"1,910",21.2,3,2,5,3,0,0,7,0,0.14,0.09,0.24,0.14,0.24,Matches,2015-2016
49,Accursio Bentivegna,it ITA,FW,Palermo,19,1996,1,0,11,0.1,0,0,0,0,0,0,1,0,0,0,0,0,0,Matches,2015-2016
50,Francesco Benussi,it ITA,GK,Carpi,33,1981,4,4,298,3.3,0,0,0,0,0,0,0,0,0,0,0,0,0,Matches,2015-2016
Rk,Player,Nation,Pos,Squad,Age,Born,MP,Starts,Min,90s,Gls,Ast,G+A,G-PK,PK,PKatt,CrdY,CrdR,Gls,Ast,G+A,G-PK,G+A-PK,Matches,2015-2016
51,Domenico Berardi,it ITA,"FW,MF",Sassuolo,20,1994,29,26,"2,167",24.1,7,6,13,4,3,4,10,1,0.29,0.25,0.54,0.17,0.42,Matches,2015-2016
52,Etrit Berisha,al ALB,GK,Lazio,26,1989,11,9,873,9.7,0,0,0,0,0,0,1,0,0,0,0,0,0,Matches,2015-2016
53,Federico Bernardeschi,it ITA,"DF,FW",Fiorentina,21,1994,33,25,"2,272",25.2,2,4,6,2,0,0,6,0,0.08,0.16,0.24,0.08,0.24,Matches,2015-2016
54,Andrea Bertolacci,it ITA,MF,Milan,24,1991,27,21,"1,805",20.1,1,1,2,1,0,0,6,0,0.05,0.05,0.1,0.05,0.1,Matches,2015-2016
55,Davide Bertoncini,it ITA,"DF,MF",Frosinone,24,1991,5,4,365,4.1,0,0,0,0,0,0,1,0,0,0,0,0,0,Matches,2015-2016
56,Jonathan Biabiany,fr FRA,"FW,MF",Inter,27,1988,20,7,872,9.7,1,2,3,1,0,0,3,0,0.1,0.21,0.31,0.1,0.31,Matches,2015-2016
57,Matteo Bianchetti,it ITA,DF,Hellas Verona,22,1993,23,17,"1,587",17.6,1,0,1,1,0,0,4,0,0.06,0,0.06,0.06,0.06,Matches,2015-2016
58,Raffaele Bianco,it ITA,MF,Carpi,27,1987,26,21,"1,852",20.6,1,3,4,1,0,0,7,1,0.05,0.15,0.19,0.05,0.19,Matches,2015-2016
59,Lucas Biglia,ar ARG,MF,Lazio,29,1986,27,26,"2,296",25.5,4,3,7,2,2,2,11,1,0.16,0.12,0.27,0.08,0.2,Matches,2015-2016
60,Davide Biondini,it ITA,MF,Sassuolo,32,1983,22,12,"1,103",12.3,0,0,0,0,0,0,3,0,0,0,0,0,0,Matches,2015-2016
61,Valter Birsa,si SVN,"FW,MF",Chievo,28,1986,35,32,"2,365",26.3,6,7,13,4,2,3,4,0,0.23,0.27,0.49,0.15,0.42,Matches,2015-2016
62,Milan Biševac,rs SRB,DF,Lazio,31,1983,11,11,907,10.1,1,0,1,1,0,0,0,0,0.1,0,0.1,0.1,0.1,Matches,2015-2016
63,Luca Bittante,it ITA,"DF,MF",Empoli,21,1993,16,3,526,5.8,0,0,0,0,0,0,0,0,0,0,0,0,0,Matches,2015-2016
64,Albano Bizzarri,ar ARG,GK,Chievo,37,1977,35,35,"3,150",35,0,0,0,0,0,0,2,0,0,0,0,0,0,Matches,2015-2016
65,Leonardo Blanchard,it ITA,DF,Frosinone,27,1988,28,27,"2,452",27.2,3,1,4,3,0,0,13,1,0.11,0.04,0.15,0.11,0.15,Matches,2015-2016
66,Kevin-Prince Boateng,gh GHA,"FW,MF",Milan,28,1987,11,1,200,2.2,1,0,1,1,0,0,1,0,0.45,0,0.45,0.45,0.45,Matches,2015-2016
67,Giacomo Bonaventura,it ITA,"FW,MF",Milan,25,1989,33,31,"2,840",31.6,6,8,14,6,0,0,8,0,0.19,0.25,0.44,0.19,0.44,Matches,2015-2016
68,Federico Bonazzoli,it ITA,FW,Sampdoria,18,1997,4,0,73,0.8,0,0,0,0,0,0,0,0,0,0,0,0,0,Matches,2015-2016
69,Leonardo Bonucci,it ITA,DF,Juventus,28,1987,36,35,"3,156",35.1,3,1,4,3,0,0,6,0,0.09,0.03,0.11,0.09,0.11,Matches,2015-2016
70,Marco Borriello,it ITA,FW,Carpi,33,1982,12,8,744,8.3,4,4,8,4,0,0,1,1,0.48,0.48,0.97,0.48,0.97,Matches,2015-2016
71,Marco Borriello,it ITA,FW,Atalanta,33,1982,15,8,855,9.5,4,0,4,3,1,1,3,0,0.42,0,0.42,0.32,0.32,Matches,2015-2016
72,Cesare Bovo,it ITA,DF,Torino,32,1983,21,20,"1,789",19.9,2,0,2,2,0,0,10,0,0.1,0,0.1,0.1,0.1,Matches,2015-2016
73,Edson Braafheid,nl NED,DF,Lazio,32,1983,5,3,336,3.7,0,0,0,0,0,0,0,0,0,0,0,0,0,Matches,2015-2016
74,Franco Brienza,it ITA,"FW,MF",Bologna,36,1979,29,16,"1,686",18.7,3,3,6,3,0,0,1,0,0.16,0.16,0.32,0.16,0.32,Matches,2015-2016
75,Matteo Brighi,it ITA,MF,Bologna,34,1981,23,14,"1,466",16.3,0,0,0,0,0,0,3,0,0,0,0,0,0,Matches,2015-2016
Rk,Player,Nation,Pos,Squad,Age,Born,MP,Starts,Min,90s,Gls,Ast,G+A,G-PK,PK,PKatt,CrdY,CrdR,Gls,Ast,G+A,G-PK,G+A-PK,Matches,2015-2016
76,Alberto Brignoli,it ITA,GK,Sampdoria,23,1991,1,1,90,1,0,0,0,0,0,0,0,0,0,0,0,0,0,Matches,2015-2016
77,Davide Brivio,it ITA,DF,Atalanta,27,1988,14,10,"1,011",11.2,0,0,0,0,0,0,2,0,0,0,0,0,0,Matches,2015-2016
78,Željko Brkić,rs SRB,GK,Carpi,29,1986,4,3,332,3.7,0,0,0,0,0,0,0,0,0,0,0,0,0,Matches,2015-2016
79,Marcelo Brozović,hr CRO,MF,Inter,22,1992,32,25,"2,390",26.6,4,5,9,4,0,0,7,0,0.15,0.19,0.34,0.15,0.34,Matches,2015-2016
80,Gastón Brugman,uy URU,"FW,MF",Palermo,22,1992,14,10,968,10.8,0,1,1,0,0,0,2,0,0,0.09,0.09,0,0.09,Matches,2015-2016
81,Igor Bubnjić,hr CRO,DF,Carpi,23,1992,9,8,722,8,0,0,0,0,0,0,1,0,0,0,0,0,0,Matches,2015-2016
82,Marcel Büchel,li LIE,MF,Empoli,24,1991,28,18,"1,578",17.5,2,1,3,2,0,0,10,0,0.11,0.06,0.17,0.11,0.17,Matches,2015-2016
83,Gianluigi Buffon,it ITA,GK,Juventus,37,1978,35,35,"3,150",35,0,0,0,0,0,0,1,0,0,0,0,0,0,Matches,2015-2016
84,Nicolás Burdisso,ar ARG,DF,Genoa,34,1981,28,28,"2,446",27.2,0,0,0,0,0,0,7,0,0,0,0,0,0,Matches,2015-2016
85,Jakub Błaszczykowski,pl POL,MF,Fiorentina,29,1985,15,9,761,8.5,2,1,3,2,0,0,1,0,0.24,0.12,0.35,0.24,0.35,Matches,2015-2016
86,Fabrizio Cacciatore,it ITA,DF,Chievo,28,1986,29,25,"2,313",25.7,1,3,4,1,0,0,6,0,0.04,0.12,0.16,0.04,0.16,Matches,2015-2016
87,Martín Cáceres,uy URU,DF,Juventus,28,1987,6,5,448,5,0,0,0,0,0,0,0,0,0,0,0,0,0,Matches,2015-2016
88,Davide Calabria,it ITA,"DF,MF",Milan,18,1996,6,3,372,4.1,0,0,0,0,0,0,4,0,0,0,0,0,0,Matches,2015-2016
89,José Callejón,es ESP,"FW,MF",Napoli,28,1987,38,35,"2,813",31.3,7,7,14,7,0,0,4,0,0.22,0.22,0.45,0.22,0.45,Matches,2015-2016
90,Michele Camporese,it ITA,DF,Empoli,23,1992,2,2,160,1.8,0,0,0,0,0,0,0,0,0,0,0,0,0,Matches,2015-2016
91,Antonio Candreva,it ITA,"DF,FW",Lazio,28,1987,30,28,"2,187",24.3,10,3,13,4,6,8,4,0,0.41,0.12,0.53,0.16,0.29,Matches,2015-2016
92,Paolo Cannavaro,it ITA,DF,Sassuolo,34,1981,31,30,"2,643",29.4,0,1,1,0,0,0,8,0,0,0.03,0.03,0,0.03,Matches,2015-2016
93,Diego Capel,es ESP,MF,Genoa,27,1988,21,5,716,8,0,0,0,0,0,0,2,0,0,0,0,0,0,Matches,2015-2016
94,Carlos Carbonero,co COL,MF,Sampdoria,25,1990,14,11,"1,033",11.5,0,3,3,0,0,0,3,0,0,0.26,0.26,0,0.26,Matches,2015-2016
95,Massimiliano Carlini,it ITA,FW,Frosinone,28,1986,14,2,385,4.3,0,0,0,0,0,0,0,0,0,0,0,0,0,Matches,2015-2016
96,Carlos Carmona,cl CHI,MF,Atalanta,28,1987,8,5,471,5.2,0,0,0,0,0,0,4,1,0,0,0,0,0,Matches,2015-2016
97,Mattia Cassani,it ITA,DF,Sampdoria,31,1983,25,23,"2,032",22.6,0,1,1,0,0,0,8,1,0,0.04,0.04,0,0.04,Matches,2015-2016
98,Antonio Cassano,it ITA,FW,Sampdoria,33,1982,24,14,"1,213",13.5,2,5,7,2,0,0,1,0,0.15,0.37,0.52,0.15,0.52,Matches,2015-2016
99,Leandro Castán,br BRA,DF,Roma,28,1986,5,4,380,4.2,0,0,0,0,0,0,1,0,0,0,0,0,0,Matches,2015-2016
100,Nicolás Castillo,cl CHI,FW,Frosinone,22,1993,6,3,308,3.4,0,0,0,0,0,0,1,0,0,0,0,0,0,Matches,2015-2016
Rk,Player,Nation,Pos,Squad,Age,Born,MP,Starts,Min,90s,Gls,Ast,G+A,G-PK,PK,PKatt,CrdY,CrdR,Gls,Ast,G+A,G-PK,G+A-PK,Matches,2015-2016
101,Lucas Castro,ar ARG,MF,Chievo,26,1989,34,32,"2,785",30.9,3,1,4,3,0,0,9,0,0.1,0.03,0.13,0.1,0.13,Matches,2015-2016
102,Danilo Cataldi,it ITA,MF,Lazio,20,1994,20,16,"1,346",15,1,3,4,1,0,0,10,1,0.07,0.2,0.27,0.07,0.27,Matches,2015-2016
103,Alessio Cerci,it ITA,"FW,MF",Genoa,28,1987,11,6,546,6.1,4,2,6,1,3,3,1,0,0.66,0.33,0.99,0.16,0.49,Matches,2015-2016
104,Alessio Cerci,it ITA,"FW,MF",Milan,28,1987,13,8,757,8.4,0,0,0,0,0,0,0,0,0,0,0,0,0,Matches,2015-2016
105,Boštjan Cesar,si SVN,DF,Chievo,33,1982,31,30,"2,717",30.2,1,0,1,1,0,0,11,1,0.03,0,0.03,0.03,0.03,Matches,2015-2016
106,Nathaniel Chalobah,eng ENG,"DF,MF",Napoli,20,1994,5,0,35,0.4,0,0,0,0,0,0,0,0,0,0,0,0,0,Matches,2015-2016
107,Luca Checchin,it ITA,MF,Hellas Verona,18,1997,4,1,100,1.1,0,0,0,0,0,0,1,0,0,0,0,0,0,Matches,2015-2016
108,Nicolò Cherubin,it ITA,DF,Atalanta,28,1986,14,10,"1,031",11.5,1,0,1,1,0,0,1,1,0.09,0,0.09,0.09,0.09,Matches,2015-2016
109,Raman Chibsah,gh GHA,MF,Frosinone,22,1993,22,14,"1,159",12.9,0,2,2,0,0,0,3,1,0,0.16,0.16,0,0.16,Matches,2015-2016
110,Giorgio Chiellini,it ITA,DF,Juventus,30,1984,24,21,"1,787",19.9,1,0,1,1,0,0,6,1,0.05,0,0.05,0.05,0.05,Matches,2015-2016
111,Vlad Chiricheș,ro ROU,"DF,MF",Napoli,25,1989,8,8,697,7.7,1,0,1,1,0,0,2,0,0.13,0,0.13,0.13,0.13,Matches,2015-2016
112,Ivaylo Chochev,bg BUL,MF,Palermo,22,1993,27,21,"1,744",19.4,0,2,2,0,0,0,6,0,0,0.1,0.1,0,0.1,Matches,2015-2016
113,Lazaros Christodoulopoulos,gr GRE,"FW,MF",Sampdoria,28,1986,10,3,354,3.9,1,0,1,1,0,0,3,0,0.25,0,0.25,0.25,0.25,Matches,2015-2016
114,Luca Cigarini,it ITA,MF,Atalanta,29,1986,25,21,"1,820",20.2,2,2,4,1,1,1,10,0,0.1,0.1,0.2,0.05,0.15,Matches,2015-2016
115,Daniel Ciofani,it ITA,FW,Frosinone,30,1985,37,33,"2,908",32.3,9,1,10,7,2,2,1,0,0.28,0.03,0.31,0.22,0.25,Matches,2015-2016
116,Matteo Ciofani,it ITA,"DF,MF",Frosinone,27,1988,17,14,"1,282",14.2,0,1,1,0,0,0,1,0,0,0.07,0.07,0,0.07,Matches,2015-2016
117,Thiago Cionek,pl POL,DF,Palermo,29,1986,5,5,450,5,0,1,1,0,0,0,2,0,0,0.2,0.2,0,0.2,Matches,2015-2016
118,Issa Cissokho,sn SEN,DF,Genoa,30,1985,13,6,646,7.2,0,1,1,0,0,0,2,1,0,0.14,0.14,0,0.14,Matches,2015-2016
119,Andrea Coda,it ITA,DF,Sampdoria,30,1985,4,2,123,1.4,0,0,0,0,0,0,1,0,0,0,0,0,0,Matches,2015-2016
120,Isaac Cofie,gh GHA,MF,Carpi,23,1991,29,26,"2,149",23.9,0,1,1,0,0,0,7,0,0,0.04,0.04,0,0.04,Matches,2015-2016
121,Simone Colombi,it ITA,GK,Carpi,24,1991,1,1,90,1,0,0,0,0,0,0,0,0,0,0,0,0,0,Matches,2015-2016
122,Simone Colombi,it ITA,GK,Palermo,24,1991,1,1,90,1,0,0,0,0,0,0,0,0,0,0,0,0,0,Matches,2015-2016
123,Kingsley Coman,fr FRA,"FW,MF",Juventus,19,1996,1,1,63,0.7,0,0,0,0,0,0,0,0,0,0,0,0,0,Matches,2015-2016
124,Andrea Consigli,it ITA,GK,Sassuolo,28,1987,37,37,"3,270",36.3,0,0,0,0,0,0,3,1,0,0,0,0,0,Matches,2015-2016
125,Kévin Constant,gn GUI,"DF,MF",Bologna,28,1987,7,3,281,3.1,0,0,0,0,0,0,0,0,0,0,0,0,0,Matches,2015-2016
Rk,Player,Nation,Pos,Squad,Age,Born,MP,Starts,Min,90s,Gls,Ast,G+A,G-PK,PK,PKatt,CrdY,CrdR,Gls,Ast,G+A,G-PK,G+A-PK,Matches,2015-2016
126,Andrea Conti,it ITA,"DF,MF",Atalanta,21,1994,14,10,814,9,2,1,3,2,0,0,3,1,0.22,0.11,0.33,0.22,0.33,Matches,2015-2016
127,Ferdinando Coppola,it ITA,GK,Hellas Verona,37,1978,1,1,90,1,0,0,0,0,0,0,0,0,0,0,0,0,0,Matches,2015-2016
128,Joaquín Correa,ar ARG,"FW,MF",Sampdoria,20,1994,25,14,"1,311",14.6,3,1,4,3,0,0,7,1,0.21,0.07,0.27,0.21,0.27,Matches,2015-2016
129,Uroš Ćosić,rs SRB,DF,Empoli,22,1992,9,9,810,9,0,0,0,0,0,0,4,0,0,0,0,0,0,Matches,2015-2016
130,Andrea Costa,it ITA,"DF,MF",Empoli,29,1986,24,23,"2,081",23.1,1,0,1,1,0,0,4,0,0.04,0,0.04,0.04,0.04,Matches,2015-2016
131,Filippo Costa,it ITA,"DF,MF",Chievo,20,1995,6,0,134,1.5,0,0,0,0,0,0,0,0,0,0,0,0,0,Matches,2015-2016
132,Angelo da Costa Júnior,br BRA,GK,Bologna,31,1983,5,5,450,5,0,0,0,0,0,0,1,0,0,0,0,0,0,Matches,2015-2016
133,Tino Costa,ar ARG,MF,Fiorentina,30,1985,7,3,289,3.2,0,0,0,0,0,0,3,0,0,0,0,0,0,Matches,2015-2016
134,Tino Costa,ar ARG,MF,Genoa,30,1985,12,12,925,10.3,0,0,0,0,0,0,4,0,0,0,0,0,0,Matches,2015-2016
135,Marco Crimi,it ITA,"DF,MF",Bologna,25,1990,1,1,44,0.5,0,0,0,0,0,0,0,0,0,0,0,0,0,Matches,2015-2016
136,Marco Crimi,it ITA,"DF,MF",Carpi,25,1990,19,10,970,10.8,0,1,1,0,0,0,9,0,0,0.09,0.09,0,0.09,Matches,2015-2016
137,Lorenzo Crisetig,it ITA,MF,Bologna,22,1993,5,4,355,3.9,0,0,0,0,0,0,1,0,0,0,0,0,0,Matches,2015-2016
138,Bryan Cristante,it ITA,"DF,MF",Palermo,20,1995,4,1,94,1,0,0,0,0,0,0,0,0,0,0,0,0,0,Matches,2015-2016
139,Roberto Crivello,it ITA,DF,Frosinone,23,1991,17,16,"1,439",16,0,1,1,0,0,0,5,0,0,0.06,0.06,0,0.06,Matches,2015-2016
140,Daniele Croce,it ITA,MF,Empoli,32,1982,28,19,"1,789",19.9,0,1,1,0,0,0,3,0,0,0.05,0.05,0,0.05,Matches,2015-2016
141,Juan Cuadrado,co COL,"DF,FW",Juventus,27,1988,28,16,"1,724",19.2,4,5,9,4,0,0,2,0,0.21,0.26,0.47,0.21,0.47,Matches,2015-2016
142,Marco D'Alessandro,it ITA,"DF,FW",Atalanta,24,1991,23,11,"1,152",12.8,3,2,5,3,0,0,3,0,0.23,0.16,0.39,0.23,0.39,Matches,2015-2016
143,Danilo D'Ambrosio,it ITA,DF,Inter,26,1988,20,18,"1,616",18,2,0,2,2,0,0,5,1,0.11,0,0.11,0.11,0.11,Matches,2015-2016
144,Dario Dainelli,it ITA,DF,Chievo,36,1979,18,15,"1,378",15.3,1,0,1,1,0,0,5,0,0.07,0,0.07,0.07,0.07,Matches,2015-2016
145,Felipe dal Belo,br BRA,DF,Udinese,31,1984,26,26,"2,139",23.8,1,1,2,1,0,0,11,1,0.04,0.04,0.08,0.04,0.08,Matches,2015-2016
146,Fabio Daprelà,ch SUI,"DF,MF",Carpi,24,1991,2,0,62,0.7,0,0,0,0,0,0,1,0,0,0,0,0,0,Matches,2015-2016
147,Fabio Daprelà,ch SUI,"DF,MF",Palermo,24,1991,5,1,154,1.7,0,0,0,0,0,0,1,0,0,0,0,0,0,Matches,2015-2016
148,Sebastien De Maio,fr FRA,DF,Genoa,28,1987,28,25,"2,234",24.8,1,1,2,1,0,0,7,1,0.04,0.04,0.08,0.04,0.08,Matches,2015-2016
149,Daniele De Rossi,it ITA,"DF,MF",Roma,32,1983,24,23,"1,905",21.2,1,2,3,1,0,0,9,0,0.05,0.09,0.14,0.05,0.14,Matches,2015-2016
150,Morgan De Sanctis,it ITA,GK,Roma,38,1977,4,4,360,4,0,0,0,0,0,0,0,0,0,0,0,0,0,Matches,2015-2016
Rk,Player,Nation,Pos,Squad,Age,Born,MP,Starts,Min,90s,Gls,Ast,G+A,G-PK,PK,PKatt,CrdY,CrdR,Gls,Ast,G+A,G-PK,G+A-PK,Matches,2015-2016
151,Mattia De Sciglio,it ITA,"DF,MF",Milan,22,1992,22,21,"1,840",20.4,0,1,1,0,0,0,3,0,0,0.05,0.05,0,0.05,Matches,2015-2016
152,Lorenzo De Silvestri,it ITA,"DF,MF",Sampdoria,27,1988,17,17,"1,392",15.5,1,2,3,1,0,0,4,0,0.06,0.13,0.19,0.06,0.19,Matches,2015-2016
153,Grégoire Defrel,mq MTQ,"FW,MF",Sassuolo,24,1991,33,24,"2,050",22.8,7,3,10,7,0,0,4,1,0.31,0.13,0.44,0.31,0.44,Matches,2015-2016
154,Fabio Della Giovanna,it ITA,DF,Inter,18,1997,1,0,10,0.1,0,0,0,0,0,0,0,0,0,0,0,0,0,Matches,2015-2016
155,Germán Denis,ar ARG,FW,Atalanta,33,1981,15,12,974,10.8,4,1,5,3,1,2,0,0,0.37,0.09,0.46,0.28,0.37,Matches,2015-2016
156,Mattia Destro,it ITA,FW,Bologna,24,1991,27,25,"2,132",23.7,8,3,11,6,2,3,9,0,0.34,0.13,0.46,0.25,0.38,Matches,2015-2016
157,Antonio Di Gaudio,it ITA,"FW,MF",Carpi,25,1989,29,16,"1,505",16.7,3,3,6,3,0,0,2,0,0.18,0.18,0.36,0.18,0.36,Matches,2015-2016
158,Lorenzo Di Livio,it ITA,MF,Roma,18,1997,1,0,21,0.2,0,0,0,0,0,0,1,0,0,0,0,0,0,Matches,2015-2016
159,Antonio Di Natale,it ITA,FW,Udinese,37,1977,23,12,"1,148",12.8,2,4,6,1,1,1,0,0,0.16,0.31,0.47,0.08,0.39,Matches,2015-2016
160,Modibo Diakité,fr FRA,DF,Frosinone,28,1987,18,18,"1,620",18,1,0,1,1,0,0,3,0,0.06,0,0.06,0.06,0.06,Matches,2015-2016
161,Modibo Diakité,fr FRA,DF,Sampdoria,28,1987,8,7,651,7.2,0,0,0,0,0,0,4,0,0,0,0,0,0,Matches,2015-2016
162,Alessandro Diamanti,it ITA,"FW,MF",Atalanta,32,1983,16,9,857,9.5,1,1,2,1,0,0,4,0,0.11,0.11,0.21,0.11,0.21,Matches,2015-2016
163,Amadou Diawara,gn GUI,MF,Bologna,18,1997,34,31,"2,731",30.3,0,1,1,0,0,0,13,2,0,0.03,0.03,0,0.03,Matches,2015-2016
164,Lucas Digne,fr FRA,"DF,MF",Roma,22,1993,33,32,"2,857",31.7,3,3,6,3,0,0,4,0,0.09,0.09,0.19,0.09,0.19,Matches,2015-2016
165,Federico Dionisi,it ITA,FW,Frosinone,28,1987,32,28,"2,443",27.1,9,4,13,8,1,1,11,1,0.33,0.15,0.48,0.29,0.44,Matches,2015-2016
166,Assane Dioussé,sn SEN,MF,Empoli,17,1997,15,9,864,9.6,0,0,0,0,0,0,4,1,0,0,0,0,0,Matches,2015-2016
167,Berat Djimsiti,al ALB,"DF,MF",Atalanta,22,1993,3,3,270,3,0,0,0,0,0,0,1,0,0,0,0,0,0,Matches,2015-2016
168,Dodô,br BRA,DF,Sampdoria,23,1992,17,16,"1,420",15.8,0,1,1,0,0,0,4,0,0,0.06,0.06,0,0.06,Matches,2015-2016
169,Maurizio Domizzi,it ITA,DF,Udinese,35,1980,5,3,272,3,0,0,0,0,0,0,1,0,0,0,0,0,0,Matches,2015-2016
170,Gianluigi Donnarumma,it ITA,GK,Milan,16,1999,30,30,"2,628",29.2,0,0,0,0,0,0,3,0,0,0,0,0,0,Matches,2015-2016
171,Godfred Donsah,gh GHA,MF,Bologna,19,1996,20,18,"1,344",14.9,2,2,4,2,0,0,2,0,0.13,0.13,0.27,0.13,0.27,Matches,2015-2016
172,Boukary Dramé,sn SEN,"DF,MF",Atalanta,30,1985,25,25,"2,050",22.8,0,0,0,0,0,0,3,1,0,0,0,0,0,Matches,2015-2016
173,Alfred Duncan,gh GHA,MF,Sassuolo,22,1993,33,27,"2,488",27.6,1,5,6,1,0,0,5,0,0.04,0.18,0.22,0.04,0.22,Matches,2015-2016
174,Paulo Dybala,ar ARG,"FW,MF",Juventus,21,1993,34,29,"2,443",27.1,19,9,28,13,6,6,1,0,0.7,0.33,1.03,0.48,0.81,Matches,2015-2016
175,Edin Džeko,ba BIH,FW,Roma,29,1986,31,21,"1,959",21.8,8,6,14,6,2,2,4,1,0.37,0.28,0.64,0.28,0.55,Matches,2015-2016
Rk,Player,Nation,Pos,Squad,Age,Born,MP,Starts,Min,90s,Gls,Ast,G+A,G-PK,PK,PKatt,CrdY,CrdR,Gls,Ast,G+A,G-PK,G+A-PK,Matches,2015-2016
176,Blerim Džemaili,ch SUI,MF,Genoa,29,1986,27,22,"1,780",19.8,3,2,5,3,0,0,7,1,0.15,0.1,0.25,0.15,0.25,Matches,2015-2016
177,Edenílson,br BRA,"FW,MF",Udinese,25,1989,29,26,"2,204",24.5,0,0,0,0,0,0,3,0,0,0,0,0,0,Matches,2015-2016
178,Éder,it ITA,FW,Sampdoria,28,1986,19,19,"1,639",18.2,12,2,14,9,3,3,2,0,0.66,0.11,0.77,0.49,0.6,Matches,2015-2016
179,Éder,it ITA,FW,Inter,28,1986,14,8,751,8.3,1,0,1,1,0,0,1,0,0.12,0,0.12,0.12,0.12,Matches,2015-2016
180,Simone Edera,it ITA,MF,Torino,18,1997,2,0,7,0.1,0,0,0,0,0,0,0,0,0,0,0,0,0,Matches,2015-2016
181,Rodrigo Ely,br BRA,DF,Milan,21,1993,3,2,172,1.9,0,0,0,0,0,0,3,1,0,0,0,0,0,Matches,2015-2016
182,Urby Emanuelson,nl NED,"DF,FW",Hellas Verona,29,1986,11,6,623,6.9,0,1,1,0,0,0,0,0,0,0.14,0.14,0,0.14,Matches,2015-2016
183,Marcelo Estigarribia,py PAR,"DF,MF",Atalanta,27,1987,4,0,30,0.3,0,0,0,0,0,0,0,0,0,0,0,0,0,Matches,2015-2016
184,Patrice Evra,fr FRA,DF,Juventus,34,1981,26,24,"2,044",22.7,2,3,5,2,0,0,7,1,0.09,0.13,0.22,0.09,0.22,Matches,2015-2016
185,Diego Falcinelli,it ITA,"FW,MF",Sassuolo,24,1991,26,11,"1,117",12.4,2,1,3,1,1,1,1,0,0.16,0.08,0.24,0.08,0.16,Matches,2015-2016
186,Filippo Falco,it ITA,"FW,MF",Bologna,23,1992,9,1,222,2.5,0,0,0,0,0,0,1,0,0,0,0,0,0,Matches,2015-2016
187,Iago Falque,es ESP,"FW,MF",Roma,25,1990,22,13,"1,167",13,2,2,4,2,0,0,1,0,0.15,0.15,0.31,0.15,0.31,Matches,2015-2016
188,Mohamed Fares,dz ALG,"DF,FW",Hellas Verona,19,1996,11,7,545,6.1,0,1,1,0,0,0,2,0,0,0.17,0.17,0,0.17,Matches,2015-2016
189,Alexander Farnerud,se SWE,MF,Torino,31,1984,5,0,97,1.1,0,0,0,0,0,0,0,0,0,0,0,0,0,Matches,2015-2016
190,Andrea Favilli,it ITA,FW,Juventus,18,1997,1,0,1,0,0,0,0,0,0,0,0,0,0,0,0,0,0,Matches,2015-2016
191,Matteo Fedele,ch SUI,MF,Carpi,23,1992,8,8,564,6.3,0,0,0,0,0,0,2,0,0,0,0,0,0,Matches,2015-2016
192,Bruno Fernandes,pt POR,"FW,MF",Udinese,20,1994,31,24,"2,110",23.4,3,4,7,2,1,1,9,1,0.13,0.17,0.3,0.09,0.26,Matches,2015-2016
193,Matías Fernández,cl CHI,MF,Fiorentina,29,1986,22,11,"1,079",12,1,3,4,1,0,0,5,1,0.08,0.25,0.33,0.08,0.33,Matches,2015-2016
194,Fernando,br BRA,MF,Sampdoria,23,1992,35,34,"2,981",33.1,4,2,6,4,0,0,14,0,0.12,0.06,0.18,0.12,0.18,Matches,2015-2016
195,Alex Ferrari,it ITA,DF,Bologna,21,1994,21,13,"1,258",14,0,0,0,0,0,0,6,0,0,0,0,0,0,Matches,2015-2016
196,Riccardo Fiamozzi,it ITA,"DF,MF",Genoa,22,1993,8,4,480,5.3,0,0,0,0,0,0,1,0,0,0,0,0,0,Matches,2015-2016
197,Diogo Figueiras,pt POR,"DF,MF",Genoa,24,1991,9,7,546,6.1,1,0,1,1,0,0,2,0,0.16,0,0.16,0.16,0.16,Matches,2015-2016
198,Sergio Floccari,it ITA,FW,Bologna,33,1981,18,10,"1,120",12.4,2,0,2,2,0,0,0,0,0.16,0,0.16,0.16,0.16,Matches,2015-2016
199,Sergio Floccari,it ITA,FW,Sassuolo,33,1981,7,5,436,4.8,4,0,4,4,0,0,1,0,0.83,0,0.83,0.83,0.83,Matches,2015-2016
200,Alessandro Florenzi,it ITA,"DF,FW",Roma,24,1991,33,31,"2,719",30.2,7,3,10,7,0,0,4,0,0.23,0.1,0.33,0.23,0.33,Matches,2015-2016
Rk,Player,Nation,Pos,Squad,Age,Born,MP,Starts,Min,90s,Gls,Ast,G+A,G-PK,PK,PKatt,CrdY,CrdR,Gls,Ast,G+A,G-PK,G+A-PK,Matches,2015-2016
201,Antonio Floro Flores,it ITA,FW,Chievo,32,1983,14,8,652,7.2,1,0,1,1,0,0,2,0,0.14,0,0.14,0.14,0.14,Matches,2015-2016
202,Antonio Floro Flores,it ITA,FW,Sassuolo,32,1983,14,8,638,7.1,3,2,5,3,0,0,0,0,0.42,0.28,0.71,0.42,0.71,Matches,2015-2016
203,Alessandro Frara,it ITA,MF,Frosinone,32,1982,20,14,"1,162",12.9,2,0,2,2,0,0,3,0,0.15,0,0.15,0.15,0.15,Matches,2015-2016
204,Remo Freuler,ch SUI,MF,Atalanta,23,1992,6,5,449,5,1,0,1,1,0,0,0,0,0.2,0,0.2,0.2,0.2,Matches,2015-2016
205,Nicolas Frey,fr FRA,DF,Chievo,31,1984,19,17,"1,484",16.5,0,0,0,0,0,0,3,0,0,0,0,0,0,Matches,2015-2016
206,Dominik Furman,pl POL,MF,Hellas Verona,23,1992,1,0,20,0.2,0,0,0,0,0,0,0,0,0,0,0,0,0,Matches,2015-2016
207,Manolo Gabbiadini,it ITA,FW,Napoli,23,1991,23,4,562,6.2,5,3,8,4,1,1,1,0,0.8,0.48,1.28,0.64,1.12,Matches,2015-2016
208,Gabriel,br BRA,GK,Napoli,22,1992,1,1,90,1,0,0,0,0,0,0,0,0,0,0,0,0,0,Matches,2015-2016
209,Roberto Gagliardini,it ITA,MF,Atalanta,21,1994,1,1,81,0.9,0,0,0,0,0,0,0,0,0,0,0,0,0,Matches,2015-2016
210,Riccardo Gagliolo,se SWE,DF,Carpi,25,1990,31,29,"2,637",29.3,1,0,1,1,0,0,13,1,0.03,0,0.03,0.03,0.03,Matches,2015-2016
211,Serge Gakpé,tg TOG,"FW,MF",Genoa,28,1987,13,8,776,8.6,3,1,4,3,0,0,1,0,0.35,0.12,0.46,0.35,0.46,Matches,2015-2016
212,Serge Gakpé,tg TOG,"FW,MF",Atalanta,28,1987,5,0,78,0.9,0,0,0,0,0,0,0,0,0,0,0,0,0,Matches,2015-2016
213,Alessandro Gamberini,it ITA,DF,Chievo,33,1981,22,22,"1,809",20.1,0,1,1,0,0,0,1,0,0,0.05,0.05,0,0.05,Matches,2015-2016
214,Daniele Gastaldello,it ITA,DF,Bologna,32,1983,26,26,"2,197",24.4,1,2,3,1,0,0,9,1,0.04,0.08,0.12,0.04,0.12,Matches,2015-2016
215,Alessandro Gazzi,it ITA,MF,Torino,32,1983,15,11,967,10.7,0,0,0,0,0,0,4,0,0,0,0,0,0,Matches,2015-2016
216,Marcello Gazzola,it ITA,DF,Sassuolo,30,1985,9,4,480,5.3,0,1,1,0,0,0,1,0,0,0.19,0.19,0,0.19,Matches,2015-2016
217,Santiago Gentiletti,ar ARG,DF,Lazio,30,1985,19,19,"1,710",19,0,0,0,0,0,0,10,0,0,0,0,0,0,Matches,2015-2016
218,Gervinho,ci CIV,"FW,MF",Roma,28,1987,14,13,"1,086",12.1,6,1,7,6,0,0,0,0,0.5,0.08,0.58,0.5,0.58,Matches,2015-2016
219,Faouzi Ghoulam,dz ALG,DF,Napoli,24,1991,34,32,"2,918",32.4,0,3,3,0,0,0,3,0,0,0.09,0.09,0,0.09,Matches,2015-2016
220,Emanuele Giaccherini,it ITA,"FW,MF",Bologna,30,1985,28,27,"2,174",24.2,7,0,7,7,0,0,7,0,0.29,0,0.29,0.29,0.29,Matches,2015-2016
221,Alberto Gilardino,it ITA,FW,Palermo,33,1982,33,26,"2,350",26.1,10,2,12,10,0,0,4,0,0.38,0.08,0.46,0.38,0.46,Matches,2015-2016
222,Gilberto,br BRA,"DF,MF",Hellas Verona,22,1993,5,0,183,2,0,0,0,0,0,0,1,0,0,0,0,0,0,Matches,2015-2016
223,Gilberto,br BRA,"DF,MF",Fiorentina,22,1993,5,3,282,3.1,0,0,0,0,0,0,1,0,0,0,0,0,0,Matches,2015-2016
224,Luigi Giorgi,it ITA,MF,Atalanta,28,1987,1,0,14,0.2,0,0,0,0,0,0,0,0,0,0,0,0,0,Matches,2015-2016
225,Kamil Glik,pl POL,"DF,MF",Torino,27,1988,33,33,"2,970",33,0,0,0,0,0,0,11,0,0,0,0,0,0,Matches,2015-2016
Rk,Player,Nation,Pos,Squad,Age,Born,MP,Starts,Min,90s,Gls,Ast,G+A,G-PK,PK,PKatt,CrdY,CrdR,Gls,Ast,G+A,G-PK,G+A-PK,Matches,2015-2016
226,Assane Gnoukouri,ci CIV,MF,Inter,18,1996,2,1,57,0.6,0,0,0,0,0,0,0,0,0,0,0,0,0,Matches,2015-2016
227,Massimo Gobbi,it ITA,"DF,MF",Chievo,34,1980,34,31,"2,788",31,0,1,1,0,0,0,7,0,0,0.03,0.03,0,0.03,Matches,2015-2016
228,Edoardo Goldaniga,it ITA,DF,Palermo,21,1993,17,14,"1,213",13.5,2,0,2,2,0,0,5,0,0.15,0,0.15,0.15,0.15,Matches,2015-2016
229,Pierluigi Gollini,it ITA,GK,Hellas Verona,20,1995,26,25,"2,320",25.8,0,0,0,0,0,0,2,0,0,0,0,0,0,Matches,2015-2016
230,Papu Gómez,ar ARG,"FW,MF",Atalanta,27,1988,34,33,"2,810",31.2,7,7,14,7,0,0,4,1,0.22,0.22,0.45,0.22,0.45,Matches,2015-2016
231,Giancarlo González,cr CRC,DF,Palermo,27,1988,35,35,"3,137",34.9,2,0,2,2,0,0,11,0,0.06,0,0.06,0.06,0.06,Matches,2015-2016
232,Mirko Gori,it ITA,MF,Frosinone,22,1993,28,26,"2,162",24,0,0,0,0,0,0,10,1,0,0,0,0,0,Matches,2015-2016
233,Alberto Grassi,it ITA,MF,Atalanta,20,1995,13,13,974,10.8,0,0,0,0,0,0,6,1,0,0,0,0,0,Matches,2015-2016
234,Leandro Greco,it ITA,MF,Hellas Verona,29,1986,26,22,"1,892",21,1,0,1,1,0,0,7,0,0.05,0,0.05,0.05,0.05,Matches,2015-2016
235,Fredy Guarín,co COL,MF,Inter,29,1986,16,11,971,10.8,1,1,2,1,0,0,7,0,0.09,0.09,0.19,0.09,0.19,Matches,2015-2016
236,Robert Gucher,at AUT,MF,Frosinone,24,1991,24,15,"1,372",15.2,0,0,0,0,0,0,3,0,0,0,0,0,0,Matches,2015-2016
237,Guilherme,qa QAT,MF,Udinese,24,1991,5,4,338,3.8,0,0,0,0,0,0,1,0,0,0,0,0,0,Matches,2015-2016
238,Jonathan de Guzmán,nl NED,MF,Carpi,27,1987,5,1,115,1.3,1,0,1,0,1,1,0,0,0.78,0,0.78,0,0,Matches,2015-2016
239,Norbert Gyömbér,sk SVK,"DF,MF",Roma,23,1992,6,0,99,1.1,0,0,0,0,0,0,1,0,0,0,0,0,0,Matches,2015-2016
240,Emil Hallfreðsson,is ISL,"FW,MF",Udinese,31,1984,11,7,662,7.4,0,0,0,0,0,0,3,0,0,0,0,0,0,Matches,2015-2016
241,Emil Hallfreðsson,is ISL,"FW,MF",Hellas Verona,31,1984,16,15,"1,209",13.4,0,1,1,0,0,0,8,0,0,0.07,0.07,0,0.07,Matches,2015-2016
242,Marek Hamšík,sk SVK,MF,Napoli,28,1987,38,38,"3,220",35.8,6,11,17,5,1,2,0,0,0.17,0.31,0.48,0.14,0.45,Matches,2015-2016
243,Samir Handanović,si SVN,GK,Inter,31,1984,36,36,"3,240",36,0,0,0,0,0,0,5,0,0,0,0,0,0,Matches,2015-2016
244,Filip Helander,se SWE,"DF,MF",Hellas Verona,22,1993,24,21,"1,867",20.7,2,0,2,2,0,0,4,0,0.1,0,0.1,0.1,0.1,Matches,2015-2016
245,Hernanes,br BRA,MF,Inter,30,1985,2,0,52,0.6,0,0,0,0,0,0,0,0,0,0,0,0,0,Matches,2015-2016
246,Hernanes,br BRA,MF,Juventus,30,1985,14,10,863,9.6,1,1,2,1,0,0,6,0,0.1,0.1,0.21,0.1,0.21,Matches,2015-2016
247,Përparim Hetemaj,fi FIN,MF,Chievo,28,1986,28,26,"2,255",25.1,1,0,1,1,0,0,7,0,0.04,0,0.04,0.04,0.04,Matches,2015-2016
248,Thomas Heurtaux,fr FRA,DF,Udinese,27,1988,15,10,"1,075",11.9,0,0,0,0,0,0,4,0,0,0,0,0,0,Matches,2015-2016
249,Gonzalo Higuaín,ar ARG,"FW,MF",Napoli,27,1987,35,35,"2,958",32.9,36,2,38,33,3,3,3,1,1.1,0.06,1.16,1,1.06,Matches,2015-2016
250,Oscar Hiljemark,se SWE,MF,Palermo,23,1992,37,36,"2,889",32.1,4,5,9,4,0,0,4,0,0.12,0.16,0.28,0.12,0.28,Matches,2015-2016
Rk,Player,Nation,Pos,Squad,Age,Born,MP,Starts,Min,90s,Gls,Ast,G+A,G-PK,PK,PKatt,CrdY,CrdR,Gls,Ast,G+A,G-PK,G+A-PK,Matches,2015-2016
251,Wesley Hoedt,nl NED,DF,Lazio,21,1994,25,24,"2,049",22.8,0,0,0,0,0,0,5,1,0,0,0,0,0,Matches,2015-2016
252,Keisuke Honda,jp JPN,"FW,MF",Milan,29,1986,30,23,"1,925",21.4,1,3,4,1,0,0,2,0,0.05,0.14,0.19,0.05,0.19,Matches,2015-2016
253,Elseid Hysaj,al ALB,DF,Napoli,21,1994,37,37,"3,281",36.5,0,2,2,0,0,0,5,0,0,0.05,0.05,0,0.05,Matches,2015-2016
254,Víctor Ibarbo,co COL,"FW,MF",Roma,25,1990,2,0,5,0.1,0,0,0,0,0,0,0,0,0,0,0,0,0,Matches,2015-2016
255,Mauro Icardi,ar ARG,FW,Inter,22,1993,33,32,"2,584",28.7,16,4,20,15,1,2,1,0,0.56,0.14,0.7,0.52,0.66,Matches,2015-2016
256,Salvador Ichazo,uy URU,GK,Torino,23,1992,3,3,270,3,0,0,0,0,0,0,0,0,0,0,0,0,0,Matches,2015-2016
257,Josip Iličić,si SVN,"FW,MF",Fiorentina,27,1988,30,24,"1,907",21.2,13,5,18,6,7,7,2,0,0.61,0.24,0.85,0.28,0.52,Matches,2015-2016
258,Ciro Immobile,it ITA,FW,Torino,25,1990,14,11,987,11,5,2,7,3,2,3,2,0,0.46,0.18,0.64,0.27,0.46,Matches,2015-2016
259,Roberto Inglese,it ITA,FW,Chievo,23,1991,26,14,"1,383",15.4,3,1,4,3,0,0,3,0,0.2,0.07,0.26,0.2,0.26,Matches,2015-2016
260,Lorenzo Insigne,it ITA,"FW,MF",Napoli,24,1991,37,34,"2,598",28.9,12,10,22,10,2,2,2,0,0.42,0.35,0.76,0.35,0.69,Matches,2015-2016
261,Artur Ioniță,md MDA,MF,Hellas Verona,24,1990,31,27,"2,378",26.4,4,2,6,4,0,0,2,0,0.15,0.08,0.23,0.15,0.23,Matches,2015-2016
262,Mauricio Isla,cl CHI,"DF,MF",Juventus,27,1988,1,0,10,0.1,0,0,0,0,0,0,0,0,0,0,0,0,0,Matches,2015-2016
263,Juan Iturbe,py PAR,"FW,MF",Roma,22,1993,12,3,407,4.5,1,0,1,1,0,0,1,0,0.22,0,0.22,0.22,0.22,Matches,2015-2016
264,Manuel Iturra,cl CHI,MF,Udinese,31,1984,17,14,"1,023",11.4,0,1,1,0,0,0,8,0,0,0.09,0.09,0,0.09,Matches,2015-2016
265,Dávid Ivan,sk SVK,MF,Sampdoria,20,1995,21,12,"1,100",12.2,1,0,1,1,0,0,6,1,0.08,0,0.08,0.08,0.08,Matches,2015-2016
266,Armando Izzo,it ITA,DF,Genoa,23,1992,33,30,"2,705",30.1,0,1,1,0,0,0,8,2,0,0.03,0.03,0,0.03,Matches,2015-2016
267,Mato Jajalo,ba BIH,MF,Palermo,27,1988,28,24,"2,033",22.6,0,1,1,0,0,0,8,0,0,0.04,0.04,0,0.04,Matches,2015-2016
268,Boško Janković,rs SRB,MF,Hellas Verona,31,1984,15,11,894,9.9,1,0,1,1,0,0,5,1,0.1,0,0.1,0.1,0.1,Matches,2015-2016
269,Pontus Jansson,se SWE,DF,Torino,24,1991,7,6,616,6.8,1,0,1,1,0,0,1,0,0.15,0,0.15,0.15,0.15,Matches,2015-2016
270,Juan Jesus,br BRA,DF,Inter,24,1991,19,16,"1,413",15.7,0,0,0,0,0,0,3,0,0,0,0,0,0,Matches,2015-2016
271,Nigel de Jong,nl NED,MF,Milan,30,1984,5,5,370,4.1,0,0,0,0,0,0,0,1,0,0,0,0,0,Matches,2015-2016
272,Jorginho,it ITA,MF,Napoli,23,1991,35,32,"2,915",32.4,0,4,4,0,0,0,12,1,0,0.12,0.12,0,0.12,Matches,2015-2016
273,Stevan Jovetić,me MNE,"FW,MF",Inter,25,1989,26,18,"1,516",16.8,6,2,8,5,1,1,4,0,0.36,0.12,0.47,0.3,0.42,Matches,2015-2016
274,Juanito,ar ARG,FW,Hellas Verona,30,1985,33,19,"1,842",20.5,1,0,1,1,0,0,3,0,0.05,0,0.05,0.05,0.05,Matches,2015-2016
275,Omar El Kaddouri,ma MAR,MF,Napoli,24,1990,20,0,251,2.8,1,2,3,1,0,0,1,0,0.36,0.72,1.08,0.36,1.08,Matches,2015-2016
Rk,Player,Nation,Pos,Squad,Age,Born,MP,Starts,Min,90s,Gls,Ast,G+A,G-PK,PK,PKatt,CrdY,CrdR,Gls,Ast,G+A,G-PK,G+A-PK,Matches,2015-2016
276,Nikola Kalinić,hr CRO,FW,Fiorentina,27,1988,36,25,"2,576",28.6,12,3,15,12,0,1,5,0,0.42,0.1,0.52,0.42,0.52,Matches,2015-2016
277,Abdelhamid El Kaoutari,ma MAR,DF,Palermo,25,1990,7,7,630,7,1,0,1,1,0,0,2,0,0.14,0,0.14,0.14,0.14,Matches,2015-2016
278,Orestis Karnezis,gr GRE,GK,Udinese,30,1985,38,38,"3,420",38,0,0,0,0,0,0,0,0,0,0,0,0,0,Matches,2015-2016
279,Seydou Keita,ml MLI,MF,Roma,35,1980,20,16,"1,367",15.2,1,0,1,1,0,0,4,0,0.07,0,0.07,0.07,0.07,Matches,2015-2016
280,Sami Khedira,de GER,MF,Juventus,28,1987,20,20,"1,528",17,5,4,9,5,0,0,3,1,0.29,0.24,0.53,0.29,0.53,Matches,2015-2016
281,Ricardo Kishna,nl NED,"FW,MF",Lazio,20,1995,11,7,558,6.2,2,0,2,2,0,0,0,0,0.32,0,0.32,0.32,0.32,Matches,2015-2016
282,Miroslav Klose,de GER,FW,Lazio,37,1978,24,14,"1,357",15.1,7,7,14,6,1,1,3,0,0.46,0.46,0.93,0.4,0.86,Matches,2015-2016
283,Geoffrey Kondogbia,cf CTA,"DF,MF",Inter,22,1993,26,23,"1,988",22.1,1,0,1,1,0,0,6,1,0.05,0,0.05,0.05,0.05,Matches,2015-2016
284,Panagiotis Kone,gr GRE,MF,Udinese,28,1987,5,2,232,2.6,0,1,1,0,0,0,2,1,0,0.39,0.39,0,0.39,Matches,2015-2016
285,Panagiotis Kone,gr GRE,MF,Fiorentina,28,1987,1,0,9,0.1,0,0,0,0,0,0,0,0,0,0,0,0,0,Matches,2015-2016
286,Abdoulay Konko,fr FRA,"DF,MF",Lazio,31,1984,18,17,"1,529",17,0,0,0,0,0,0,3,0,0,0,0,0,0,Matches,2015-2016
287,Kalidou Koulibaly,sn SEN,DF,Napoli,24,1991,33,32,"2,888",32.1,0,0,0,0,0,0,11,0,0,0,0,0,0,Matches,2015-2016
288,Emil Krafth,se SWE,DF,Bologna,20,1994,4,2,146,1.6,0,0,0,0,0,0,0,0,0,0,0,0,0,Matches,2015-2016
289,Oliver Kragl,de GER,"DF,MF",Frosinone,25,1990,15,12,925,10.3,1,0,1,1,0,0,4,0,0.1,0,0.1,0.1,0.1,Matches,2015-2016
290,Nenad Krstičić,rs SRB,MF,Sampdoria,25,1990,10,6,544,6,0,1,1,0,0,0,5,0,0,0.17,0.17,0,0.17,Matches,2015-2016
291,Rade Krunić,ba BIH,MF,Empoli,21,1993,15,5,499,5.5,1,0,1,1,0,0,3,0,0.18,0,0.18,0.18,0.18,Matches,2015-2016
292,Juraj Kucka,sk SVK,MF,Genoa,28,1987,1,1,90,1,0,0,0,0,0,0,0,0,0,0,0,0,0,Matches,2015-2016
293,Juraj Kucka,sk SVK,MF,Milan,28,1987,29,24,"2,077",23.1,1,3,4,1,0,0,11,0,0.04,0.13,0.17,0.04,0.17,Matches,2015-2016
294,Jasmin Kurtić,si SVN,MF,Atalanta,26,1989,32,30,"2,404",26.7,2,0,2,2,0,0,7,1,0.07,0,0.07,0.07,0.07,Matches,2015-2016
295,Zdravko Kuzmanović,rs SRB,MF,Udinese,27,1987,16,13,"1,131",12.6,0,0,0,0,0,0,5,0,0,0,0,0,0,Matches,2015-2016
296,Antonino La Gumina,it ITA,FW,Palermo,19,1996,3,0,67,0.7,0,0,0,0,0,0,0,0,0,0,0,0,0,Matches,2015-2016
297,Eugenio Lamanna,it ITA,GK,Genoa,25,1989,13,13,"1,170",13,0,0,0,0,0,0,0,0,0,0,0,0,0,Matches,2015-2016
298,Danilo Larangeira,br BRA,DF,Udinese,31,1984,34,34,"2,947",32.7,0,0,0,0,0,0,11,2,0,0,0,0,0,Matches,2015-2016
299,Karim Laribi,tn TUN,"FW,MF",Sassuolo,24,1991,11,6,484,5.4,0,0,0,0,0,0,0,0,0,0,0,0,0,Matches,2015-2016
300,Kevin Lasagna,it ITA,"FW,MF",Carpi,22,1992,36,8,"1,504",16.7,5,2,7,5,0,0,1,0,0.3,0.12,0.42,0.3,0.42,Matches,2015-2016
Rk,Player,Nation,Pos,Squad,Age,Born,MP,Starts,Min,90s,Gls,Ast,G+A,G-PK,PK,PKatt,CrdY,CrdR,Gls,Ast,G+A,G-PK,G+A-PK,Matches,2015-2016
301,Vincent Laurini,fr FRA,DF,Empoli,26,1989,25,24,"1,949",21.7,1,0,1,1,0,0,5,0,0.05,0,0.05,0.05,0.05,Matches,2015-2016
302,Diego Laxalt,uy URU,"DF,MF",Genoa,22,1993,35,35,"3,072",34.1,3,4,7,3,0,0,3,0,0.09,0.12,0.21,0.09,0.21,Matches,2015-2016
303,Achraf Lazaar,ma MAR,"DF,MF",Palermo,23,1992,30,26,"2,292",25.5,1,2,3,1,0,0,4,1,0.04,0.08,0.12,0.04,0.12,Matches,2015-2016
304,Darko Lazović,rs SRB,"DF,FW",Genoa,24,1990,15,6,650,7.2,0,2,2,0,0,0,0,0,0,0.28,0.28,0,0.28,Matches,2015-2016
305,Andrea Lazzari,it ITA,MF,Carpi,30,1984,8,3,346,3.8,1,0,1,1,0,1,1,0,0.26,0,0.26,0.26,0.26,Matches,2015-2016
306,Nicola Leali,it ITA,GK,Frosinone,22,1993,33,33,"2,970",33,0,0,0,0,0,0,3,0,0,0,0,0,0,Matches,2015-2016
307,Mario Lemina,ga GAB,"DF,MF",Juventus,21,1993,10,7,729,8.1,2,0,2,1,1,0,4,0,0.25,0,0.25,0.12,0.12,Matches,2015-2016
308,Gaetano Letizia,it ITA,"DF,MF",Carpi,25,1990,35,33,"2,892",32.1,1,0,1,1,0,0,5,0,0.03,0,0.03,0.03,0.03,Matches,2015-2016
309,Luca Lezzerini,it ITA,GK,Fiorentina,20,1995,2,1,110,1.2,0,0,0,0,0,0,0,0,0,0,0,0,0,Matches,2015-2016
310,Stephan Lichtsteiner,ch SUI,"DF,MF",Juventus,31,1984,26,22,"1,817",20.2,0,1,1,0,0,0,5,0,0,0.05,0.05,0,0.05,Matches,2015-2016
311,Marko Livaja,hr CRO,"FW,MF",Empoli,21,1993,18,4,609,6.8,1,0,1,1,0,0,7,0,0.15,0,0.15,0.15,0.15,Matches,2015-2016
312,Adem Ljajić,rs SRB,"FW,MF",Roma,23,1991,1,0,2,0,0,0,0,0,0,0,0,0,0,0,0,0,0,Matches,2015-2016
313,Adem Ljajić,rs SRB,"FW,MF",Inter,23,1991,25,16,"1,444",16,3,3,6,3,0,0,2,0,0.19,0.19,0.37,0.19,0.37,Matches,2015-2016
314,Fernando Llorente,es ESP,FW,Juventus,30,1985,1,0,12,0.1,0,0,0,0,0,0,0,0,0,0,0,0,0,Matches,2015-2016
315,Manuel Locatelli,it ITA,MF,Milan,17,1998,2,1,94,1,0,0,0,0,0,0,1,0,0,0,0,0,0,Matches,2015-2016
316,Francesco Lodi,it ITA,MF,Udinese,31,1984,24,20,"1,871",20.8,1,1,2,1,0,0,3,0,0.05,0.05,0.1,0.05,0.1,Matches,2015-2016
317,Lorenzo Lollo,it ITA,MF,Carpi,24,1990,27,25,"2,094",23.3,3,1,4,3,0,0,14,2,0.13,0.04,0.17,0.13,0.17,Matches,2015-2016
318,Alessandro Longhi,it ITA,DF,Sassuolo,26,1989,6,4,310,3.4,0,1,1,0,0,0,1,0,0,0.29,0.29,0,0.29,Matches,2015-2016
319,Samuele Longo,it ITA,FW,Frosinone,23,1992,18,3,332,3.7,0,1,1,0,0,0,2,0,0,0.27,0.27,0,0.27,Matches,2015-2016
320,David López,es ESP,"DF,MF",Napoli,25,1989,25,6,748,8.3,1,1,2,1,0,0,2,0,0.12,0.12,0.24,0.12,0.24,Matches,2015-2016
321,Diego López,es ESP,GK,Milan,33,1981,8,8,720,8,0,0,0,0,0,0,1,0,0,0,0,0,0,Matches,2015-2016
322,Maxi López,ar ARG,FW,Torino,31,1984,26,8,"1,092",12.1,4,2,6,2,2,3,2,0,0.33,0.16,0.49,0.16,0.33,Matches,2015-2016
323,Senad Lulić,ba BIH,"DF,MF",Lazio,29,1986,30,28,"2,348",26.1,3,3,6,3,0,0,11,1,0.11,0.11,0.23,0.11,0.23,Matches,2015-2016
324,Paul-Jose M'Poku,cd COD,"FW,MF",Chievo,23,1992,20,6,764,8.5,0,0,0,0,0,0,3,0,0,0,0,0,0,Matches,2015-2016
325,Massimo Maccarone,it ITA,FW,Empoli,35,1979,37,35,"2,745",30.5,13,5,18,12,1,1,4,0,0.43,0.16,0.59,0.39,0.56,Matches,2015-2016
Rk,Player,Nation,Pos,Squad,Age,Born,MP,Starts,Min,90s,Gls,Ast,G+A,G-PK,PK,PKatt,CrdY,CrdR,Gls,Ast,G+A,G-PK,G+A-PK,Matches,2015-2016
326,Christian Maggio,it ITA,"DF,MF",Napoli,33,1982,8,4,398,4.4,0,0,0,0,0,0,0,0,0,0,0,0,0,Matches,2015-2016
327,Francesco Magnanelli,it ITA,MF,Sassuolo,30,1984,34,34,"3,060",34,1,1,2,1,0,0,8,0,0.03,0.03,0.06,0.03,0.06,Matches,2015-2016
328,Raffaele Maiello,it ITA,MF,Empoli,24,1991,12,4,474,5.3,0,0,0,0,0,0,1,0,0,0,0,0,0,Matches,2015-2016
329,Domenico Maietta,it ITA,DF,Bologna,32,1982,19,18,"1,559",17.3,0,0,0,0,0,0,4,0,0,0,0,0,0,Matches,2015-2016
330,Nikola Maksimović,rs SRB,DF,Torino,23,1991,16,16,"1,440",16,0,1,1,0,0,0,2,0,0,0.06,0.06,0,0.06,Matches,2015-2016
331,Rey Manaj,al ALB,FW,Inter,18,1997,4,0,36,0.4,0,0,0,0,0,0,1,0,0,0,0,0,0,Matches,2015-2016
332,Matteo Mancosu,it ITA,FW,Bologna,30,1984,9,3,329,3.7,1,0,1,1,0,0,0,0,0.27,0,0.27,0.27,0.27,Matches,2015-2016
333,Matteo Mancosu,it ITA,FW,Carpi,30,1984,12,7,578,6.4,1,0,1,0,1,1,2,0,0.16,0,0.16,0,0,Matches,2015-2016
334,Mario Mandžukić,hr CRO,"FW,MF",Juventus,29,1986,27,24,"2,040",22.7,10,4,14,10,0,0,5,0,0.44,0.18,0.62,0.44,0.62,Matches,2015-2016
335,Kostas Manolas,gr GRE,DF,Roma,24,1991,37,36,"3,122",34.7,2,2,4,2,0,0,7,0,0.06,0.06,0.12,0.06,0.12,Matches,2015-2016
336,Giovanni Marchese,it ITA,DF,Genoa,30,1984,11,7,664,7.4,0,0,0,0,0,0,4,0,0,0,0,0,0,Matches,2015-2016
337,Federico Marchetti,it ITA,GK,Lazio,32,1983,29,29,"2,547",28.3,0,0,0,0,0,0,0,0,0,0,0,0,0,Matches,2015-2016
338,Claudio Marchisio,it ITA,MF,Juventus,29,1986,23,23,"1,927",21.4,0,2,2,0,0,0,8,0,0,0.09,0.09,0,0.09,Matches,2015-2016
339,Enzo Maresca,it ITA,MF,Palermo,35,1980,15,10,988,11,1,0,1,1,0,0,3,0,0.09,0,0.09,0.09,0.09,Matches,2015-2016
340,Rafael Márquez,mx MEX,"DF,MF",Hellas Verona,36,1979,9,9,757,8.4,0,0,0,0,0,0,3,0,0,0,0,0,0,Matches,2015-2016
341,Marquinho,br BRA,"DF,MF",Udinese,29,1986,11,4,451,5,0,0,0,0,0,0,3,0,0,0,0,0,0,Matches,2015-2016
342,Luca Marrone,it ITA,"DF,MF",Hellas Verona,25,1990,12,10,872,9.7,0,3,3,0,0,0,3,0,0,0.31,0.31,0,0.31,Matches,2015-2016
343,Luca Marrone,it ITA,"DF,MF",Carpi,25,1990,9,9,723,8,1,0,1,1,0,0,4,0,0.12,0,0.12,0.12,0.12,Matches,2015-2016
344,Luca Martinelli,it ITA,DF,Empoli,26,1988,1,1,90,1,0,0,0,0,0,0,0,0,0,0,0,0,0,Matches,2015-2016
345,Josef Martínez,ve VEN,FW,Torino,22,1993,21,10,923,10.3,3,1,4,3,0,0,0,0,0.29,0.1,0.39,0.29,0.39,Matches,2015-2016
346,Raphael Martinho,br BRA,MF,Carpi,27,1988,11,10,679,7.5,0,0,0,0,0,0,3,0,0,0,0,0,0,Matches,2015-2016
347,Andrea Masiello,it ITA,DF,Atalanta,29,1986,29,27,"2,398",26.6,0,1,1,0,0,0,7,0,0,0.04,0.04,0,0.04,Matches,2015-2016
348,Adam Masina,ma MAR,DF,Bologna,21,1994,33,30,"2,620",29.1,2,3,5,2,0,0,8,1,0.07,0.1,0.17,0.07,0.17,Matches,2015-2016
349,Tim Matavž,si SVN,FW,Genoa,26,1989,7,5,466,5.2,0,0,0,0,0,0,0,0,0,0,0,0,0,Matches,2015-2016
350,Ryder Matos,br BRA,"FW,MF",Udinese,22,1993,11,4,414,4.6,0,1,1,0,0,0,1,0,0,0.22,0.22,0,0.22,Matches,2015-2016
Rk,Player,Nation,Pos,Squad,Age,Born,MP,Starts,Min,90s,Gls,Ast,G+A,G-PK,PK,PKatt,CrdY,CrdR,Gls,Ast,G+A,G-PK,G+A-PK,Matches,2015-2016
351,Ryder Matos,br BRA,"FW,MF",Carpi,22,1993,15,14,"1,197",13.3,2,0,2,2,0,0,1,0,0.15,0,0.15,0.15,0.15,Matches,2015-2016
352,Alessandro Matri,it ITA,FW,Lazio,30,1984,19,7,816,9.1,4,1,5,4,0,0,1,1,0.44,0.11,0.55,0.44,0.55,Matches,2015-2016
353,Federico Mattiello,it ITA,"DF,MF",Chievo,20,1995,1,1,90,1,0,1,1,0,0,0,0,0,0,1,1,0,1,Matches,2015-2016
354,Matuzalém,br BRA,MF,Hellas Verona,35,1980,7,2,210,2.3,0,0,0,0,0,0,1,0,0,0,0,0,0,Matches,2015-2016
355,José Mauri,it ITA,MF,Milan,19,1996,5,3,245,2.7,0,0,0,0,0,0,2,0,0,0,0,0,0,Matches,2015-2016
356,Stefano Mauri,it ITA,"FW,MF",Lazio,35,1980,12,6,505,5.6,1,1,2,1,0,0,0,0,0.18,0.18,0.36,0.18,0.36,Matches,2015-2016
357,Maurício,br BRA,DF,Lazio,26,1988,24,19,"1,923",21.4,0,0,0,0,0,0,15,1,0,0,0,0,0,Matches,2015-2016
358,Jerry Mbakogu,ng NGA,FW,Carpi,22,1992,24,20,"1,692",18.8,2,2,4,1,1,3,2,0,0.11,0.11,0.21,0.05,0.16,Matches,2015-2016
359,Ibrahima Mbaye,sn SEN,"DF,MF",Bologna,20,1994,15,11,978,10.9,0,0,0,0,0,0,3,1,0,0,0,0,0,Matches,2015-2016
360,Levan Mchedlidze,ge GEO,"FW,MF",Empoli,25,1990,13,2,321,3.6,0,0,0,0,0,0,2,1,0,0,0,0,0,Matches,2015-2016
361,Gary Medel,cl CHI,"DF,MF",Inter,27,1987,30,28,"2,411",26.8,1,1,2,1,0,0,10,0,0.04,0.04,0.07,0.04,0.07,Matches,2015-2016
362,Riccardo Meggiorini,it ITA,FW,Chievo,29,1985,26,19,"1,640",18.2,5,7,12,5,0,0,8,1,0.27,0.38,0.66,0.27,0.66,Matches,2015-2016
363,Felipe Melo,br BRA,"DF,MF",Inter,32,1983,26,21,"1,773",19.7,1,1,2,1,0,0,8,2,0.05,0.05,0.1,0.05,0.1,Matches,2015-2016
364,Jérémy Ménez,fr FRA,"FW,MF",Milan,28,1987,10,2,296,3.3,2,0,2,1,1,1,1,0,0.61,0,0.61,0.3,0.3,Matches,2015-2016
365,Alexander Merkel,kz KAZ,MF,Udinese,23,1992,1,1,57,0.6,0,0,0,0,0,0,1,0,0,0,0,0,0,Matches,2015-2016
366,Dries Mertens,be BEL,"FW,MF",Napoli,28,1987,33,6,"1,108",12.3,5,5,10,5,0,0,7,0,0.41,0.41,0.81,0.41,0.81,Matches,2015-2016
367,Djamel Mesbah,dz ALG,"DF,MF",Sampdoria,30,1984,7,6,585,6.5,0,0,0,0,0,0,2,0,0,0,0,0,0,Matches,2015-2016
368,Philippe Mexès,fr FRA,DF,Milan,33,1982,5,4,401,4.5,1,0,1,1,0,0,4,0,0.22,0,0.22,0.22,0.22,Matches,2015-2016
369,Giulio Migliaccio,it ITA,"DF,MF",Atalanta,34,1981,18,3,537,6,0,0,0,0,0,0,2,1,0,0,0,0,0,Matches,2015-2016
370,Sergej Milinković-Savić,rs SRB,MF,Lazio,20,1995,25,17,"1,642",18.2,1,0,1,1,0,0,7,1,0.05,0,0.05,0.05,0.05,Matches,2015-2016
371,Miranda,br BRA,DF,Inter,30,1984,32,31,"2,788",31,1,3,4,1,0,0,8,2,0.03,0.1,0.13,0.03,0.13,Matches,2015-2016
372,Antonio Mirante,it ITA,GK,Bologna,32,1983,33,33,"2,970",33,0,0,0,0,0,0,2,0,0,0,0,0,0,Matches,2015-2016
373,Simone Missiroli,it ITA,MF,Sassuolo,29,1986,24,22,"1,832",20.4,2,0,2,2,0,0,8,1,0.1,0,0.1,0.1,0.1,Matches,2015-2016
374,Niklas Moisander,fi FIN,DF,Sampdoria,29,1985,22,19,"1,779",19.8,0,0,0,0,0,0,4,1,0,0,0,0,0,Matches,2015-2016
375,Cristian Molinaro,it ITA,"DF,MF",Torino,32,1983,27,23,"1,960",21.8,1,1,2,1,0,0,5,1,0.05,0.05,0.09,0.05,0.09,Matches,2015-2016
Rk,Player,Nation,Pos,Squad,Age,Born,MP,Starts,Min,90s,Gls,Ast,G+A,G-PK,PK,PKatt,CrdY,CrdR,Gls,Ast,G+A,G-PK,G+A-PK,Matches,2015-2016
376,Gaetano Monachello,it ITA,FW,Atalanta,21,1994,10,3,360,4,0,0,0,0,0,0,2,0,0,0,0,0,0,Matches,2015-2016
377,Riccardo Montolivo,it ITA,MF,Milan,30,1985,31,31,"2,680",29.8,0,1,1,0,0,0,5,0,0,0.03,0.03,0,0.03,Matches,2015-2016
378,Martín Montoya,es ESP,DF,Inter,24,1991,3,3,255,2.8,0,0,0,0,0,0,0,0,0,0,0,0,0,Matches,2015-2016
379,Maximiliano Moralez,ar ARG,"FW,MF",Atalanta,28,1987,17,16,"1,355",15.1,1,4,5,1,0,0,2,0,0.07,0.27,0.33,0.07,0.33,Matches,2015-2016
380,Vangelis Moras,gr GRE,DF,Hellas Verona,33,1981,31,30,"2,750",30.6,1,1,2,1,0,0,6,1,0.03,0.03,0.07,0.03,0.07,Matches,2015-2016
381,Álvaro Morata,es ESP,FW,Juventus,22,1992,34,16,"1,441",16,7,7,14,6,1,1,6,1,0.44,0.44,0.87,0.37,0.81,Matches,2015-2016
382,Emiliano Moretti,it ITA,DF,Torino,34,1981,35,35,"3,150",35,1,1,2,1,0,0,4,0,0.03,0.03,0.06,0.03,0.06,Matches,2015-2016
383,Michel Morganella,ch SUI,"DF,MF",Palermo,26,1989,14,11,"1,024",11.4,0,1,1,0,0,0,4,1,0,0.09,0.09,0,0.09,Matches,2015-2016
384,Archimede Morleo,it ITA,DF,Bologna,31,1983,5,5,397,4.4,0,0,0,0,0,0,0,0,0,0,0,0,0,Matches,2015-2016
385,Ravel Morrison,jm JAM,MF,Lazio,22,1993,4,0,63,0.7,0,0,0,0,0,0,0,0,0,0,0,0,0,Matches,2015-2016
386,Anthony Mounier,fr FRA,"FW,MF",Bologna,27,1987,30,24,"1,929",21.4,4,2,6,4,0,0,6,0,0.19,0.09,0.28,0.19,0.28,Matches,2015-2016
387,Ezequiel Muñoz,ar ARG,DF,Genoa,24,1990,18,17,"1,404",15.6,0,0,0,0,0,0,7,0,0,0,0,0,0,Matches,2015-2016
388,Luis Muriel,co COL,FW,Sampdoria,24,1991,32,19,"1,692",18.8,6,5,11,6,0,0,3,0,0.32,0.27,0.59,0.32,0.59,Matches,2015-2016
389,Jeison Murillo,co COL,DF,Inter,23,1992,34,32,"2,843",31.6,2,1,3,2,0,0,9,3,0.06,0.03,0.09,0.06,0.09,Matches,2015-2016
390,Yuto Nagatomo,jp JPN,"DF,MF",Inter,28,1986,22,19,"1,651",18.3,0,0,0,0,0,0,6,2,0,0,0,0,0,Matches,2015-2016
391,Radja Nainggolan,be BEL,MF,Roma,27,1988,35,33,"2,936",32.6,6,1,7,6,0,0,12,1,0.18,0.03,0.21,0.18,0.21,Matches,2015-2016
392,Neto,br BRA,GK,Juventus,26,1989,3,3,270,3,0,0,0,0,0,0,0,0,0,0,0,0,0,Matches,2015-2016
393,M'Baye Niang,sn SEN,"FW,MF",Milan,20,1994,16,15,"1,147",12.7,5,4,9,3,2,2,1,0,0.39,0.31,0.71,0.24,0.55,Matches,2015-2016
394,Nikola Ninković,rs SRB,"FW,MF",Chievo,20,1994,1,0,8,0.1,0,0,0,0,0,0,0,0,0,0,0,0,0,Matches,2015-2016
395,Antonio Nocerino,it ITA,MF,Milan,30,1985,2,1,65,0.7,0,0,0,0,0,0,0,0,0,0,0,0,0,Matches,2015-2016
396,Olivier Ntcham,cm CMR,MF,Genoa,19,1996,17,11,"1,000",11.1,0,1,1,0,0,0,2,0,0,0.09,0.09,0,0.09,Matches,2015-2016
397,Joel Obi,ng NGA,MF,Torino,24,1991,10,7,489,5.4,1,0,1,1,0,0,1,1,0.18,0,0.18,0.18,0.18,Matches,2015-2016
398,Marios Oikonomou,gr GRE,DF,Bologna,22,1992,20,17,"1,619",18,0,1,1,0,0,0,7,1,0,0.06,0.06,0,0.06,Matches,2015-2016
399,Wallace Oliveira,br BRA,DF,Carpi,21,1994,6,1,162,1.8,0,0,0,0,0,0,1,0,0,0,0,0,0,Matches,2015-2016
400,Ogenyi Onazi,ng NGA,MF,Lazio,22,1992,15,14,"1,181",13.1,1,1,2,1,0,0,2,0,0.08,0.08,0.15,0.08,0.15,Matches,2015-2016
Rk,Player,Nation,Pos,Squad,Age,Born,MP,Starts,Min,90s,Gls,Ast,G+A,G-PK,PK,PKatt,CrdY,CrdR,Gls,Ast,G+A,G-PK,G+A-PK,Matches,2015-2016
401,Juan Pablo Carrizo,ar ARG,GK,Inter,31,1984,2,2,161,1.8,0,0,0,0,0,0,0,0,0,0,0,0,0,Matches,2015-2016
402,Daniele Padelli,it ITA,GK,Torino,29,1985,35,35,"3,150",35,0,0,0,0,0,0,3,0,0,0,0,0,0,Matches,2015-2016
403,Simone Padoin,it ITA,"DF,MF",Juventus,31,1984,12,6,580,6.4,1,0,1,1,0,0,2,0,0.16,0,0.16,0.16,0.16,Matches,2015-2016
404,Luca Paganini,it ITA,"DF,FW",Frosinone,22,1993,27,21,"1,837",20.4,2,2,4,2,0,0,6,0,0.1,0.1,0.2,0.1,0.2,Matches,2015-2016
405,Rodrigo Palacio,ar ARG,"FW,MF",Inter,33,1982,27,15,"1,405",15.6,2,4,6,2,0,0,5,0,0.13,0.26,0.38,0.13,0.38,Matches,2015-2016
406,Gabriel Paletta,it ITA,DF,Atalanta,29,1986,24,24,"2,012",22.4,1,0,1,1,0,0,5,2,0.04,0,0.04,0.04,0.04,Matches,2015-2016
407,Emerson Palmieri,it ITA,"DF,MF",Roma,20,1994,8,1,188,2.1,1,0,1,1,0,0,1,0,0.48,0,0.48,0.48,0.48,Matches,2015-2016
408,Angelo Palombo,it ITA,MF,Sampdoria,33,1981,7,3,384,4.3,0,0,0,0,0,0,0,0,0,0,0,0,0,Matches,2015-2016
409,Alberto Paloschi,it ITA,FW,Chievo,25,1990,21,19,"1,668",18.5,8,2,10,7,1,3,1,0,0.43,0.11,0.54,0.38,0.49,Matches,2015-2016
410,Goran Pandev,mk MKD,"FW,MF",Genoa,32,1983,15,9,827,9.2,0,0,0,0,0,0,0,1,0,0,0,0,0,Matches,2015-2016
411,Giuseppe Panico,it ITA,FW,Genoa,18,1997,1,0,8,0.1,0,0,0,0,0,0,0,0,0,0,0,0,0,Matches,2015-2016
412,Leandro Paredes,ar ARG,MF,Empoli,21,1994,33,29,"2,481",27.6,2,1,3,2,0,0,11,0,0.07,0.04,0.11,0.07,0.11,Matches,2015-2016
413,Marco Parolo,it ITA,MF,Lazio,30,1985,31,30,"2,561",28.5,3,0,3,3,0,0,9,0,0.11,0,0.11,0.11,0.11,Matches,2015-2016
414,Lorenzo Pasciuti,it ITA,MF,Carpi,25,1989,21,19,"1,550",17.2,2,3,5,2,0,0,6,1,0.12,0.17,0.29,0.12,0.29,Matches,2015-2016
415,Manuel Pasqual,it ITA,"DF,MF",Fiorentina,33,1982,17,12,"1,031",11.5,0,2,2,0,0,0,5,0,0,0.17,0.17,0,0.17,Matches,2015-2016
416,Giovanni Pasquale,it ITA,DF,Udinese,33,1982,6,2,235,2.6,0,0,0,0,0,0,2,0,0,0,0,0,0,Matches,2015-2016
417,Patric,es ESP,DF,Lazio,22,1993,9,6,583,6.5,0,0,0,0,0,0,4,1,0,0,0,0,0,Matches,2015-2016
418,Daniel Pavlović,ba BIH,"DF,MF",Frosinone,27,1988,22,22,"1,930",21.4,0,5,5,0,0,0,6,0,0,0.23,0.23,0,0.23,Matches,2015-2016
419,Leonardo Pavoletti,it ITA,FW,Genoa,26,1988,25,22,"1,914",21.3,14,3,17,14,0,0,3,1,0.66,0.14,0.8,0.66,0.8,Matches,2015-2016
420,Giampaolo Pazzini,it ITA,FW,Hellas Verona,30,1984,30,20,"1,915",21.3,6,1,7,3,3,4,5,0,0.28,0.05,0.33,0.14,0.19,Matches,2015-2016
421,Gianluca Pegolo,it ITA,GK,Sassuolo,34,1981,2,1,150,1.7,0,0,0,0,0,0,1,0,0,0,0,0,0,Matches,2015-2016
422,Alberto Pelagotti,it ITA,GK,Empoli,25,1989,6,6,540,6,0,0,0,0,0,0,0,0,0,0,0,0,0,Matches,2015-2016
423,Lorenzo Pellegrini,it ITA,MF,Sassuolo,19,1996,19,13,"1,150",12.8,3,0,3,3,0,0,6,1,0.23,0,0.23,0.23,0.23,Matches,2015-2016
424,Sergio Pellissier,it ITA,FW,Chievo,36,1979,19,10,952,10.6,5,0,5,3,2,2,2,0,0.47,0,0.47,0.28,0.28,Matches,2015-2016
425,Federico Peluso,it ITA,DF,Sassuolo,31,1984,34,34,"3,037",33.7,1,1,2,1,0,0,11,0,0.03,0.03,0.06,0.03,0.06,Matches,2015-2016
Rk,Player,Nation,Pos,Squad,Age,Born,MP,Starts,Min,90s,Gls,Ast,G+A,G-PK,PK,PKatt,CrdY,CrdR,Gls,Ast,G+A,G-PK,G+A-PK,Matches,2015-2016
426,Simone Pepe,it ITA,"FW,MF",Chievo,31,1983,22,6,798,8.9,3,3,6,3,0,0,3,1,0.34,0.34,0.68,0.34,0.68,Matches,2015-2016
427,Pedro Pereira,pt POR,FW,Sampdoria,31,1984,9,7,642,7.1,0,1,1,0,0,0,0,0,0,0.14,0.14,0,0.14,Matches,2015-2016
428,Bruno Peres,br BRA,"DF,MF",Torino,25,1990,31,30,"2,592",28.8,3,4,7,3,0,0,9,0,0.1,0.14,0.24,0.1,0.24,Matches,2015-2016
429,Roberto Pereyra,ar ARG,"DF,FW",Juventus,24,1991,13,9,802,8.9,0,1,1,0,0,0,0,0,0,0.11,0.11,0,0.11,Matches,2015-2016
430,Stipe Perica,hr CRO,FW,Udinese,20,1995,11,5,466,5.2,2,0,2,2,0,0,1,0,0.39,0,0.39,0.39,0.39,Matches,2015-2016
431,Mattia Perin,it ITA,GK,Genoa,22,1992,25,25,"2,250",25,0,0,0,0,0,0,2,0,0,0,0,0,0,Matches,2015-2016
432,Ivan Perišić,hr CRO,"DF,FW",Inter,26,1989,34,26,"2,408",26.8,7,6,13,7,0,0,5,0,0.26,0.22,0.49,0.26,0.49,Matches,2015-2016
433,Diego Perotti,ar ARG,"FW,MF",Genoa,27,1988,16,14,"1,082",12,1,2,3,0,1,1,1,2,0.08,0.17,0.25,0,0.17,Matches,2015-2016
434,Diego Perotti,ar ARG,"FW,MF",Roma,27,1988,15,14,"1,203",13.4,3,6,9,3,0,0,2,0,0.22,0.45,0.67,0.22,0.67,Matches,2015-2016
435,Giuseppe Pezzella,it ITA,"DF,MF",Palermo,17,1997,9,7,594,6.6,0,0,0,0,0,0,0,0,0,0,0,0,0,Matches,2015-2016
436,Mauricio Pinilla,cl CHI,FW,Atalanta,31,1984,20,16,"1,340",14.9,5,2,7,5,0,1,10,1,0.34,0.13,0.47,0.34,0.47,Matches,2015-2016
437,Giampiero Pinzi,it ITA,MF,Chievo,34,1981,18,9,994,11,0,0,0,0,0,0,7,0,0,0,0,0,0,Matches,2015-2016
438,Iván Piris,py PAR,DF,Udinese,26,1989,27,20,"1,869",20.8,0,0,0,0,0,0,5,0,0,0,0,0,0,Matches,2015-2016
439,Eros Pisano,it ITA,DF,Hellas Verona,28,1987,34,33,"2,904",32.3,5,0,5,5,0,0,7,0,0.15,0,0.15,0.15,0.15,Matches,2015-2016
440,Alessandro Piu,it ITA,FW,Empoli,19,1996,10,2,219,2.4,0,0,0,0,0,0,0,0,0,0,0,0,0,Matches,2015-2016
441,Miralem Pjanić,ba BIH,MF,Roma,25,1990,33,30,"2,649",29.4,10,12,22,9,1,1,12,1,0.34,0.41,0.75,0.31,0.71,Matches,2015-2016
442,Paul Pogba,fr FRA,MF,Juventus,22,1993,35,33,"3,019",33.5,8,12,20,7,1,2,10,0,0.24,0.36,0.6,0.21,0.57,Matches,2015-2016
443,Andrea Poli,it ITA,MF,Milan,25,1989,18,4,581,6.5,0,1,1,0,0,0,1,0,0,0.15,0.15,0,0.15,Matches,2015-2016
444,Fabrizio Poli,it ITA,DF,Carpi,26,1989,10,10,848,9.4,0,0,0,0,0,0,5,0,0,0,0,0,0,Matches,2015-2016
445,Matteo Politano,it ITA,"FW,MF",Sassuolo,21,1993,28,11,"1,045",11.6,5,2,7,5,0,0,3,0,0.43,0.17,0.6,0.43,0.6,Matches,2015-2016
446,Ronaldo Pompeu,br BRA,MF,Empoli,25,1990,3,1,107,1.2,0,0,0,0,0,0,1,0,0,0,0,0,0,Matches,2015-2016
447,Andrés Ponce,ve VEN,FW,Sampdoria,18,1996,1,0,6,0.1,0,0,0,0,0,0,0,0,0,0,0,0,0,Matches,2015-2016
448,Filippo Porcari,it ITA,MF,Carpi,31,1984,4,2,184,2,0,0,0,0,0,0,0,0,0,0,0,0,0,Matches,2015-2016
449,Josip Posavec,hr CRO,GK,Palermo,19,1996,1,1,90,1,0,0,0,0,0,0,0,0,0,0,0,0,0,Matches,2015-2016
450,Sanjin Prcić,ba BIH,MF,Torino,21,1993,2,0,29,0.3,0,0,0,0,0,0,0,0,0,0,0,0,0,Matches,2015-2016
Rk,Player,Nation,Pos,Squad,Age,Born,MP,Starts,Min,90s,Gls,Ast,G+A,G-PK,PK,PKatt,CrdY,CrdR,Gls,Ast,G+A,G-PK,G+A-PK,Matches,2015-2016
451,Vasyl Pryima,ua UKR,DF,Frosinone,24,1991,5,3,295,3.3,0,0,0,0,0,0,1,0,0,0,0,0,0,Matches,2015-2016
452,Manuel Pucciarelli,it ITA,"FW,MF",Empoli,24,1991,38,33,"3,033",33.7,6,3,9,6,0,0,1,0,0.18,0.09,0.27,0.18,0.27,Matches,2015-2016
453,Maurizio Pugliesi,it ITA,GK,Empoli,38,1976,1,1,90,1,0,0,0,0,0,0,0,0,0,0,0,0,0,Matches,2015-2016
454,Erick Pulgar,cl CHI,"DF,MF",Bologna,21,1994,13,6,689,7.7,0,0,0,0,0,0,2,0,0,0,0,0,0,Matches,2015-2016
455,Fabio Quagliarella,it ITA,FW,Torino,32,1983,16,16,"1,349",15,5,0,5,4,1,1,0,0,0.33,0,0.33,0.27,0.27,Matches,2015-2016
456,Fabio Quagliarella,it ITA,FW,Sampdoria,32,1983,16,13,"1,223",13.6,3,0,3,3,0,0,1,0,0.22,0,0.22,0.22,0.22,Matches,2015-2016
457,Robin Quaison,se SWE,"FW,MF",Palermo,21,1993,30,14,"1,511",16.8,1,2,3,1,0,0,5,0,0.06,0.12,0.18,0.06,0.18,Matches,2015-2016
458,Ivan Radovanović,rs SRB,"DF,MF",Chievo,26,1988,26,25,"2,076",23.1,0,0,0,0,0,0,9,0,0,0,0,0,0,Matches,2015-2016
459,Ștefan Radu,ro ROU,DF,Lazio,28,1986,13,13,"1,089",12.1,0,1,1,0,0,0,3,1,0,0.08,0.08,0,0.08,Matches,2015-2016
460,Boris Radunović,rs SRB,GK,Atalanta,19,1996,1,1,90,1,0,0,0,0,0,0,0,0,0,0,0,0,0,Matches,2015-2016
461,Rafael,br BRA,GK,Hellas Verona,33,1982,12,12,"1,010",11.2,0,0,0,0,0,0,0,1,0,0,0,0,0,Matches,2015-2016
462,Cristian Raimondi,it ITA,"DF,MF",Atalanta,34,1981,18,6,757,8.4,0,0,0,0,0,0,4,0,0,0,0,0,0,Matches,2015-2016
463,Andrea Ranocchia,it ITA,DF,Sampdoria,27,1988,14,13,"1,143",12.7,0,0,0,0,0,0,7,1,0,0,0,0,0,Matches,2015-2016
464,Andrea Ranocchia,it ITA,DF,Inter,27,1988,10,1,218,2.4,0,0,0,0,0,0,0,0,0,0,0,0,0,Matches,2015-2016
465,Ante Rebić,hr CRO,"FW,MF",Hellas Verona,21,1993,10,6,571,6.3,0,0,0,0,0,0,2,1,0,0,0,0,0,Matches,2015-2016
466,Ante Rebić,hr CRO,"FW,MF",Fiorentina,21,1993,4,3,228,2.5,1,0,1,1,0,0,2,0,0.39,0,0.39,0.39,0.39,Matches,2015-2016
467,Vasco Regini,it ITA,DF,Sampdoria,24,1990,14,14,"1,205",13.4,0,0,0,0,0,0,2,0,0,0,0,0,0,Matches,2015-2016
468,Vasco Regini,it ITA,DF,Napoli,24,1990,1,0,15,0.2,0,0,0,0,0,0,0,0,0,0,0,0,0,Matches,2015-2016
469,Pepe Reina,es ESP,GK,Napoli,32,1982,37,37,"3,330",37,0,0,0,0,0,0,1,0,0,0,0,0,0,Matches,2015-2016
470,Luca Rigoni,it ITA,MF,Genoa,30,1984,18,14,"1,197",13.3,3,2,5,3,0,0,4,0,0.23,0.15,0.38,0.23,0.38,Matches,2015-2016
471,Luca Rigoni,it ITA,MF,Palermo,30,1984,10,8,695,7.7,1,0,1,1,0,0,2,1,0.13,0,0.13,0.13,0.13,Matches,2015-2016
472,Nicola Rigoni,it ITA,MF,Chievo,24,1990,28,22,"1,986",22.1,3,1,4,3,0,0,7,0,0.14,0.05,0.18,0.14,0.18,Matches,2015-2016
473,Tomás Rincón,ve VEN,MF,Genoa,27,1988,33,33,"2,927",32.5,3,6,9,3,0,0,9,0,0.09,0.18,0.28,0.09,0.28,Matches,2015-2016
474,Andrea Rispoli,it ITA,"DF,MF",Palermo,26,1988,22,16,"1,423",15.8,0,4,4,0,0,0,3,0,0,0.25,0.25,0,0.25,Matches,2015-2016
475,Luca Rizzo,it ITA,MF,Bologna,23,1992,23,17,"1,447",16.1,0,2,2,0,0,0,4,1,0,0.12,0.12,0,0.12,Matches,2015-2016
Rk,Player,Nation,Pos,Squad,Age,Born,MP,Starts,Min,90s,Gls,Ast,G+A,G-PK,PK,PKatt,CrdY,CrdR,Gls,Ast,G+A,G-PK,G+A-PK,Matches,2015-2016
476,Michele Rocca,it ITA,MF,Sampdoria,19,1996,1,0,30,0.3,0,0,0,0,0,0,0,0,0,0,0,0,0,Matches,2015-2016
477,Alejandro Rodríguez,es ESP,FW,Sampdoria,24,1991,6,0,45,0.5,0,0,0,0,0,0,0,0,0,0,0,0,0,Matches,2015-2016
478,Gonzalo Rodríguez,ar ARG,DF,Fiorentina,31,1984,35,35,"3,140",34.9,4,0,4,4,0,0,7,0,0.11,0,0.11,0.11,0.11,Matches,2015-2016
479,Alessio Romagnoli,it ITA,DF,Milan,20,1995,34,33,"2,944",32.7,0,0,0,0,0,0,10,1,0,0,0,0,0,Matches,2015-2016
480,Simone Romagnoli,it ITA,DF,Carpi,25,1990,30,30,"2,637",29.3,0,0,0,0,0,0,5,0,0,0,0,0,0,Matches,2015-2016
481,Rômulo,it ITA,"DF,MF",Hellas Verona,28,1987,9,0,266,3,0,1,1,0,0,0,0,0,0,0.34,0.34,0,0.34,Matches,2015-2016
482,Facundo Roncaglia,ar ARG,DF,Fiorentina,28,1987,30,26,"2,435",27.1,1,0,1,1,0,0,9,0,0.04,0,0.04,0.04,0.04,Matches,2015-2016
483,Marten de Roon,nl NED,"DF,MF",Atalanta,24,1991,36,35,"3,089",34.3,1,2,3,1,0,0,11,1,0.03,0.06,0.09,0.03,0.09,Matches,2015-2016
484,Aleandro Rosi,it ITA,"DF,MF",Frosinone,28,1987,27,24,"2,175",24.2,0,0,0,0,0,0,6,0,0,0,0,0,0,Matches,2015-2016
485,Luca Rossettini,it ITA,DF,Bologna,30,1985,29,28,"2,540",28.2,3,1,4,3,0,0,5,0,0.11,0.04,0.14,0.11,0.14,Matches,2015-2016
486,Giuseppe Rossi,it ITA,FW,Fiorentina,28,1987,11,4,373,4.1,0,2,2,0,0,0,1,0,0,0.48,0.48,0,0.48,Matches,2015-2016
487,Antonio Rüdiger,de GER,DF,Roma,22,1993,30,29,"2,635",29.3,2,0,2,2,0,0,4,0,0.07,0,0.07,0.07,0.07,Matches,2015-2016
488,Daniele Rugani,it ITA,DF,Juventus,21,1994,17,11,"1,167",13,0,0,0,0,0,0,2,0,0,0,0,0,0,Matches,2015-2016
489,Mário Rui,pt POR,"DF,MF",Empoli,24,1991,36,36,"3,240",36,0,2,2,0,0,0,8,1,0,0.06,0.06,0,0.06,Matches,2015-2016
490,Adriano Russo,it ITA,DF,Frosinone,28,1987,10,9,883,9.8,1,0,1,1,0,0,2,0,0.1,0,0.1,0.1,0.1,Matches,2015-2016
491,Stefano Sabelli,it ITA,"DF,MF",Carpi,22,1993,7,6,558,6.2,1,0,1,1,0,0,1,0,0.16,0,0.16,0.16,0.16,Matches,2015-2016
492,Umar Sadiq,ng NGA,FW,Roma,18,1997,6,2,189,2.1,2,0,2,2,0,0,0,0,0.95,0,0.95,0.95,0.95,Matches,2015-2016
493,Jacopo Sala,it ITA,"DF,FW",Hellas Verona,23,1991,18,17,"1,477",16.4,0,1,1,0,0,0,6,0,0,0.06,0.06,0,0.06,Matches,2015-2016
494,Jacopo Sala,it ITA,"DF,FW",Sampdoria,23,1991,5,3,196,2.2,0,0,0,0,0,0,2,0,0,0,0,0,0,Matches,2015-2016
495,Mohamed Salah,eg EGY,"FW,MF",Roma,23,1992,34,32,"2,723",30.3,14,6,20,14,0,0,3,1,0.46,0.2,0.66,0.46,0.66,Matches,2015-2016
496,Paolo Sammarco,it ITA,MF,Frosinone,32,1983,28,25,"2,322",25.8,4,1,5,4,0,0,7,0,0.16,0.04,0.19,0.16,0.19,Matches,2015-2016
497,Alex Sandro,br BRA,"DF,MF",Juventus,24,1991,22,15,"1,501",16.7,2,3,5,2,0,0,7,1,0.12,0.18,0.3,0.12,0.3,Matches,2015-2016
498,Nicola Sansone,it ITA,"FW,MF",Sassuolo,23,1991,37,28,"2,542",28.2,7,4,11,7,0,0,8,0,0.25,0.14,0.39,0.25,0.39,Matches,2015-2016
499,Davide Santon,it ITA,DF,Inter,24,1991,12,11,974,10.8,0,1,1,0,0,0,1,0,0,0.09,0.09,0,0.09,Matches,2015-2016
500,Samir Santos,br BRA,DF,Hellas Verona,20,1994,3,3,270,3,1,0,1,1,0,0,1,0,0.33,0,0.33,0.33,0.33,Matches,2015-2016
Rk,Player,Nation,Pos,Squad,Age,Born,MP,Starts,Min,90s,Gls,Ast,G+A,G-PK,PK,PKatt,CrdY,CrdR,Gls,Ast,G+A,G-PK,G+A-PK,Matches,2015-2016
501,Riccardo Saponara,it ITA,"FW,MF",Empoli,23,1991,33,32,"2,629",29.2,5,11,16,5,0,1,6,1,0.17,0.38,0.55,0.17,0.55,Matches,2015-2016
502,Gennaro Sardo,it ITA,DF,Chievo,36,1979,6,3,331,3.7,1,0,1,1,0,0,3,0,0.27,0,0.27,0.27,0.27,Matches,2015-2016
503,Andrea Seculin,it ITA,GK,Chievo,25,1990,3,3,270,3,0,0,0,0,0,0,0,0,0,0,0,0,0,Matches,2015-2016
504,Stephan El Shaarawy,it ITA,"DF,FW",Roma,22,1992,16,15,"1,191",13.2,8,2,10,8,0,0,0,0,0.6,0.15,0.76,0.6,0.76,Matches,2015-2016
505,Franco Signorelli,ve VEN,MF,Empoli,24,1991,1,0,34,0.4,0,0,0,0,0,0,0,0,0,0,0,0,0,Matches,2015-2016
506,Luca Siligardi,it ITA,"FW,MF",Hellas Verona,27,1988,28,17,"1,407",15.6,2,0,2,2,0,0,1,0,0.13,0,0.13,0.13,0.13,Matches,2015-2016
507,Gabriel Silva,br BRA,"DF,MF",Genoa,24,1991,11,8,769,8.5,0,0,0,0,0,0,0,0,0,0,0,0,0,Matches,2015-2016
508,Gabriel Silva,br BRA,"DF,MF",Carpi,24,1991,16,14,"1,282",14.2,0,2,2,0,0,0,4,0,0,0.14,0.14,0,0.14,Matches,2015-2016
509,Gastón Silva,uy URU,DF,Torino,21,1994,12,10,895,9.9,0,1,1,0,0,0,3,0,0,0.1,0.1,0,0.1,Matches,2015-2016
510,Matías Silvestre,ar ARG,DF,Sampdoria,30,1984,25,21,"1,975",21.9,0,0,0,0,0,0,7,0,0,0,0,0,0,Matches,2015-2016
511,Maicon Sisenando,br BRA,DF,Roma,34,1981,15,12,"1,007",11.2,1,2,3,1,0,0,2,1,0.09,0.18,0.27,0.09,0.27,Matches,2015-2016
512,Łukasz Skorupski,pl POL,GK,Empoli,24,1991,31,31,"2,790",31,0,0,0,0,0,0,2,0,0,0,0,0,0,Matches,2015-2016
513,Milan Škriniar,sk SVK,"DF,MF",Sampdoria,20,1995,3,2,105,1.2,0,0,0,0,0,0,1,1,0,0,0,0,0,Matches,2015-2016
514,Danilo Soddimo,it ITA,MF,Frosinone,27,1987,28,20,"1,793",19.9,1,2,3,1,0,0,11,1,0.05,0.1,0.15,0.05,0.15,Matches,2015-2016
515,Roberto Soriano,it ITA,MF,Sampdoria,24,1991,37,33,"2,816",31.3,8,4,12,8,0,0,7,0,0.26,0.13,0.38,0.26,0.38,Matches,2015-2016
516,Stefano Sorrentino,it ITA,GK,Palermo,36,1979,35,35,"3,096",34.4,0,0,0,0,0,0,1,0,0,0,0,0,0,Matches,2015-2016
517,Samuel Souprayen,fr FRA,DF,Hellas Verona,26,1989,20,18,"1,584",17.6,0,0,0,0,0,0,5,1,0,0,0,0,0,Matches,2015-2016
518,Nicolás Spolli,ar ARG,DF,Carpi,32,1983,4,4,325,3.6,0,0,0,0,0,0,2,0,0,0,0,0,0,Matches,2015-2016
519,Nicolás Spolli,ar ARG,DF,Chievo,32,1983,10,8,770,8.6,0,0,0,0,0,0,5,1,0,0,0,0,0,Matches,2015-2016
520,Marco Sportiello,it ITA,GK,Atalanta,23,1992,36,36,"3,240",36,0,0,0,0,0,0,2,0,0,0,0,0,0,Matches,2015-2016
521,Guglielmo Stendardo,it ITA,DF,Atalanta,34,1981,15,12,"1,112",12.4,1,0,1,1,0,0,5,1,0.08,0,0.08,0.08,0.08,Matches,2015-2016
522,Ivan Strinić,hr CRO,DF,Napoli,28,1987,5,3,253,2.8,0,0,0,0,0,0,0,0,0,0,0,0,0,Matches,2015-2016
523,Kevin Strootman,nl NED,MF,Roma,25,1990,5,2,190,2.1,0,1,1,0,0,0,1,0,0,0.47,0.47,0,0.47,Matches,2015-2016
524,Aljaž Struna,si SVN,"DF,MF",Palermo,24,1990,22,22,"1,836",20.4,1,0,1,1,0,0,12,1,0.05,0,0.05,0.05,0.05,Matches,2015-2016
525,Stefano Sturaro,it ITA,MF,Juventus,22,1993,19,11,"1,026",11.4,1,0,1,1,0,0,6,0,0.09,0,0.09,0.09,0.09,Matches,2015-2016
Rk,Player,Nation,Pos,Squad,Age,Born,MP,Starts,Min,90s,Gls,Ast,G+A,G-PK,PK,PKatt,CrdY,CrdR,Gls,Ast,G+A,G-PK,G+A-PK,Matches,2015-2016
526,Emanuele Suagher,it ITA,DF,Carpi,22,1992,9,8,721,8,0,0,0,0,0,0,8,0,0,0,0,0,0,Matches,2015-2016
527,Mario Suárez,es ESP,MF,Fiorentina,28,1987,9,5,456,5.1,1,0,1,1,0,0,3,0,0.2,0,0.2,0.2,0.2,Matches,2015-2016
528,Suso,es ESP,"FW,MF",Genoa,21,1993,19,15,"1,166",13,6,1,7,6,0,0,4,0,0.46,0.08,0.54,0.46,0.54,Matches,2015-2016
529,Suso,es ESP,"FW,MF",Milan,21,1993,1,1,54,0.6,0,0,0,0,0,0,0,0,0,0,0,0,0,Matches,2015-2016
530,Wojciech Szczęsny,pl POL,GK,Roma,25,1990,34,34,"3,060",34,0,0,0,0,0,0,1,0,0,0,0,0,0,Matches,2015-2016
531,Aaron Tabacchi,it ITA,FW,Bologna,17,1998,1,0,9,0.1,0,0,0,0,0,0,0,0,0,0,0,0,0,Matches,2015-2016
532,Panagiotis Tachtsidis,gr GRE,MF,Genoa,24,1991,24,7,837,9.3,2,2,4,2,0,0,3,0,0.22,0.22,0.43,0.22,0.43,Matches,2015-2016
533,Saphir Taïder,dz ALG,MF,Bologna,23,1992,29,25,"2,104",23.4,0,1,1,0,0,0,4,0,0,0.04,0.04,0,0.04,Matches,2015-2016
534,Ciprian Tătărușanu,ro ROU,GK,Fiorentina,29,1986,37,37,"3,310",36.8,0,0,0,0,0,0,2,0,0,0,0,0,0,Matches,2015-2016
535,Alex Telles,br BRA,DF,Inter,22,1992,21,18,"1,573",17.5,0,1,1,0,0,0,7,1,0,0.06,0.06,0,0.06,Matches,2015-2016
536,Cristian Tello,es ESP,"FW,MF",Fiorentina,23,1991,15,13,"1,072",11.9,2,4,6,2,0,0,1,0,0.17,0.34,0.5,0.17,0.5,Matches,2015-2016
537,Emanuele Terranova,it ITA,DF,Sassuolo,28,1987,6,3,334,3.7,0,0,0,0,0,0,1,0,0,0,0,0,0,Matches,2015-2016
538,Cyril Théréau,fr FRA,FW,Udinese,32,1983,36,34,"2,894",32.2,11,3,14,11,0,0,2,1,0.34,0.09,0.44,0.34,0.44,Matches,2015-2016
539,Rafael Tolói,it ITA,DF,Atalanta,24,1990,24,21,"1,896",21.1,1,0,1,1,0,0,8,1,0.05,0,0.05,0.05,0.05,Matches,2015-2016
540,Nenad Tomović,rs SRB,DF,Fiorentina,27,1987,24,19,"1,673",18.6,0,0,0,0,0,0,5,0,0,0,0,0,0,Matches,2015-2016
541,Lorenzo Tonelli,it ITA,DF,Empoli,25,1990,26,26,"2,288",25.4,2,0,2,2,0,0,10,1,0.08,0,0.08,0.08,0.08,Matches,2015-2016
542,Aleksandar Tonev,bg BUL,MF,Frosinone,25,1990,22,11,"1,086",12.1,0,1,1,0,0,0,2,0,0,0.08,0.08,0,0.08,Matches,2015-2016
543,Luca Toni,it ITA,FW,Hellas Verona,38,1977,23,20,"1,775",19.7,6,0,6,3,3,3,3,0,0.3,0,0.3,0.15,0.15,Matches,2015-2016
544,Vasilis Torosidis,gr GRE,"DF,MF",Roma,30,1985,11,6,579,6.4,0,0,0,0,0,0,2,0,0,0,0,0,0,Matches,2015-2016
545,Francesco Totti,it ITA,"FW,MF",Roma,38,1976,13,2,394,4.4,5,3,8,4,1,1,3,0,1.14,0.69,1.83,0.91,1.6,Matches,2015-2016
546,Aleksandar Trajkovski,mk MKD,"FW,MF",Palermo,22,1992,32,16,"1,654",18.4,3,1,4,3,0,0,2,0,0.16,0.05,0.22,0.16,0.22,Matches,2015-2016
547,Marcello Trotta,it ITA,FW,Sassuolo,22,1992,8,1,200,2.2,1,0,1,1,0,0,0,0,0.45,0,0.45,0.45,0.45,Matches,2015-2016
548,Marco Tumminello,it ITA,FW,Roma,16,1998,1,0,1,0,0,0,0,0,0,0,0,0,0,0,0,0,0,Matches,2015-2016
549,Salih Uçan,tr TUR,MF,Roma,21,1994,3,0,43,0.5,0,1,1,0,0,0,0,0,0,2.09,2.09,0,2.09,Matches,2015-2016
550,William Vainqueur,fr FRA,MF,Roma,26,1988,16,4,605,6.7,0,2,2,0,0,0,3,0,0,0.3,0.3,0,0.3,Matches,2015-2016
Rk,Player,Nation,Pos,Squad,Age,Born,MP,Starts,Min,90s,Gls,Ast,G+A,G-PK,PK,PKatt,CrdY,CrdR,Gls,Ast,G+A,G-PK,G+A-PK,Matches,2015-2016
551,Mirko Valdifiori,it ITA,MF,Napoli,29,1986,6,6,453,5,0,0,0,0,0,0,3,0,0,0,0,0,0,Matches,2015-2016
552,Borja Valero,es ESP,MF,Fiorentina,30,1985,37,35,"3,093",34.4,4,6,10,4,0,0,5,0,0.12,0.17,0.29,0.12,0.29,Matches,2015-2016
553,Franco Vázquez,ar ARG,"FW,MF",Palermo,26,1989,36,36,"3,179",35.3,8,7,15,7,1,1,11,0,0.23,0.2,0.42,0.2,0.4,Matches,2015-2016
554,Matías Vecino,uy URU,"FW,MF",Fiorentina,23,1991,30,27,"2,396",26.6,2,1,3,2,0,0,8,0,0.08,0.04,0.11,0.08,0.11,Matches,2015-2016
555,Daniele Verde,it ITA,"FW,MF",Frosinone,19,1996,6,1,131,1.5,0,0,0,0,0,0,0,0,0,0,0,0,0,Matches,2015-2016
556,Simone Verdi,it ITA,"FW,MF",Carpi,23,1992,8,3,273,3,3,0,3,1,2,2,1,0,0.99,0,0.99,0.33,0.33,Matches,2015-2016
557,Joan Verdú,es ESP,MF,Fiorentina,32,1983,5,1,185,2.1,1,0,1,1,0,0,0,0,0.49,0,0.49,0.49,0.49,Matches,2015-2016
558,Roberto Vitiello,it ITA,DF,Palermo,32,1983,10,8,704,7.8,0,0,0,0,0,0,3,1,0,0,0,0,0,Matches,2015-2016
559,Giuseppe Vives,it ITA,MF,Torino,35,1980,33,28,"2,549",28.3,1,1,2,1,0,0,11,1,0.04,0.04,0.07,0.04,0.07,Matches,2015-2016
560,Federico Viviani,it ITA,MF,Hellas Verona,23,1992,19,17,"1,592",17.7,3,6,9,3,0,0,5,1,0.17,0.34,0.51,0.17,0.51,Matches,2015-2016
561,Emiliano Viviano,it ITA,GK,Sampdoria,29,1985,37,37,"3,330",37,0,0,0,0,0,0,2,0,0,0,0,0,0,Matches,2015-2016
562,Stefan de Vrij,nl NED,DF,Lazio,23,1992,2,2,180,2,0,0,0,0,0,0,0,0,0,0,0,0,0,Matches,2015-2016
563,Šime Vrsaljko,hr CRO,"DF,MF",Sassuolo,23,1992,35,35,"3,060",34,0,4,4,0,0,0,10,1,0,0.12,0.12,0,0.12,Matches,2015-2016
564,Molla Wagué,ml MLI,DF,Udinese,24,1991,21,20,"1,691",18.8,0,0,0,0,0,0,6,1,0,0,0,0,0,Matches,2015-2016
565,Silvan Widmer,ch SUI,"DF,MF",Udinese,22,1993,27,21,"1,908",21.2,0,2,2,0,0,0,4,0,0,0.09,0.09,0,0.09,Matches,2015-2016
566,Kamil Wilczek,pl POL,"FW,MF",Carpi,27,1988,3,1,116,1.3,0,0,0,0,0,0,0,0,0,0,0,0,0,Matches,2015-2016
567,Paweł Wszołek,pl POL,"DF,MF",Hellas Verona,23,1992,26,23,"1,800",20,0,5,5,0,0,0,4,1,0,0.25,0.25,0,0.25,Matches,2015-2016
568,Paweł Wszołek,pl POL,"DF,MF",Sampdoria,23,1992,2,0,12,0.1,0,0,0,0,0,0,0,0,0,0,0,0,0,Matches,2015-2016
569,Mattia Zaccagni,it ITA,"FW,MF",Hellas Verona,20,1995,3,0,52,0.6,0,0,0,0,0,0,0,0,0,0,0,0,0,Matches,2015-2016
570,Cristian Zaccardo,it ITA,DF,Carpi,33,1981,27,26,"2,404",26.7,1,0,1,1,0,0,4,0,0.04,0,0.04,0.04,0.04,Matches,2015-2016
571,Marco Zambelli,it ITA,"DF,MF",Empoli,29,1985,19,13,"1,250",13.9,0,0,0,0,0,0,3,0,0,0,0,0,0,Matches,2015-2016
572,Cristián Zapata,co COL,DF,Milan,28,1986,16,14,"1,335",14.8,1,0,1,1,0,0,4,0,0.07,0,0.07,0.07,0.07,Matches,2015-2016
573,Duván Zapata,co COL,FW,Udinese,24,1991,25,15,"1,518",16.9,8,2,10,8,0,0,6,0,0.47,0.12,0.59,0.47,0.59,Matches,2015-2016
574,Davide Zappacosta,it ITA,"DF,MF",Torino,23,1992,25,13,"1,266",14.1,1,1,2,1,0,0,3,0,0.07,0.07,0.14,0.07,0.14,Matches,2015-2016
575,Massimo Zappino,br BRA,GK,Frosinone,34,1981,4,3,331,3.7,0,0,0,0,0,0,0,0,0,0,0,0,0,Matches,2015-2016
Rk,Player,Nation,Pos,Squad,Age,Born,MP,Starts,Min,90s,Gls,Ast,G+A,G-PK,PK,PKatt,CrdY,CrdR,Gls,Ast,G+A,G-PK,G+A-PK,Matches,2015-2016
576,Mauro Zárate,ar ARG,"FW,MF",Fiorentina,28,1987,15,6,704,7.8,3,1,4,3,0,0,2,1,0.38,0.13,0.51,0.38,0.51,Matches,2015-2016
577,Simone Zaza,it ITA,FW,Juventus,24,1991,19,5,673,7.5,5,0,5,5,0,0,6,1,0.67,0,0.67,0.67,0.67,Matches,2015-2016
578,Piotr Zieliński,pl POL,MF,Empoli,21,1994,35,35,"3,026",33.6,5,4,9,5,0,0,7,1,0.15,0.12,0.27,0.15,0.27,Matches,2015-2016
579,Franco Zuculini,ar ARG,MF,Bologna,24,1990,1,0,19,0.2,0,0,0,0,0,0,0,0,0,0,0,0,0,Matches,2015-2016
580,Ervin Zukanović,ba BIH,DF,Sampdoria,28,1987,16,14,"1,331",14.8,3,0,3,3,0,0,5,1,0.2,0,0.2,0.2,0.2,Matches,2015-2016
581,Ervin Zukanović,ba BIH,DF,Roma,28,1987,9,6,523,5.8,0,0,0,0,0,0,2,0,0,0,0,0,0,Matches,2015-2016
582,Juan Zúñiga,co COL,"DF,MF",Bologna,29,1985,9,3,453,5,0,1,1,0,0,0,0,0,0,0.2,0.2,0,0.2,Matches,2015-2016
583,Filip Đorđević,rs SRB,FW,Lazio,27,1987,27,16,"1,292",14.4,3,2,5,3,0,0,1,1,0.21,0.14,0.35,0.21,0.35,Matches,2015-2016
584,Uroš Đurđević,me MNE,FW,Palermo,21,1994,14,5,477,5.3,2,1,3,2,0,0,2,0,0.38,0.19,0.57,0.38,0.57,Matches,2015-2016
