Rk,Player,Nation,Pos,Squad,Age,Born,MP,Starts,Min,90s,Gls,Ast,G+A,G-PK,PK,PKatt,CrdY,CrdR,Gls,Ast,G+A,G-PK,G+A-PK,Matches,Season
1,Kassim Abdallah,km COM,DF,Evian,27,1987,30,29,"2,581",28.7,0,3,3,0,0,0,5,1,0,0.1,0.1,0,0.1,Matches,2014-2015
2,Aymen Abdennour,tn TUN,DF,Monaco,24,1989,18,17,"1,525",16.9,0,0,0,0,0,0,2,1,0,0,0,0,0,Matches,2014-2015
3,Rafidine Abdullah,km COM,MF,Lorient,20,1994,23,18,"1,522",16.9,0,1,1,0,0,0,6,0,0,0.06,0.06,0,0.06,Matches,2014-2015
4,Vincent Aboubakar,cm CMR,FW,Lorient,22,1992,2,2,180,2,1,0,1,0,1,1,1,0,0.5,0,0.5,0,0,Matches,2014-2015
5,Karim Achahbar,ma MAR,FW,Guingamp,18,1996,1,0,14,0.2,0,0,0,0,0,0,0,0,0,0,0,0,0,Matches,2014-2015
6,Jordan Adéoti,bj BEN,"DF,MF",Caen,25,1989,28,18,"1,746",19.4,0,1,1,0,0,0,5,0,0,0.05,0.05,0,0.05,Matches,2014-2015
7,Kossi Agassa,tg TOG,GK,Reims,36,1978,17,16,"1,440",16,0,0,0,0,0,0,0,0,0,0,0,0,0,Matches,2014-2015
8,Abel Aguilar,co COL,MF,Toulouse,29,1985,21,18,"1,663",18.5,0,1,1,0,0,0,5,0,0,0.05,0.05,0,0.05,Matches,2014-2015
9,Ali Ahamada,km COM,GK,Toulouse,22,1991,23,23,"2,070",23,0,0,0,0,0,0,0,0,0,0,0,0,0,Matches,2014-2015
10,Jean-Daniel Akpa-Akpro,ci CIV,"DF,MF",Toulouse,21,1992,32,25,"2,415",26.8,2,3,5,2,0,0,5,0,0.07,0.11,0.19,0.07,0.19,Matches,2014-2015
11,Mads Albæk,dk DEN,MF,Reims,24,1990,12,8,646,7.2,0,0,0,0,0,0,2,1,0,0,0,0,0,Matches,2014-2015
12,Romain Alessandrini,fr FRA,"FW,MF",Marseille,25,1989,26,13,"1,264",14,3,4,7,3,0,0,1,0,0.21,0.28,0.5,0.21,0.5,Matches,2014-2015
13,Chaker Alhadhur,km COM,"DF,MF",Nantes,22,1991,15,12,"1,103",12.3,0,0,0,0,0,1,3,1,0,0,0,0,0,Matches,2014-2015
14,Rachid Alioui,ma MAR,FW,Guingamp,22,1992,7,2,213,2.4,0,0,0,0,0,0,0,0,0,0,0,0,0,Matches,2014-2015
15,Baptiste Aloé,fr FRA,DF,Marseille,20,1994,14,4,461,5.1,1,0,1,1,0,0,2,0,0.2,0,0.2,0.2,0.2,Matches,2014-2015
16,Jordan Amavi,fr FRA,DF,Nice,20,1994,36,36,"3,232",35.9,4,0,4,4,0,0,11,0,0.11,0,0.11,0.11,0.11,Matches,2014-2015
17,Gaël Andonian,am ARM,DF,Marseille,19,1995,1,0,11,0.1,0,0,0,0,0,0,0,0,0,0,0,0,0,Matches,2014-2015
18,Federico Andrada,ar ARG,FW,Metz,20,1994,12,2,292,3.2,0,0,0,0,0,0,0,0,0,0,0,0,0,Matches,2014-2015
19,Benjamin André,fr FRA,"DF,MF",Rennes,23,1990,22,16,"1,362",15.1,1,0,1,1,0,0,4,0,0.07,0,0.07,0.07,0.07,Matches,2014-2015
20,Benjamin Angoua,ci CIV,DF,Guingamp,27,1986,21,16,"1,539",17.1,0,0,0,0,0,0,5,1,0,0,0,0,0,Matches,2014-2015
21,Aldo Angoula,fr FRA,DF,Evian,33,1981,8,7,587,6.5,0,0,0,0,0,0,3,1,0,0,0,0,0,Matches,2014-2015
22,Dennis Appiah,fr FRA,"DF,MF",Caen,22,1992,30,29,"2,571",28.6,0,2,2,0,0,0,3,1,0,0.07,0.07,0,0.07,Matches,2014-2015
23,Alphonse Areola,fr FRA,GK,Bastia,21,1993,35,35,"3,150",35,0,0,0,0,0,0,1,0,0,0,0,0,0,Matches,2014-2015
24,Fernando Aristeguieta,ve VEN,FW,Nantes,22,1992,6,2,171,1.9,0,0,0,0,0,0,0,1,0,0,0,0,0,Matches,2014-2015
25,Sylvain Armand,fr FRA,DF,Rennes,33,1980,36,36,"3,240",36,1,0,1,1,0,0,4,0,0.03,0,0.03,0.03,0.03,Matches,2014-2015
Rk,Player,Nation,Pos,Squad,Age,Born,MP,Starts,Min,90s,Gls,Ast,G+A,G-PK,PK,PKatt,CrdY,CrdR,Gls,Ast,G+A,G-PK,G+A-PK,Matches,2014-2015
26,Eliran Atar,il ISR,FW,Reims,27,1987,1,0,11,0.1,0,0,0,0,0,0,0,0,0,0,0,0,0,Matches,2014-2015
27,Samuel Atrous,fr FRA,GK,Lens,24,1990,1,1,90,1,0,0,0,0,0,0,0,0,0,0,0,0,0,Matches,2014-2015
28,Fabien Audard,fr FRA,GK,Lorient,36,1978,1,0,4,0,0,0,0,0,0,0,0,0,0,0,0,0,0,Matches,2014-2015
29,Johan Audel,mq MTQ,"FW,MF",Nantes,30,1983,24,14,"1,263",14,3,1,4,3,0,0,0,0,0.21,0.07,0.29,0.21,0.29,Matches,2014-2015
30,Serge Aurier,ci CIV,"DF,MF",Paris S-G,21,1992,14,12,"1,136",12.6,0,5,5,0,0,0,2,0,0,0.4,0.4,0,0.4,Matches,2014-2015
31,Mathias Autret,fr FRA,MF,Lorient,23,1991,7,3,283,3.1,1,1,2,1,0,0,0,0,0.32,0.32,0.64,0.32,0.64,Matches,2014-2015
32,André Ayew,gh GHA,"FW,MF",Marseille,24,1989,28,27,"2,387",26.5,10,3,13,10,0,0,8,1,0.38,0.11,0.49,0.38,0.49,Matches,2014-2015
33,Jordan Ayew,gh GHA,"FW,MF",Lorient,22,1991,31,29,"2,613",29,12,5,17,9,3,3,8,0,0.41,0.17,0.59,0.31,0.48,Matches,2014-2015
34,Floyd Ayité,tg TOG,"FW,MF",Bastia,25,1988,30,26,"2,330",25.9,6,2,8,6,0,0,3,0,0.23,0.08,0.31,0.23,0.31,Matches,2014-2015
35,Abdoul Ba,mr MTN,DF,Lens,20,1994,9,4,428,4.8,0,0,0,0,0,0,0,0,0,0,0,0,0,Matches,2014-2015
36,El-Hadji Ba,mr MTN,MF,Bastia,21,1993,7,7,570,6.3,0,0,0,0,0,0,2,0,0,0,0,0,0,Matches,2014-2015
37,Ludovic Baal,gf GUF,"DF,MF",Lens,28,1986,27,27,"2,406",26.7,0,4,4,0,0,0,2,1,0,0.15,0.15,0,0.15,Matches,2014-2015
38,Maxime Baca,fr FRA,DF,Guingamp,31,1983,14,12,"1,083",12,0,0,0,0,0,0,0,0,0,0,0,0,0,Matches,2014-2015
39,Jean-Christophe Bahebeck,fr FRA,"FW,MF",Paris S-G,21,1993,15,3,555,6.2,2,3,5,2,0,0,2,0,0.32,0.49,0.81,0.32,0.81,Matches,2014-2015
40,Farès Bahlouli,fr FRA,MF,Lyon,19,1995,4,0,53,0.6,0,0,0,0,0,0,0,0,0,0,0,0,0,Matches,2014-2015
41,Djamel Bakar,km COM,"FW,MF",Montpellier,25,1989,14,1,279,3.1,1,1,2,1,0,1,0,0,0.32,0.32,0.65,0.32,0.65,Matches,2014-2015
42,Tiemoué Bakayoko,fr FRA,MF,Monaco,19,1994,12,10,836,9.3,0,0,0,0,0,0,5,1,0,0,0,0,0,Matches,2014-2015
43,Florent Balmont,fr FRA,MF,Lille,34,1980,30,25,"2,172",24.1,1,4,5,1,0,0,8,0,0.04,0.17,0.21,0.04,0.21,Matches,2014-2015
44,Jonathan Bamba,ci CIV,"FW,MF",Saint-Étienne,18,1996,3,0,17,0.2,0,0,0,0,0,0,0,0,0,0,0,0,0,Matches,2014-2015
45,Yacine Bammou,ma MAR,"FW,MF",Nantes,22,1991,37,25,"2,295",25.5,4,3,7,4,0,0,3,0,0.16,0.12,0.27,0.16,0.27,Matches,2014-2015
46,Ismaël Bangoura,gn GUI,FW,Nantes,29,1985,15,9,690,7.7,1,0,1,1,0,0,1,0,0.13,0,0.13,0.13,0.13,Matches,2014-2015
47,Cédric Barbosa,fr FRA,MF,Evian,38,1976,29,19,"1,722",19.1,4,2,6,4,0,0,2,0,0.21,0.1,0.31,0.21,0.31,Matches,2014-2015
48,Abdelaziz Barrada,ma MAR,MF,Marseille,25,1989,9,3,279,3.1,1,0,1,1,0,0,0,0,0.32,0,0.32,0.32,0.32,Matches,2014-2015
49,Lucas Barrios,py PAR,FW,Montpellier,29,1984,31,30,"2,260",25.1,11,3,14,9,2,4,0,0,0.44,0.12,0.56,0.36,0.48,Matches,2014-2015
50,Maxime Barthelmé,fr FRA,"FW,MF",Lorient,25,1988,20,9,774,8.6,0,1,1,0,0,0,0,0,0,0.12,0.12,0,0.12,Matches,2014-2015
Rk,Player,Nation,Pos,Squad,Age,Born,MP,Starts,Min,90s,Gls,Ast,G+A,G-PK,PK,PKatt,CrdY,CrdR,Gls,Ast,G+A,G-PK,G+A-PK,Matches,2014-2015
51,Marko Baša,me MNE,DF,Lille,31,1982,30,30,"2,570",28.6,1,0,1,1,0,1,2,0,0.04,0,0.04,0.04,0.04,Matches,2014-2015
52,Sacha Bastien,fr FRA,GK,Reims,20,1994,1,1,20,0.2,0,0,0,0,0,0,0,0,0,0,0,0,0,Matches,2014-2015
53,Michy Batshuayi,be BEL,FW,Marseille,20,1993,26,6,911,10.1,9,0,9,9,0,1,1,0,0.89,0,0.89,0.89,0.89,Matches,2014-2015
54,Éric Bauthéac,fr FRA,"FW,MF",Nice,26,1987,35,29,"2,572",28.6,8,5,13,5,3,3,11,0,0.28,0.17,0.45,0.17,0.35,Matches,2014-2015
55,Moustapha Bayal Sall,sn SEN,DF,Saint-Étienne,28,1985,23,23,"2,050",22.8,1,0,1,1,0,0,8,0,0.04,0,0.04,0.04,0.04,Matches,2014-2015
56,Paul Baysse,fr FRA,DF,Saint-Étienne,26,1988,9,8,626,7,1,0,1,1,0,0,1,0,0.14,0,0.14,0.14,0.14,Matches,2014-2015
57,Hervé Bazile,ht HAI,"FW,MF",Caen,24,1990,30,19,"1,740",19.3,7,3,10,7,0,0,4,0,0.36,0.16,0.52,0.36,0.52,Matches,2014-2015
58,Claudio Beauvue,gp GLP,"FW,MF",Guingamp,26,1988,36,34,"2,986",33.2,17,3,20,11,6,6,1,0,0.51,0.09,0.6,0.33,0.42,Matches,2014-2015
59,Henri Bedimo,cm CMR,DF,Lyon,30,1984,27,25,"2,155",23.9,0,4,4,0,0,0,4,0,0,0.17,0.17,0,0.17,Matches,2014-2015
60,Alejandro Bedoya,us USA,"FW,MF",Nantes,27,1987,28,20,"1,889",21,3,1,4,3,0,0,3,0,0.14,0.05,0.19,0.14,0.19,Matches,2014-2015
61,François Bellugou,fr FRA,"DF,MF",Lorient,27,1987,20,19,"1,713",19,2,0,2,2,0,0,4,0,0.11,0,0.11,0.11,0.11,Matches,2014-2015
62,Valentin Belon,fr FRA,GK,Lens,19,1995,6,5,518,5.8,0,0,0,0,0,0,0,0,0,0,0,0,0,Matches,2014-2015
63,Wissam Ben Yedder,fr FRA,"FW,MF",Toulouse,23,1990,36,34,"2,860",31.8,14,3,17,12,2,2,1,0,0.44,0.09,0.53,0.38,0.47,Matches,2014-2015
64,Fakhreddine Ben Youssef,tn TUN,"FW,MF",Metz,23,1991,6,2,239,2.7,0,0,0,0,0,0,0,0,0,0,0,0,0,Matches,2014-2015
65,Youssef Benali,ma MAR,"FW,MF",Toulouse,19,1995,3,0,32,0.4,0,0,0,0,0,0,0,0,0,0,0,0,0,Matches,2014-2015
66,Nicolas Benezet,fr FRA,"FW,MF",Evian,23,1991,11,7,541,6,0,0,0,0,0,0,0,0,0,0,0,0,0,Matches,2014-2015
67,Nicolas Benezet,fr FRA,"FW,MF",Caen,23,1991,12,5,575,6.4,4,1,5,4,0,0,0,0,0.63,0.16,0.78,0.63,0.78,Matches,2014-2015
68,Saïd Benrahma,dz ALG,"FW,MF",Nice,18,1995,3,3,196,2.2,1,2,3,1,0,0,0,0,0.46,0.92,1.38,0.46,1.38,Matches,2014-2015
69,Yassine Benzia,dz ALG,"FW,MF",Lyon,19,1994,10,3,323,3.6,2,0,2,2,0,0,0,0,0.56,0,0.56,0.56,0.56,Matches,2014-2015
70,Dimitar Berbatov,bg BUL,FW,Monaco,33,1981,26,18,"1,745",19.4,7,0,7,5,2,2,4,0,0.36,0,0.36,0.26,0.26,Matches,2014-2015
71,Franck Béria,fr FRA,DF,Lille,31,1983,17,16,"1,258",14,0,2,2,0,0,0,3,0,0,0.14,0.14,0,0.14,Matches,2014-2015
72,Kévin Bérigaud,fr FRA,FW,Montpellier,26,1988,33,23,"2,180",24.2,4,4,8,4,0,0,3,0,0.17,0.17,0.33,0.17,0.33,Matches,2014-2015
73,Vincent Bessat,fr FRA,"DF,MF",Nantes,28,1985,27,19,"1,615",17.9,0,0,0,0,0,0,3,0,0,0,0,0,0,Matches,2014-2015
74,Nicki Bille Nielsen,dk DEN,FW,Evian,26,1988,19,7,807,9,1,0,1,1,0,0,2,0,0.11,0,0.11,0.11,0.11,Matches,2014-2015
75,Milan Biševac,rs SRB,DF,Lyon,30,1983,13,13,"1,080",12,0,1,1,0,0,0,4,0,0,0.08,0.08,0,0.08,Matches,2014-2015
Rk,Player,Nation,Pos,Squad,Age,Born,MP,Starts,Min,90s,Gls,Ast,G+A,G-PK,PK,PKatt,CrdY,CrdR,Gls,Ast,G+A,G-PK,G+A-PK,Matches,2014-2015
76,André Biyogo Poko,ga GAB,MF,Bordeaux,21,1993,16,11,898,10,0,0,0,0,0,0,2,1,0,0,0,0,0,Matches,2014-2015
77,Nicolás Blandi,ar ARG,FW,Evian,24,1990,6,1,200,2.2,1,0,1,1,0,0,1,0,0.45,0,0.45,0.45,0.45,Matches,2014-2015
78,Alexis Blin,fr FRA,MF,Toulouse,17,1996,6,3,333,3.7,0,0,0,0,0,0,1,0,0,0,0,0,0,Matches,2014-2015
79,Yann Bodiger,fr FRA,MF,Toulouse,19,1995,10,10,900,10,0,1,1,0,0,0,3,0,0,0.1,0.1,0,0.1,Matches,2014-2015
80,Mathieu Bodmer,fr FRA,"DF,MF",Nice,31,1982,22,21,"1,852",20.6,2,0,2,2,0,0,5,0,0.1,0,0.1,0.1,0.1,Matches,2014-2015
81,Olivier Boscagli,fr FRA,DF,Nice,16,1997,2,2,173,1.9,0,0,0,0,0,0,0,0,0,0,0,0,0,Matches,2014-2015
82,Alexy Bosetti,fr FRA,"FW,MF",Nice,21,1993,27,13,"1,226",13.6,5,1,6,5,0,0,3,0,0.37,0.07,0.44,0.37,0.44,Matches,2014-2015
83,Didier Bouanga,fr FRA,FW,Lorient,18,1995,1,0,9,0.1,0,0,0,0,0,0,0,0,0,0,0,0,0,Matches,2014-2015
84,Zacharie Boucher,fr FRA,GK,Toulouse,22,1992,15,15,"1,350",15,0,0,0,0,0,0,0,0,0,0,0,0,0,Matches,2014-2015
85,Ryad Boudebouz,dz ALG,"FW,MF",Bastia,24,1990,34,32,"2,822",31.4,5,3,8,1,4,4,3,0,0.16,0.1,0.26,0.03,0.13,Matches,2014-2015
86,Sofiane Boufal,ma MAR,"FW,MF",Lille,20,1993,14,11,"1,013",11.3,3,6,9,1,2,2,1,0,0.27,0.53,0.8,0.09,0.62,Matches,2014-2015
87,Benjamin Boulenger,fr FRA,"DF,GK",Lens,24,1990,13,9,779,8.7,0,0,0,0,0,0,0,0,0,0,0,0,0,Matches,2014-2015
88,Benjamin Bourigeaud,fr FRA,"FW,MF",Lens,20,1994,20,12,"1,017",11.3,2,1,3,2,0,0,3,0,0.18,0.09,0.27,0.18,0.27,Matches,2014-2015
89,Grégory Bourillon,fr FRA,"DF,MF",Reims,30,1984,21,18,"1,463",16.3,1,0,1,1,0,0,5,0,0.06,0,0.06,0.06,0.06,Matches,2014-2015
90,Bilal Boutobba,fr FRA,"FW,MF",Marseille,15,1998,3,0,28,0.3,0,0,0,0,0,0,0,0,0,0,0,0,0,Matches,2014-2015
91,Martin Braithwaite,dk DEN,"FW,MF",Toulouse,23,1991,34,22,"2,122",23.6,6,2,8,6,0,0,0,0,0.25,0.08,0.34,0.25,0.34,Matches,2014-2015
92,Brandão,br BRA,FW,Bastia,34,1980,9,7,575,6.4,0,0,0,0,0,0,2,0,0,0,0,0,0,Matches,2014-2015
93,Jonathan Brison,fr FRA,"DF,MF",Saint-Étienne,31,1983,18,9,962,10.7,1,0,1,1,0,0,5,0,0.09,0,0.09,0.09,0.09,Matches,2014-2015
94,Christian Brüls,be BEL,"FW,MF",Rennes,25,1988,9,6,586,6.5,0,3,3,0,0,0,1,0,0,0.46,0.46,0,0.46,Matches,2014-2015
95,Gianni Bruno,be BEL,"FW,MF",Evian,22,1991,17,10,834,9.3,1,1,2,1,0,0,0,0,0.11,0.11,0.22,0.11,0.22,Matches,2014-2015
96,Gianni Bruno,be BEL,"FW,MF",Lorient,22,1991,12,3,419,4.7,1,0,1,1,0,0,0,0,0.21,0,0.21,0.21,0.21,Matches,2014-2015
97,Gaëtan Bussmann,fr FRA,DF,Metz,23,1991,31,31,"2,672",29.7,2,3,5,2,0,0,2,0,0.07,0.1,0.17,0.07,0.17,Matches,2014-2015
98,Bocundji Ca,gw GNB,MF,Reims,27,1986,5,0,131,1.5,0,0,0,0,0,0,0,0,0,0,0,0,0,Matches,2014-2015
99,Yohan Cabaye,fr FRA,MF,Paris S-G,28,1986,24,13,965,10.7,1,1,2,1,0,0,8,1,0.09,0.09,0.19,0.09,0.19,Matches,2014-2015
100,Yannick Cahuzac,fr FRA,MF,Bastia,29,1985,21,21,"1,746",19.4,1,2,3,1,0,0,8,2,0.05,0.1,0.15,0.05,0.15,Matches,2014-2015
Rk,Player,Nation,Pos,Squad,Age,Born,MP,Starts,Min,90s,Gls,Ast,G+A,G-PK,PK,PKatt,CrdY,CrdR,Gls,Ast,G+A,G-PK,G+A-PK,Matches,2014-2015
101,Jean Calvé,fr FRA,DF,Caen,30,1984,16,14,"1,338",14.9,2,1,3,2,0,0,0,0,0.13,0.07,0.2,0.13,0.2,Matches,2014-2015
102,Souleymane Camara,sn SEN,FW,Montpellier,31,1982,37,7,"1,346",15,3,2,5,3,0,0,0,0,0.2,0.13,0.33,0.2,0.33,Matches,2014-2015
103,Zoumana Camara,fr FRA,DF,Paris S-G,35,1979,8,6,595,6.6,1,0,1,1,0,0,0,0,0.15,0,0.15,0.15,0.15,Matches,2014-2015
104,Cédric Cambon,fr FRA,"DF,MF",Evian,27,1986,26,24,"2,140",23.8,1,0,1,1,0,0,6,1,0.04,0,0.04,0.04,0.04,Matches,2014-2015
105,Fabien Camus,tn TUN,MF,Evian,29,1985,19,8,878,9.8,0,0,0,0,0,0,3,0,0,0,0,0,0,Matches,2014-2015
106,Julien Cardy,fr FRA,MF,Guingamp,32,1981,2,0,10,0.1,0,0,0,0,0,0,1,0,0,0,0,0,0,Matches,2014-2015
107,Yannick Carrasco,be BEL,"DF,FW",Monaco,20,1993,36,33,"2,797",31.1,6,10,16,6,0,0,6,0,0.19,0.32,0.51,0.19,0.51,Matches,2014-2015
108,Cédric Carrasso,fr FRA,GK,Bordeaux,32,1981,37,37,"3,251",36.1,0,0,0,0,0,0,2,0,0,0,0,0,0,Matches,2014-2015
109,Johann Carrasso,fr FRA,GK,Metz,26,1988,21,21,"1,795",19.9,0,0,0,0,0,0,1,0,0,0,0,0,0,Matches,2014-2015
110,Matheus Carvalho,br BRA,FW,Monaco,22,1992,8,4,324,3.6,1,1,2,1,0,0,0,0,0.28,0.28,0.56,0.28,0.56,Matches,2014-2015
111,Ricardo Carvalho,pt POR,DF,Monaco,36,1978,25,23,"1,993",22.1,0,1,1,0,0,0,4,1,0,0.05,0.05,0,0.05,Matches,2014-2015
112,Edinson Cavani,uy URU,"FW,MF",Paris S-G,27,1987,35,30,"2,628",29.2,18,1,19,15,3,3,4,1,0.62,0.03,0.65,0.51,0.55,Matches,2014-2015
113,Dimitri Cavaré,fr FRA,DF,Lens,19,1995,20,16,"1,485",16.5,0,1,1,0,0,0,1,0,0,0.06,0.06,0,0.06,Matches,2014-2015
114,Clément Chantôme,fr FRA,MF,Bordeaux,26,1987,13,13,"1,170",13,0,2,2,0,0,0,4,0,0,0.15,0.15,0,0.15,Matches,2014-2015
115,Clément Chantôme,fr FRA,MF,Paris S-G,26,1987,6,0,151,1.7,0,0,0,0,0,0,0,0,0,0,0,0,0,Matches,2014-2015
116,Gaëtan Charbonnier,fr FRA,"FW,MF",Reims,25,1988,33,29,"2,389",26.5,6,5,11,4,2,2,9,0,0.23,0.19,0.41,0.15,0.34,Matches,2014-2015
117,Pablo Chavarría,ar ARG,"FW,MF",Lens,26,1988,31,27,"2,485",27.6,7,0,7,7,0,0,4,0,0.25,0,0.25,0.25,0.25,Matches,2014-2015
118,Jérémy Choplin,fr FRA,"DF,MF",Metz,29,1985,21,20,"1,807",20.1,0,0,0,0,0,0,2,0,0,0,0,0,0,Matches,2014-2015
119,Gilles Cioni,fr FRA,DF,Bastia,30,1984,14,10,"1,004",11.2,0,0,0,0,0,0,2,0,0,0,0,0,0,Matches,2014-2015
120,Djibril Cissé,fr FRA,FW,Bastia,32,1981,8,0,74,0.8,0,0,0,0,0,0,0,0,0,0,0,0,0,Matches,2014-2015
121,Issa Cissokho,sn SEN,DF,Nantes,29,1985,33,32,"2,889",32.1,0,0,0,0,0,0,5,0,0,0,0,0,0,Matches,2014-2015
122,Jérémy Clément,fr FRA,MF,Saint-Étienne,29,1984,29,28,"2,482",27.6,1,1,2,1,0,0,7,0,0.04,0.04,0.07,0.04,0.07,Matches,2014-2015
123,François Clerc,fr FRA,DF,Saint-Étienne,31,1983,15,15,"1,318",14.6,0,1,1,0,0,0,0,0,0,0.07,0.07,0,0.07,Matches,2014-2015
124,Marcus Coco,fr FRA,"DF,FW",Guingamp,18,1996,3,2,171,1.9,0,0,0,0,0,0,2,0,0,0,0,0,0,Matches,2014-2015
125,Renaud Cohade,fr FRA,MF,Saint-Étienne,29,1984,17,11,"1,044",11.6,1,0,1,1,0,0,2,0,0.09,0,0.09,0.09,0.09,Matches,2014-2015
Rk,Player,Nation,Pos,Squad,Age,Born,MP,Starts,Min,90s,Gls,Ast,G+A,G-PK,PK,PKatt,CrdY,CrdR,Gls,Ast,G+A,G-PK,G+A-PK,Matches,2014-2015
126,Daniel Congré,fr FRA,DF,Montpellier,29,1985,30,26,"2,364",26.3,0,0,0,0,0,0,4,0,0,0,0,0,0,Matches,2014-2015
127,Bryan Constant,fr FRA,MF,Nice,20,1994,2,0,20,0.2,0,0,0,0,0,0,0,0,0,0,0,0,0,Matches,2014-2015
128,Antoine Conte,gn GUI,DF,Reims,20,1994,29,29,"2,535",28.2,0,0,0,0,0,0,5,1,0,0,0,0,0,Matches,2014-2015
129,Diego Contento,de GER,DF,Bordeaux,24,1990,25,23,"1,983",22,0,3,3,0,0,0,8,0,0,0.14,0.14,0,0.14,Matches,2014-2015
130,Sébastien Corchia,fr FRA,"DF,MF",Lille,23,1990,31,29,"2,505",27.8,1,1,2,1,0,0,5,2,0.04,0.04,0.07,0.04,0.07,Matches,2014-2015
131,Benjamin Corgnet,fr FRA,MF,Saint-Étienne,27,1987,24,15,"1,185",13.2,0,3,3,0,0,0,3,0,0,0.23,0.23,0,0.23,Matches,2014-2015
132,Maxwel Cornet,ci CIV,"DF,FW",Lyon,17,1996,4,1,154,1.7,0,0,0,0,0,0,0,0,0,0,0,0,0,Matches,2014-2015
133,Benoît Costil,fr FRA,GK,Rennes,27,1987,38,38,"3,420",38,0,0,0,0,0,0,0,0,0,0,0,0,0,Matches,2014-2015
134,Adamo Coulibaly,fr FRA,FW,Lens,32,1981,33,28,"2,458",27.3,4,1,5,3,1,2,4,0,0.15,0.04,0.18,0.11,0.15,Matches,2014-2015
135,Gaëtan Courtet,fr FRA,FW,Reims,25,1989,17,3,551,6.1,2,0,2,2,0,0,1,0,0.33,0,0.33,0.33,0.33,Matches,2014-2015
136,Mathieu Coutadeur,fr FRA,MF,Lorient,28,1986,11,8,711,7.9,0,0,0,0,0,0,1,0,0,0,0,0,0,Matches,2014-2015
137,Enzo Crivelli,fr FRA,FW,Bordeaux,19,1995,11,1,246,2.7,1,1,2,1,0,0,1,0,0.37,0.37,0.73,0.37,0.73,Matches,2014-2015
138,Darío Cvitanich,ar ARG,FW,Nice,30,1984,9,5,484,5.4,3,0,3,3,0,0,0,0,0.56,0,0.56,0.56,0.56,Matches,2014-2015
139,Wylan Cyprien,fr FRA,MF,Lens,19,1995,33,27,"2,186",24.3,2,2,4,2,0,0,9,0,0.08,0.08,0.16,0.08,0.16,Matches,2014-2015
140,Sessi D'Almeida,bj BEN,MF,Bordeaux,18,1995,2,0,38,0.4,0,0,0,0,0,0,0,0,0,0,0,0,0,Matches,2014-2015
141,Damien Da Silva,fr FRA,"DF,MF",Caen,26,1988,35,35,"3,077",34.2,1,1,2,1,0,0,5,1,0.03,0.03,0.06,0.03,0.06,Matches,2014-2015
142,Bryan Dabo,bf BFA,MF,Montpellier,22,1992,21,20,"1,819",20.2,2,2,4,2,0,0,5,0,0.1,0.1,0.2,0.1,0.2,Matches,2014-2015
143,Mouhamadou Dabo,fr FRA,DF,Lyon,27,1986,13,13,"1,016",11.3,0,0,0,0,0,0,5,0,0,0,0,0,0,Matches,2014-2015
144,Gaël Danic,fr FRA,MF,Bastia,32,1981,15,14,"1,084",12,1,4,5,1,0,0,2,0,0.08,0.33,0.42,0.08,0.42,Matches,2014-2015
145,Gaël Danic,fr FRA,MF,Lyon,32,1981,1,1,60,0.7,0,0,0,0,0,0,0,0,0,0,0,0,0,Matches,2014-2015
146,Romain Danzé,fr FRA,"DF,MF",Rennes,28,1986,31,29,"2,662",29.6,0,2,2,0,0,0,3,0,0,0.07,0.07,0,0.07,Matches,2014-2015
147,Lucas Deaux,fr FRA,MF,Nantes,25,1988,34,23,"2,104",23.4,0,0,0,0,0,0,6,0,0,0,0,0,0,Matches,2014-2015
148,Jonathan Delaplace,fr FRA,"DF,MF",Lille,28,1986,21,12,"1,194",13.3,2,0,2,2,0,0,2,0,0.15,0,0.15,0.15,0.15,Matches,2014-2015
149,Joris Delle,fr FRA,GK,Nice,24,1990,1,0,30,0.3,0,0,0,0,0,0,0,0,0,0,0,0,0,Matches,2014-2015
150,Mathieu Deplagne,fr FRA,DF,Montpellier,22,1991,31,23,"2,080",23.1,0,1,1,0,0,0,7,0,0,0.04,0.04,0,0.04,Matches,2014-2015
Rk,Player,Nation,Pos,Squad,Age,Born,MP,Starts,Min,90s,Gls,Ast,G+A,G-PK,PK,PKatt,CrdY,CrdR,Gls,Ast,G+A,G-PK,G+A-PK,Matches,2014-2015
151,Gregory van der Wiel,nl NED,DF,Paris S-G,26,1988,25,22,"2,004",22.3,1,3,4,1,0,0,3,1,0.04,0.13,0.18,0.04,0.18,Matches,2014-2015
152,Antoine Devaux,fr FRA,"DF,MF",Reims,29,1985,28,27,"2,296",25.5,1,0,1,1,0,0,4,0,0.04,0,0.04,0.04,0.04,Matches,2014-2015
153,Jean Deza,pe PER,"FW,MF",Montpellier,21,1993,2,0,16,0.2,0,0,0,0,0,0,0,0,0,0,0,0,0,Matches,2014-2015
154,Cheick Diabaté,ml MLI,FW,Bordeaux,26,1988,15,13,"1,076",12,8,2,10,6,2,2,2,1,0.67,0.17,0.84,0.5,0.67,Matches,2014-2015
155,Abdoulay Diaby,ml MLI,"FW,MF",Lille,23,1991,3,0,28,0.3,0,0,0,0,0,0,0,0,0,0,0,0,0,Matches,2014-2015
156,Fallou Diagne,sn SEN,DF,Rennes,24,1989,15,13,"1,173",13,0,0,0,0,0,0,1,1,0,0,0,0,0,Matches,2014-2015
157,Drissa Diakité,ml MLI,"DF,MF",Bastia,29,1985,22,22,"1,816",20.2,0,0,0,0,0,0,6,1,0,0,0,0,0,Matches,2014-2015
158,Abdou Diallo,sn SEN,DF,Monaco,18,1996,5,1,86,1,0,0,0,0,0,0,0,0,0,0,0,0,0,Matches,2014-2015
159,Mustapha Diallo,sn SEN,"FW,MF",Guingamp,28,1986,32,20,"1,811",20.1,1,1,2,1,0,0,7,1,0.05,0.05,0.1,0.05,0.1,Matches,2014-2015
160,Sadio Diallo,gn GUI,"FW,MF",Lorient,23,1990,9,4,307,3.4,0,0,0,0,0,0,0,0,0,0,0,0,0,Matches,2014-2015
161,Souleymane Diawara,sn SEN,DF,Nice,35,1978,14,12,"1,071",11.9,0,0,0,0,0,0,4,1,0,0,0,0,0,Matches,2014-2015
162,Étienne Didot,fr FRA,MF,Toulouse,31,1983,20,16,"1,269",14.1,0,1,1,0,0,0,4,0,0,0.07,0.07,0,0.07,Matches,2014-2015
163,Diego,br BRA,"DF,MF",Reims,26,1988,31,28,"2,368",26.3,4,8,12,4,0,0,3,0,0.15,0.3,0.46,0.15,0.46,Matches,2014-2015
164,Didier Digard,fr FRA,MF,Nice,28,1986,14,9,851,9.5,1,1,2,1,0,0,1,0,0.11,0.11,0.21,0.11,0.21,Matches,2014-2015
165,Lucas Digne,fr FRA,"DF,MF",Paris S-G,21,1993,15,14,"1,271",14.1,0,1,1,0,0,0,1,0,0,0.07,0.07,0,0.07,Matches,2014-2015
166,Ismaël Diomandé,ci CIV,MF,Saint-Étienne,21,1992,20,12,"1,090",12.1,0,0,0,0,0,0,8,2,0,0,0,0,0,Matches,2014-2015
167,Nabil Dirar,ma MAR,"DF,MF",Monaco,28,1986,27,13,"1,276",14.2,2,2,4,2,0,0,3,1,0.14,0.14,0.28,0.14,0.28,Matches,2014-2015
168,Brice Dja Djédjé,ci CIV,"DF,MF",Marseille,23,1990,33,33,"2,670",29.7,0,4,4,0,0,0,6,0,0,0.13,0.13,0,0.13,Matches,2014-2015
169,Koffi Djidji,ci CIV,DF,Nantes,21,1992,5,4,361,4,0,0,0,0,0,0,1,0,0,0,0,0,0,Matches,2014-2015
170,David Djigla,bj BEN,"FW,MF",Bordeaux,18,1995,1,0,4,0,0,0,0,0,0,0,0,0,0,0,0,0,0,Matches,2014-2015
171,Alexander Djiku,gh GHA,"DF,MF",Bastia,19,1994,2,2,180,2,0,0,0,0,0,0,0,0,0,0,0,0,0,Matches,2014-2015
172,Papy Djilobodji,sn SEN,DF,Nantes,25,1988,31,30,"2,716",30.2,0,0,0,0,0,0,11,0,0,0,0,0,0,Matches,2014-2015
173,Laurent Dos Santos,fr FRA,"DF,MF",Guingamp,20,1993,10,5,511,5.7,0,1,1,0,0,0,1,0,0,0.18,0.18,0,0.18,Matches,2014-2015
174,Nicolas Douchez,fr FRA,GK,Paris S-G,34,1980,5,4,418,4.6,0,0,0,0,0,0,0,0,0,0,0,0,0,Matches,2014-2015
175,Abdoulaye Doucouré,ml MLI,"FW,MF",Rennes,21,1993,35,31,"2,746",30.5,3,5,8,3,0,0,5,0,0.1,0.16,0.26,0.1,0.26,Matches,2014-2015
Rk,Player,Nation,Pos,Squad,Age,Born,MP,Starts,Min,90s,Gls,Ast,G+A,G-PK,PK,PKatt,CrdY,CrdR,Gls,Ast,G+A,G-PK,G+A-PK,Matches,2014-2015
176,Cheick Doukouré,ci CIV,MF,Metz,21,1992,20,12,"1,173",13,0,0,0,0,0,0,2,0,0,0,0,0,0,Matches,2014-2015
177,Tongo Doumbia,ml MLI,MF,Toulouse,24,1989,24,22,"2,011",22.3,3,1,4,3,0,0,4,0,0.13,0.04,0.18,0.13,0.18,Matches,2014-2015
178,Ladislas Douniama,cg CGO,FW,Guingamp,28,1986,9,0,129,1.4,1,0,1,1,0,0,0,0,0.7,0,0.7,0.7,0.7,Matches,2014-2015
179,Leo Dubois,fr FRA,"DF,MF",Nantes,19,1994,2,1,89,1,0,0,0,0,0,0,0,0,0,0,0,0,0,Matches,2014-2015
180,Mathieu Duhamel,fr FRA,FW,Evian,30,1984,11,11,883,9.8,4,0,4,4,0,0,1,0,0.41,0,0.41,0.41,0.41,Matches,2014-2015
181,Mathieu Duhamel,fr FRA,FW,Caen,30,1984,19,15,"1,340",14.9,6,0,6,4,2,2,0,0,0.4,0,0.4,0.27,0.27,Matches,2014-2015
182,Maxime Dupé,fr FRA,GK,Nantes,21,1993,6,6,540,6,0,0,0,0,0,0,0,0,0,0,0,0,0,Matches,2014-2015
183,Elderson Echiéjilé,ng NGA,DF,Monaco,26,1988,12,10,888,9.9,1,0,1,1,0,0,1,0,0.1,0,0.1,0.1,0.1,Matches,2014-2015
184,Bruno Ecuele Manga,ga GAB,DF,Lorient,26,1988,3,3,270,3,0,0,0,0,0,0,0,0,0,0,0,0,0,Matches,2014-2015
185,Carlos Eduardo,br BRA,MF,Nice,24,1989,30,29,"2,316",25.7,10,4,14,10,0,0,2,1,0.39,0.16,0.54,0.39,0.54,Matches,2014-2015
186,Vincent Enyeama,ng NGA,GK,Lille,31,1982,38,38,"3,420",38,0,0,0,0,0,0,2,0,0,0,0,0,0,Matches,2014-2015
187,Mevlüt Erdinç,tr TUR,FW,Saint-Étienne,27,1987,26,20,"1,599",17.8,8,1,9,7,1,2,1,0,0.45,0.06,0.51,0.39,0.45,Matches,2014-2015
188,Valentin Eysseric,fr FRA,"FW,MF",Nice,22,1992,36,24,"2,310",25.7,2,4,6,1,1,1,5,0,0.08,0.16,0.23,0.04,0.19,Matches,2014-2015
189,Fabinho,br BRA,"DF,MF",Monaco,20,1993,36,35,"3,168",35.2,1,0,1,1,0,0,4,0,0.03,0,0.03,0.03,0.03,Matches,2014-2015
190,Radamel Falcao,co COL,FW,Monaco,28,1986,3,1,129,1.4,2,0,2,1,1,1,0,0,1.4,0,1.4,0.7,0.7,Matches,2014-2015
191,Alioun Fall,fr FRA,DF,Evian,23,1990,8,3,371,4.1,0,0,0,0,0,0,2,0,0,0,0,0,0,Matches,2014-2015
192,Rod Fanni,fr FRA,DF,Marseille,32,1981,27,24,"2,247",25,2,2,4,2,0,0,2,1,0.08,0.08,0.16,0.08,0.16,Matches,2014-2015
193,Julien Faubert,fr FRA,"DF,FW",Bordeaux,30,1983,13,11,969,10.8,0,0,0,0,0,0,0,0,0,0,0,0,0,Matches,2014-2015
194,Nabil Fekir,fr FRA,"FW,MF",Lyon,21,1993,34,34,"2,757",30.6,13,9,22,13,0,1,8,0,0.42,0.29,0.72,0.42,0.72,Matches,2014-2015
195,Julien Féret,fr FRA,MF,Caen,32,1982,37,33,"2,920",32.4,5,5,10,3,2,2,3,0,0.15,0.15,0.31,0.09,0.25,Matches,2014-2015
196,Gelson Fernandes,ch SUI,MF,Rennes,27,1986,33,32,"2,787",31,0,0,0,0,0,0,9,0,0,0,0,0,0,Matches,2014-2015
197,Jordan Ferri,fr FRA,MF,Lyon,22,1992,35,30,"2,605",28.9,1,0,1,1,0,0,7,0,0.03,0,0.03,0.03,0.03,Matches,2014-2015
198,Gueïda Fofana,fr FRA,"DF,MF",Lyon,23,1991,2,0,44,0.5,0,0,0,0,0,0,0,0,0,0,0,0,0,Matches,2014-2015
199,Mohamed Fofana,ml MLI,DF,Reims,29,1985,13,10,"1,092",12.1,0,0,0,0,0,0,4,0,0,0,0,0,0,Matches,2014-2015
200,Odaïr Fortes,cv CPV,"FW,MF",Reims,27,1987,33,24,"2,184",24.3,2,3,5,2,0,0,1,0,0.08,0.12,0.21,0.08,0.21,Matches,2014-2015
Rk,Player,Nation,Pos,Squad,Age,Born,MP,Starts,Min,90s,Gls,Ast,G+A,G-PK,PK,PKatt,CrdY,CrdR,Gls,Ast,G+A,G-PK,G+A-PK,Matches,2014-2015
201,Patrick Fradj,fr FRA,DF,Lens,22,1992,1,0,10,0.1,0,0,0,0,0,0,0,0,0,0,0,0,0,Matches,2014-2015
202,Michael Frey,ch SUI,FW,Lille,20,1994,15,7,712,7.9,2,0,2,2,0,0,2,0,0.25,0,0.25,0.25,0.25,Matches,2014-2015
203,Marvin Gakpa,fr FRA,"FW,MF",Lorient,20,1993,2,0,38,0.4,0,0,0,0,0,0,0,0,0,0,0,0,0,Matches,2014-2015
204,Serge Gakpé,tg TOG,"FW,MF",Nantes,27,1987,33,25,"2,213",24.6,3,2,5,3,0,1,5,0,0.12,0.08,0.2,0.12,0.2,Matches,2014-2015
205,Idrissa Gana Gueye,sn SEN,MF,Lille,24,1989,32,30,"2,735",30.4,4,2,6,4,0,0,4,0,0.13,0.07,0.2,0.13,0.2,Matches,2014-2015
206,Cyriack Garel,fr FRA,GK,Reims,18,1996,1,0,70,0.8,0,0,0,0,0,0,0,0,0,0,0,0,0,Matches,2014-2015
207,Lamine Gassama,sn SEN,DF,Lorient,24,1989,31,31,"2,696",30,1,1,2,1,0,0,6,0,0.03,0.03,0.07,0.03,0.07,Matches,2014-2015
208,Jean-Philippe Gbamin,ci CIV,"DF,MF",Lens,18,1995,33,29,"2,718",30.2,0,0,0,0,0,0,5,1,0,0,0,0,0,Matches,2014-2015
209,Romain Genevois,ht HAI,DF,Nice,26,1987,34,34,"2,938",32.6,1,1,2,1,0,0,3,0,0.03,0.03,0.06,0.03,0.06,Matches,2014-2015
210,Valère Germain,fr FRA,"FW,MF",Monaco,24,1990,29,9,837,9.3,4,1,5,4,0,0,0,0,0.43,0.11,0.54,0.43,0.54,Matches,2014-2015
211,Rachid Ghezzal,dz ALG,"FW,MF",Lyon,22,1992,18,6,593,6.6,0,2,2,0,0,0,0,0,0,0.3,0.3,0,0.3,Matches,2014-2015
212,André-Pierre Gignac,fr FRA,"FW,MF",Marseille,28,1985,38,36,"3,077",34.2,21,2,23,19,2,3,3,0,0.61,0.06,0.67,0.56,0.61,Matches,2014-2015
213,Guillaume Gillet,be BEL,"DF,MF",Bastia,30,1984,38,37,"3,351",37.2,2,2,4,2,0,0,6,0,0.05,0.05,0.11,0.05,0.11,Matches,2014-2015
214,Thibault Giresse,fr FRA,MF,Guingamp,33,1981,32,26,"2,076",23.1,2,1,3,2,0,0,2,0,0.09,0.04,0.13,0.09,0.13,Matches,2014-2015
215,Dylan Gissi,ch SUI,"DF,MF",Montpellier,23,1991,1,1,45,0.5,0,0,0,0,0,0,1,0,0,0,0,0,0,Matches,2014-2015
216,Gaël Givet,fr FRA,DF,Evian,32,1981,1,1,90,1,0,0,0,0,0,0,0,0,0,0,0,0,0,Matches,2014-2015
217,Christopher Glombard,fr FRA,"DF,MF",Reims,25,1989,11,3,358,4,0,0,0,0,0,0,0,0,0,0,0,0,0,Matches,2014-2015
218,Kévin Gomis,gw GNB,DF,Nice,25,1989,16,11,"1,196",13.3,0,0,0,0,0,0,5,1,0,0,0,0,0,Matches,2014-2015
219,Rémi Gomis,sn SEN,MF,Nantes,30,1984,20,15,"1,259",14,0,0,0,0,0,0,8,0,0,0,0,0,0,Matches,2014-2015
220,Maxime Gonalons,fr FRA,MF,Lyon,25,1989,35,35,"3,135",34.8,1,2,3,0,1,2,6,0,0.03,0.06,0.09,0,0.06,Matches,2014-2015
221,Yoann Gourcuff,fr FRA,MF,Lyon,28,1986,17,8,775,8.6,3,4,7,3,0,0,1,0,0.35,0.46,0.81,0.35,0.81,Matches,2014-2015
222,Max Gradel,ci CIV,"FW,MF",Saint-Étienne,26,1987,31,23,"2,195",24.4,17,3,20,13,4,5,6,0,0.7,0.12,0.82,0.53,0.66,Matches,2014-2015
223,Clément Grenier,fr FRA,MF,Lyon,23,1991,6,4,361,4,1,2,3,1,0,0,0,0,0.25,0.5,0.75,0.25,0.75,Matches,2014-2015
224,Dragoș Grigore,ro ROU,DF,Toulouse,27,1986,27,25,"2,210",24.6,0,0,0,0,0,0,9,0,0,0,0,0,0,Matches,2014-2015
225,Kamil Grosicki,pl POL,"FW,MF",Rennes,26,1988,19,9,837,9.3,0,3,3,0,0,0,0,0,0,0.32,0.32,0,0.32,Matches,2014-2015
Rk,Player,Nation,Pos,Squad,Age,Born,MP,Starts,Min,90s,Gls,Ast,G+A,G-PK,PK,PKatt,CrdY,CrdR,Gls,Ast,G+A,G-PK,G+A-PK,Matches,2014-2015
226,Raphaël Guerreiro,pt POR,"DF,MF",Lorient,20,1993,34,33,"2,778",30.9,7,3,10,7,0,0,1,0,0.23,0.1,0.32,0.23,0.32,Matches,2014-2015
227,Moussa Gueye,sn SEN,FW,Metz,25,1989,3,0,76,0.8,0,0,0,0,0,0,0,0,0,0,0,0,0,Matches,2014-2015
228,Frederic Guilbert,fr FRA,"DF,MF",Bordeaux,19,1994,3,1,170,1.9,0,0,0,0,0,0,1,0,0,0,0,0,0,Matches,2014-2015
229,Baptiste Guillaume,be BEL,FW,Lens,19,1995,27,15,"1,503",16.7,2,1,3,2,0,0,1,0,0.12,0.06,0.18,0.12,0.18,Matches,2014-2015
230,Habib Habibou,cf CTA,FW,Rennes,27,1987,26,8,"1,029",11.4,3,1,4,3,0,0,2,0,0.26,0.09,0.35,0.26,0.35,Matches,2014-2015
231,Romain Hamouma,fr FRA,"FW,MF",Saint-Étienne,27,1987,26,23,"1,963",21.8,3,8,11,3,0,0,5,0,0.14,0.37,0.5,0.14,0.5,Matches,2014-2015
232,Jesper Hansen,dk DEN,GK,Evian,29,1985,15,15,"1,350",15,0,0,0,0,0,0,0,0,0,0,0,0,0,Matches,2014-2015
233,Kian Hansen,dk DEN,"DF,MF",Nantes,25,1989,29,28,"2,411",26.8,0,1,1,0,0,0,3,0,0,0.04,0.04,0,0.04,Matches,2014-2015
234,Mouez Hassen,tn TUN,GK,Nice,19,1995,30,30,"2,700",30,0,0,0,0,0,0,2,0,0,0,0,0,0,Matches,2014-2015
235,Pedro Henrique,br BRA,"FW,MF",Rennes,24,1990,34,21,"1,798",20,2,4,6,2,0,0,7,0,0.1,0.2,0.3,0.1,0.3,Matches,2014-2015
236,Vitorino Hilton,br BRA,DF,Montpellier,36,1977,37,37,"3,330",37,3,0,3,3,0,0,3,1,0.08,0,0.08,0.08,0.08,Matches,2014-2015
237,Franck Honorat,fr FRA,"FW,MF",Nice,17,1996,5,1,112,1.2,0,0,0,0,0,0,2,0,0,0,0,0,0,Matches,2014-2015
238,Philipp Hosiner,at AUT,FW,Rennes,25,1989,12,3,293,3.3,0,1,1,0,0,0,1,0,0,0.31,0.31,0,0.31,Matches,2014-2015
239,Lyes Houri,fr FRA,MF,Bastia,18,1996,1,0,7,0.1,0,0,0,0,0,0,0,0,0,0,0,0,0,Matches,2014-2015
240,Niklas Hult,se SWE,"DF,MF",Nice,24,1990,30,20,"1,914",21.3,1,0,1,1,0,0,4,0,0.05,0,0.05,0.05,0.05,Matches,2014-2015
241,Didier Ibrahim Ndong,ga GAB,"DF,MF",Lorient,20,1994,12,9,829,9.2,0,1,1,0,0,0,5,1,0,0.11,0.11,0,0.11,Matches,2014-2015
242,Zlatan Ibrahimović,se SWE,FW,Paris S-G,32,1981,24,23,"2,002",22.2,19,6,25,11,8,9,3,0,0.85,0.27,1.12,0.49,0.76,Matches,2014-2015
243,Jānis Ikaunieks,lv LVA,"FW,MF",Metz,19,1995,4,2,165,1.8,0,0,0,0,0,0,1,0,0,0,0,0,0,Matches,2014-2015
244,Jules Iloki,fr FRA,MF,Nantes,22,1992,2,0,28,0.3,0,0,0,0,0,0,0,0,0,0,0,0,0,Matches,2014-2015
245,Tiago Ilori,pt POR,DF,Bordeaux,21,1993,12,12,"1,016",11.3,1,0,1,1,0,0,2,0,0.09,0,0.09,0.09,0.09,Matches,2014-2015
246,Giannelli Imbula,cd COD,MF,Marseille,21,1992,37,37,"3,174",35.3,3,2,5,3,0,0,6,1,0.09,0.06,0.14,0.09,0.14,Matches,2014-2015
247,Emmanuel Imorou,bj BEN,DF,Caen,25,1988,30,30,"2,643",29.4,0,0,0,0,0,0,3,0,0,0,0,0,0,Matches,2014-2015
248,Lars Jacobsen,dk DEN,DF,Guingamp,34,1979,25,24,"2,144",23.8,1,1,2,1,0,0,3,0,0.04,0.04,0.08,0.04,0.08,Matches,2014-2015
249,Alharbi El Jadeyaoui,ma MAR,MF,Lens,27,1986,26,13,"1,356",15.1,3,0,3,3,0,1,5,0,0.2,0,0.2,0.2,0.2,Matches,2014-2015
250,Christophe Jallet,fr FRA,DF,Lyon,30,1983,32,32,"2,880",32,1,3,4,1,0,0,6,0,0.03,0.09,0.12,0.03,0.12,Matches,2014-2015
Rk,Player,Nation,Pos,Squad,Age,Born,MP,Starts,Min,90s,Gls,Ast,G+A,G-PK,PK,PKatt,CrdY,CrdR,Gls,Ast,G+A,G-PK,G+A-PK,Matches,2014-2015
251,Benjamin Jeannot,fr FRA,FW,Lorient,22,1992,31,25,"2,222",24.7,7,3,10,6,1,1,0,0,0.28,0.12,0.41,0.24,0.36,Matches,2014-2015
252,Yann Jouffre,fr FRA,MF,Lorient,30,1984,18,12,"1,100",12.2,0,1,1,0,0,0,1,0,0,0.08,0.08,0,0.08,Matches,2014-2015
253,Geoffrey Jourdren,fr FRA,GK,Montpellier,28,1986,29,29,"2,610",29,0,0,0,0,0,0,2,0,0,0,0,0,0,Matches,2014-2015
254,Jesper Juelsgård,dk DEN,DF,Evian,25,1989,11,10,874,9.7,0,0,0,0,0,0,2,0,0,0,0,0,0,Matches,2014-2015
255,Ažbe Jug,si SVN,GK,Bordeaux,22,1992,2,1,169,1.9,0,0,0,0,0,0,0,0,0,0,0,0,0,Matches,2014-2015
256,Younès Kaabouni,fr FRA,MF,Bordeaux,19,1995,12,2,404,4.5,0,0,0,0,0,0,0,0,0,0,0,0,0,Matches,2014-2015
257,Salomon Kalou,ci CIV,"FW,MF",Lille,28,1985,1,1,60,0.7,0,0,0,0,0,0,0,0,0,0,0,0,0,Matches,2014-2015
258,François Kamano,gn GUI,"FW,MF",Bastia,18,1996,23,19,"1,485",16.5,4,3,7,4,0,0,5,1,0.24,0.18,0.42,0.24,0.42,Matches,2014-2015
259,Aboubakar Kamara,mr MTN,FW,Monaco,19,1995,2,0,14,0.2,0,0,0,0,0,0,0,0,0,0,0,0,0,Matches,2014-2015
260,Jean-Armel Kana-Biyik,cm CMR,DF,Toulouse,25,1989,13,13,"1,075",11.9,1,0,1,1,0,0,0,1,0.08,0,0.08,0.08,0.08,Matches,2014-2015
261,Ahmed Kantari,ma MAR,DF,Lens,29,1985,31,31,"2,764",30.7,1,0,1,0,1,1,6,0,0.03,0,0.03,0,0,Matches,2014-2015
262,N'Golo Kanté,fr FRA,MF,Caen,23,1991,37,36,"3,183",35.4,2,5,7,2,0,0,4,1,0.06,0.14,0.2,0.06,0.2,Matches,2014-2015
263,Abdelhamid El Kaoutari,ma MAR,DF,Montpellier,24,1990,37,37,"3,330",37,0,1,1,0,0,0,3,0,0,0.03,0.03,0,0.03,Matches,2014-2015
264,Benjamin Karamoko,ml MLI,DF,Saint-Étienne,19,1995,2,1,135,1.5,0,0,0,0,0,0,1,0,0,0,0,0,0,Matches,2014-2015
265,Ahmed Kashi,dz ALG,MF,Metz,25,1988,19,15,"1,356",15.1,1,0,1,1,0,0,2,0,0.07,0,0.07,0.07,0.07,Matches,2014-2015
266,Abdoulaye Keita,ml MLI,MF,Bastia,20,1994,5,2,192,2.1,0,1,1,0,0,0,0,0,0,0.47,0.47,0,0.47,Matches,2014-2015
267,Christophe Kerbrat,fr FRA,"DF,MF",Guingamp,27,1986,32,27,"2,408",26.8,0,0,0,0,0,0,2,2,0,0,0,0,0,Matches,2014-2015
268,Wahbi Khazri,tn TUN,"FW,MF",Bordeaux,23,1991,32,29,"2,362",26.2,9,5,14,7,2,2,8,0,0.34,0.19,0.53,0.27,0.46,Matches,2014-2015
269,Isaac Kiese Thelin,se SWE,FW,Bordeaux,22,1992,15,12,"1,031",11.5,1,3,4,1,0,0,2,0,0.09,0.26,0.35,0.09,0.35,Matches,2014-2015
270,Presnel Kimpembe,fr FRA,DF,Paris S-G,18,1995,1,0,15,0.2,0,0,0,0,0,0,0,0,0,0,0,0,0,Matches,2014-2015
271,Simon Kjær,dk DEN,DF,Lille,25,1989,31,31,"2,706",30.1,1,0,1,1,0,0,6,0,0.03,0,0.03,0.03,0.03,Matches,2014-2015
272,Bengali-Fodé Koita,gn GUI,"FW,MF",Caen,23,1990,29,22,"1,842",20.5,3,2,5,2,1,1,1,0,0.15,0.1,0.24,0.1,0.2,Matches,2014-2015
273,Geoffrey Kondogbia,cf CTA,"DF,MF",Monaco,21,1993,23,22,"1,908",21.2,1,1,2,1,0,0,3,0,0.05,0.05,0.09,0.05,0.09,Matches,2014-2015
274,Bakary Koné,bf BFA,DF,Lyon,26,1988,17,14,"1,292",14.4,1,0,1,1,0,0,3,0,0.07,0,0.07,0.07,0.07,Matches,2014-2015
275,Djakaridja Koné,bf BFA,MF,Evian,28,1986,26,22,"1,919",21.3,1,0,1,1,0,0,5,0,0.05,0,0.05,0.05,0.05,Matches,2014-2015
Rk,Player,Nation,Pos,Squad,Age,Born,MP,Starts,Min,90s,Gls,Ast,G+A,G-PK,PK,PKatt,CrdY,CrdR,Gls,Ast,G+A,G-PK,G+A-PK,Matches,2014-2015
276,Famoussa Koné,ml MLI,FW,Bastia,20,1994,4,2,253,2.8,0,0,0,0,0,0,1,0,0,0,0,0,0,Matches,2014-2015
277,Lamine Koné,ci CIV,DF,Lorient,25,1989,30,30,"2,699",30,1,1,2,1,0,0,4,0,0.03,0.03,0.07,0.03,0.07,Matches,2014-2015
278,Anders Konradsen,no NOR,MF,Rennes,24,1990,19,10,"1,072",11.9,2,0,2,2,0,0,2,0,0.17,0,0.17,0.17,0.17,Matches,2014-2015
279,Kévin Koubemba,cg CGO,FW,Lille,21,1993,8,5,561,6.2,0,0,0,0,0,0,1,0,0,0,0,0,0,Matches,2014-2015
280,Vincent Koziello,fr FRA,MF,Nice,18,1995,7,3,286,3.2,0,0,0,0,0,0,3,0,0,0,0,0,0,Matches,2014-2015
281,Sergey Krivets,by BLR,MF,Metz,28,1986,22,15,"1,313",14.6,1,1,2,1,0,0,0,0,0.07,0.07,0.14,0.07,0.14,Matches,2014-2015
282,Layvin Kurzawa,fr FRA,DF,Monaco,21,1992,27,25,"2,205",24.5,0,4,4,0,0,1,1,0,0,0.16,0.16,0,0.16,Matches,2014-2015
283,Grejohn Kyei,fr FRA,FW,Reims,18,1995,3,0,62,0.7,1,0,1,1,0,0,1,0,1.45,0,1.45,1.45,1.45,Matches,2014-2015
284,Alexandre Lacazette,fr FRA,FW,Lyon,23,1991,33,33,"2,842",31.6,27,6,33,19,8,9,6,0,0.86,0.19,1.05,0.6,0.79,Matches,2014-2015
285,Loïck Landre,fr FRA,DF,Lens,22,1992,26,26,"2,241",24.9,0,0,0,0,0,0,6,2,0,0,0,0,0,Matches,2014-2015
286,Sami Larabi,fr FRA,DF,Toulouse,18,1996,1,0,4,0,0,0,0,0,0,0,0,0,0,0,0,0,0,Matches,2014-2015
287,Paul Lasne,fr FRA,MF,Montpellier,25,1989,31,21,"1,757",19.5,2,1,3,2,0,0,1,0,0.1,0.05,0.15,0.1,0.15,Matches,2014-2015
288,Wesley Lautoa,nc NCL,"DF,MF",Lorient,26,1987,26,26,"2,308",25.6,0,0,0,0,0,0,4,0,0,0,0,0,0,Matches,2014-2015
289,Ezequiel Lavezzi,ar ARG,"FW,MF",Paris S-G,29,1985,31,19,"1,654",18.4,8,2,10,8,0,0,2,0,0.44,0.11,0.54,0.44,0.54,Matches,2014-2015
290,Valentin Lavigne,fr FRA,"FW,MF",Lorient,20,1994,15,4,466,5.2,3,1,4,3,0,0,1,0,0.58,0.19,0.77,0.58,0.77,Matches,2014-2015
291,Vincent Le Goff,fr FRA,DF,Lorient,24,1989,28,25,"2,299",25.5,1,1,2,1,0,0,2,0,0.04,0.04,0.08,0.04,0.08,Matches,2014-2015
292,Jean-Louis Leca,fr FRA,GK,Bastia,28,1985,3,3,270,3,0,0,0,0,0,0,1,0,0,0,0,0,0,Matches,2014-2015
293,Quentin Lecoeuche,fr FRA,"DF,MF",Lens,20,1994,2,1,106,1.2,0,0,0,0,0,0,0,0,0,0,0,0,0,Matches,2014-2015
294,Benjamin Lecomte,fr FRA,GK,Lorient,23,1991,38,38,"3,416",38,0,0,0,0,0,0,3,0,0,0,0,0,0,Matches,2014-2015
295,Kevin Lejeune,fr FRA,"DF,MF",Metz,29,1985,32,27,"2,310",25.7,1,3,4,1,0,1,4,0,0.04,0.12,0.16,0.04,0.16,Matches,2014-2015
296,Reynald Lemaître,fr FRA,"DF,MF",Guingamp,31,1983,15,12,"1,202",13.4,0,1,1,0,0,0,3,0,0,0.07,0.07,0,0.07,Matches,2014-2015
297,Thomas Lemar,fr FRA,MF,Caen,18,1995,25,6,729,8.1,1,4,5,1,0,0,1,0,0.12,0.49,0.62,0.12,0.62,Matches,2014-2015
298,Mario Lemina,ga GAB,"DF,MF",Marseille,20,1993,23,13,"1,260",14,2,0,2,2,0,0,2,1,0.14,0,0.14,0.14,0.14,Matches,2014-2015
299,Jérôme Lemoigne,fr FRA,"FW,MF",Lens,31,1983,31,31,"2,482",27.6,0,1,1,0,0,0,9,1,0,0.04,0.04,0,0.04,Matches,2014-2015
300,Fabien Lemoine,fr FRA,MF,Saint-Étienne,27,1987,35,31,"2,810",31.2,2,4,6,2,0,0,7,0,0.06,0.13,0.19,0.06,0.19,Matches,2014-2015
Rk,Player,Nation,Pos,Squad,Age,Born,MP,Starts,Min,90s,Gls,Ast,G+A,G-PK,PK,PKatt,CrdY,CrdR,Gls,Ast,G+A,G-PK,G+A-PK,Matches,2014-2015
301,Ermir Lenjani,al ALB,"DF,FW",Rennes,24,1989,3,1,67,0.7,0,0,0,0,0,0,0,0,0,0,0,0,0,Matches,2014-2015
302,Benjamin Leroy,fr FRA,GK,Evian,25,1989,23,23,"2,070",23,0,0,0,0,0,0,0,0,0,0,0,0,0,Matches,2014-2015
303,Dorian Lévêque,fr FRA,DF,Guingamp,24,1989,18,17,"1,441",16,1,0,1,1,0,0,3,0,0.06,0,0.06,0.06,0.06,Matches,2014-2015
304,Jonathan Ligali,fr FRA,GK,Montpellier,23,1991,6,6,540,6,0,0,0,0,0,0,1,0,0,0,0,0,0,Matches,2014-2015
305,Anthony Lopes,pt POR,GK,Lyon,23,1990,38,38,"3,420",38,0,0,0,0,0,0,1,0,0,0,0,0,0,Matches,2014-2015
306,Rony Lopes,pt POR,"FW,MF",Lille,18,1995,23,18,"1,432",15.9,3,3,6,3,0,0,4,1,0.19,0.19,0.38,0.19,0.38,Matches,2014-2015
307,Jonas Lössl,dk DEN,GK,Guingamp,25,1989,30,30,"2,686",29.8,0,0,0,0,0,0,0,0,0,0,0,0,0,Matches,2014-2015
308,José Luis Palomino,ar ARG,DF,Metz,24,1990,24,21,"1,928",21.4,1,1,2,1,0,0,5,0,0.05,0.05,0.09,0.05,0.09,Matches,2014-2015
309,David Luiz,br BRA,"DF,MF",Paris S-G,27,1987,28,26,"2,290",25.4,2,0,2,2,0,0,5,0,0.08,0,0.08,0.08,0.08,Matches,2014-2015
310,Cheikh M'Bengue,sn SEN,DF,Rennes,26,1988,32,32,"2,814",31.3,0,1,1,0,0,0,3,0,0,0.03,0.03,0,0.03,Matches,2014-2015
311,Christopher Maboulou,cg CGO,"DF,MF",Bastia,24,1990,20,14,"1,140",12.7,3,0,3,3,0,0,1,0,0.24,0,0.24,0.24,0.24,Matches,2014-2015
312,Aristote Madiani,fr FRA,FW,Lens,18,1995,16,1,417,4.6,1,1,2,1,0,0,1,0,0.22,0.22,0.43,0.22,0.43,Matches,2014-2015
313,Modibo Maïga,ml MLI,"FW,MF",Metz,26,1987,25,19,"1,761",19.6,9,0,9,7,2,2,5,0,0.46,0,0.46,0.36,0.36,Matches,2014-2015
314,Jean Makoun,cm CMR,MF,Rennes,31,1983,1,1,62,0.7,0,0,0,0,0,0,0,0,0,0,0,0,0,Matches,2014-2015
315,Steed Malbranque,fr FRA,MF,Lyon,34,1980,28,13,"1,195",13.3,3,1,4,3,0,0,3,0,0.23,0.08,0.3,0.23,0.3,Matches,2014-2015
316,Florent Malouda,fr FRA,"FW,MF",Metz,34,1980,28,28,"2,339",26,3,5,8,2,1,2,5,0,0.12,0.19,0.31,0.08,0.27,Matches,2014-2015
317,Steve Mandanda,fr FRA,GK,Marseille,29,1985,38,38,"3,420",38,0,0,0,0,0,0,2,0,0,0,0,0,0,Matches,2014-2015
318,Christophe Mandanne,fr FRA,"FW,MF",Guingamp,29,1985,31,25,"2,063",22.9,11,2,13,10,1,1,2,0,0.48,0.09,0.57,0.44,0.52,Matches,2014-2015
319,Aïssa Mandi,dz ALG,DF,Reims,22,1991,32,32,"2,805",31.2,6,2,8,6,0,0,3,0,0.19,0.06,0.26,0.19,0.26,Matches,2014-2015
320,Juan Manuel Falcón,ve VEN,"DF,FW",Metz,25,1989,21,14,"1,246",13.8,4,0,4,4,0,0,1,0,0.29,0,0.29,0.29,0.29,Matches,2014-2015
321,Florian Marange,fr FRA,DF,Bastia,28,1986,18,15,"1,419",15.8,0,0,0,0,0,0,2,0,0,0,0,0,0,Matches,2014-2015
322,Sylvain Marchal,fr FRA,DF,Metz,34,1980,17,15,"1,255",13.9,0,0,0,0,0,0,2,0,0,0,0,0,0,Matches,2014-2015
323,Mariano,br BRA,"DF,MF",Bordeaux,28,1986,31,31,"2,776",30.8,1,3,4,1,0,0,5,0,0.03,0.1,0.13,0.03,0.13,Matches,2014-2015
324,Marquinhos,br BRA,"DF,MF",Paris S-G,20,1994,25,21,"1,875",20.8,2,0,2,2,0,0,2,0,0.1,0,0.1,0.1,0.1,Matches,2014-2015
325,Anthony Martial,fr FRA,"FW,MF",Monaco,18,1995,35,19,"1,820",20.2,9,3,12,8,1,2,1,0,0.45,0.15,0.59,0.4,0.54,Matches,2014-2015
Rk,Player,Nation,Pos,Squad,Age,Born,MP,Starts,Min,90s,Gls,Ast,G+A,G-PK,PK,PKatt,CrdY,CrdR,Gls,Ast,G+A,G-PK,G+A-PK,Matches,2014-2015
326,Jonas Martin,fr FRA,"DF,MF",Montpellier,24,1990,30,27,"2,292",25.5,1,4,5,1,0,0,5,0,0.04,0.16,0.2,0.04,0.2,Matches,2014-2015
327,Marvin Martin,fr FRA,MF,Lille,26,1988,6,5,302,3.4,0,0,0,0,0,0,1,0,0,0,0,0,0,Matches,2014-2015
328,Joris Marveaux,mq MTQ,MF,Montpellier,31,1982,29,20,"1,787",19.9,0,1,1,0,0,0,3,0,0,0.05,0.05,0,0.05,Matches,2014-2015
329,Sylvain Marveaux,fr FRA,"FW,MF",Guingamp,28,1986,24,19,"1,576",17.5,1,2,3,1,0,0,0,0,0.06,0.11,0.17,0.06,0.17,Matches,2014-2015
330,William Matheus,br BRA,DF,Toulouse,24,1990,10,6,597,6.6,0,1,1,0,0,0,0,0,0,0.15,0.15,0,0.15,Matches,2014-2015
331,Lionel Mathis,fr FRA,MF,Guingamp,32,1981,31,27,"2,486",27.6,0,0,0,0,0,0,4,0,0,0,0,0,0,Matches,2014-2015
332,Blaise Matuidi,fr FRA,MF,Paris S-G,27,1987,34,25,"2,187",24.3,4,2,6,4,0,0,2,0,0.16,0.08,0.25,0.16,0.25,Matches,2014-2015
333,Neal Maupay,fr FRA,"FW,MF",Nice,17,1996,13,3,358,4,1,0,1,1,0,0,1,1,0.25,0,0.25,0.25,0.25,Matches,2014-2015
334,Nicolas Maurice-Belay,fr FRA,"FW,MF",Bordeaux,29,1985,32,15,"1,637",18.2,2,4,6,2,0,0,0,0,0.11,0.22,0.33,0.11,0.33,Matches,2014-2015
335,Chris Mavinga,cd COD,DF,Reims,23,1991,9,7,648,7.2,0,1,1,0,0,0,4,1,0,0.14,0.14,0,0.14,Matches,2014-2015
336,Rio Mavuba,fr FRA,MF,Lille,30,1984,30,30,"2,601",28.9,1,0,1,1,0,0,4,0,0.03,0,0.03,0.03,0.03,Matches,2014-2015
337,Maxwell,br BRA,DF,Paris S-G,32,1981,26,24,"2,164",24,3,3,6,3,0,0,1,0,0.12,0.12,0.25,0.12,0.25,Matches,2014-2015
338,Soualiho Meïté,fr FRA,"DF,MF",Lille,20,1994,8,1,135,1.5,0,0,0,0,0,0,0,0,0,0,0,0,0,Matches,2014-2015
339,Lucas Mendes,qa QAT,DF,Marseille,24,1990,1,0,45,0.5,0,0,0,0,0,0,0,0,0,0,0,0,0,Matches,2014-2015
340,Ryan Mendes,cv CPV,"FW,MF",Lille,24,1990,19,11,852,9.5,2,2,4,2,0,0,0,0,0.21,0.21,0.42,0.21,0.42,Matches,2014-2015
341,Benjamin Mendy,fr FRA,DF,Marseille,20,1994,33,33,"2,918",32.4,0,4,4,0,0,0,8,0,0,0.12,0.12,0,0.12,Matches,2014-2015
342,Nampalys Mendy,sn SEN,MF,Nice,22,1992,36,36,"3,240",36,0,0,0,0,0,0,5,0,0,0,0,0,0,Matches,2014-2015
343,Jonathan Mensah,gh GHA,DF,Evian,24,1990,11,10,917,10.2,1,0,1,1,0,0,3,0,0.1,0,0.1,0.1,0.1,Matches,2014-2015
344,Walid Mesloub,dz ALG,"FW,MF",Lorient,28,1985,32,29,"2,557",28.4,0,4,4,0,0,0,1,1,0,0.14,0.14,0,0.14,Matches,2014-2015
345,Romain Métanire,mg MAD,DF,Metz,24,1990,34,33,"2,985",33.2,0,0,0,0,0,0,6,0,0,0,0,0,0,Matches,2014-2015
346,Mexer,mz MOZ,DF,Rennes,25,1988,35,35,"3,150",35,4,0,4,4,0,0,3,0,0.11,0,0.11,0.11,0.11,Matches,2014-2015
347,Anthony Mfa Mezui,ga GAB,GK,Metz,23,1991,16,16,"1,440",16,0,0,0,0,0,0,1,0,0,0,0,0,0,Matches,2014-2015
348,Omenuke Mfulu,cd COD,"DF,MF",Reims,20,1994,7,1,222,2.5,0,0,0,0,0,0,1,0,0,0,0,0,0,Matches,2014-2015
349,Guido Milán,ar ARG,DF,Metz,27,1987,24,22,"1,927",21.4,1,0,1,1,0,0,6,2,0.05,0,0.05,0.05,0.05,Matches,2014-2015
350,François Modesto,fr FRA,"DF,MF",Bastia,35,1978,29,25,"2,306",25.6,2,0,2,2,0,0,3,0,0.08,0,0.08,0.08,0.08,Matches,2014-2015
Rk,Player,Nation,Pos,Squad,Age,Born,MP,Starts,Min,90s,Gls,Ast,G+A,G-PK,PK,PKatt,CrdY,CrdR,Gls,Ast,G+A,G-PK,G+A-PK,Matches,2014-2015
351,Benjamin Mokulu,cd COD,FW,Bastia,24,1989,4,0,75,0.8,0,0,0,0,0,0,0,0,0,0,0,0,0,Matches,2014-2015
352,Yohan Mollo,fr FRA,"DF,FW",Saint-Étienne,25,1989,23,12,"1,149",12.8,4,1,5,4,0,0,4,0,0.31,0.08,0.39,0.31,0.39,Matches,2014-2015
353,Cédric Mongongu,cd COD,DF,Evian,25,1989,24,19,"1,788",19.9,0,0,0,0,0,0,4,0,0,0,0,0,0,Matches,2014-2015
354,Kévin Monnet-Paquet,fr FRA,"FW,MF",Saint-Étienne,25,1988,30,18,"1,728",19.2,2,1,3,2,0,0,0,0,0.1,0.05,0.16,0.1,0.16,Matches,2014-2015
355,Víctor Montaño,co COL,FW,Montpellier,30,1984,9,2,264,2.9,1,0,1,1,0,0,2,0,0.34,0,0.34,0.34,0.34,Matches,2014-2015
356,Taylor Moore,eng ENG,"DF,MF",Lens,17,1997,4,4,360,4,0,1,1,0,0,0,1,0,0,0.25,0.25,0,0.25,Matches,2014-2015
357,Steven Moreira,cv CPV,"DF,MF",Rennes,19,1994,23,13,"1,125",12.5,0,0,0,0,0,0,1,0,0,0,0,0,0,Matches,2014-2015
358,Jérémy Morel,mg MAD,DF,Marseille,30,1984,31,30,"2,677",29.7,1,0,1,1,0,0,6,1,0.03,0,0.03,0.03,0.03,Matches,2014-2015
359,Mehdi Mostefa,dz ALG,"DF,MF",Lorient,30,1983,23,19,"1,717",19.1,1,1,2,1,0,0,5,0,0.05,0.05,0.1,0.05,0.1,Matches,2014-2015
360,Thiago Motta,it ITA,MF,Paris S-G,31,1982,27,25,"2,050",22.8,0,2,2,0,0,0,9,0,0,0.09,0.09,0,0.09,Matches,2014-2015
361,François Moubandje,ch SUI,DF,Toulouse,24,1990,31,30,"2,701",30,0,2,2,0,0,0,3,1,0,0.07,0.07,0,0.07,Matches,2014-2015
362,Benjamin Moukandjo,cm CMR,"FW,MF",Reims,25,1988,31,19,"1,883",20.9,8,1,9,7,1,1,3,0,0.38,0.05,0.43,0.33,0.38,Matches,2014-2015
363,Anthony Mounier,fr FRA,"FW,MF",Montpellier,26,1987,36,36,"3,091",34.3,9,7,16,8,1,1,1,0,0.26,0.2,0.47,0.23,0.44,Matches,2014-2015
364,Lucas Moura,br BRA,"FW,MF",Paris S-G,21,1992,29,22,"1,891",21,7,5,12,5,2,2,2,0,0.33,0.24,0.57,0.24,0.48,Matches,2014-2015
365,João Moutinho,pt POR,MF,Monaco,27,1986,37,35,"3,165",35.2,4,6,10,3,1,1,6,0,0.11,0.17,0.28,0.09,0.26,Matches,2014-2015
366,Yrondu Musavu-King,ga GAB,DF,Caen,22,1992,6,6,478,5.3,1,0,1,1,0,0,0,0,0.19,0,0.19,0.19,0.19,Matches,2014-2015
367,Arnold Mvuemba,cd COD,"FW,MF",Lyon,29,1985,20,10,958,10.6,0,1,1,0,0,0,1,0,0,0.09,0.09,0,0.09,Matches,2014-2015
368,Guirane N'Daw,sn SEN,"DF,MF",Metz,30,1984,27,25,"2,258",25.1,0,0,0,0,0,0,11,0,0,0,0,0,0,Matches,2014-2015
369,Deme N'Diaye,sn SEN,"FW,MF",Lens,29,1985,7,3,282,3.1,0,1,1,0,0,0,0,0,0,0.32,0.32,0,0.32,Matches,2014-2015
370,Aristote N'Dongala,cd COD,FW,Nantes,20,1994,1,0,45,0.5,0,0,0,0,0,0,0,0,0,0,0,0,0,Matches,2014-2015
371,Mayoro N'Doye,sn SEN,MF,Metz,22,1991,1,0,22,0.2,0,0,0,0,0,0,0,0,0,0,0,0,0,Matches,2014-2015
372,David N'Gog,fr FRA,FW,Reims,25,1989,28,22,"1,709",19,7,1,8,7,0,0,3,0,0.37,0.05,0.42,0.37,0.42,Matches,2014-2015
373,Landry N'Guémo,cm CMR,"DF,MF",Saint-Étienne,28,1985,14,11,863,9.6,1,0,1,1,0,0,0,0,0.1,0,0.1,0.1,0.1,Matches,2014-2015
374,Clinton N'Jie,cm CMR,"FW,MF",Lyon,20,1993,30,15,"1,519",16.9,7,7,14,7,0,0,1,0,0.41,0.41,0.83,0.41,0.83,Matches,2014-2015
375,Georges-Kévin N'Koudou,cm CMR,"FW,MF",Nantes,19,1995,28,16,"1,609",17.9,2,1,3,2,0,0,2,0,0.11,0.06,0.17,0.11,0.17,Matches,2014-2015
Rk,Player,Nation,Pos,Squad,Age,Born,MP,Starts,Min,90s,Gls,Ast,G+A,G-PK,PK,PKatt,CrdY,CrdR,Gls,Ast,G+A,G-PK,G+A-PK,Matches,2014-2015
376,Clarck N'Sikulu,cd COD,"FW,MF",Evian,22,1992,28,20,"1,799",20,5,1,6,5,0,0,2,0,0.25,0.05,0.3,0.25,0.3,Matches,2014-2015
377,Lenny Nangis,fr FRA,"FW,MF",Caen,20,1994,34,28,"2,229",24.8,4,2,6,4,0,0,3,1,0.16,0.08,0.24,0.16,0.24,Matches,2014-2015
378,Yeni Ngbakoto,cd COD,"FW,MF",Metz,22,1992,30,19,"1,887",21,5,1,6,1,4,4,4,1,0.24,0.05,0.29,0.05,0.1,Matches,2014-2015
379,Adama Niane,ml MLI,FW,Nantes,21,1993,3,0,66,0.7,0,1,1,0,0,0,0,0,0,1.36,1.36,0,1.36,Matches,2014-2015
380,Pavle Ninkov,rs SRB,DF,Toulouse,29,1985,21,15,"1,338",14.9,1,0,1,1,0,0,3,1,0.07,0,0.07,0.07,0.07,Matches,2014-2015
381,Miloš Ninković,rs SRB,MF,Evian,29,1984,15,10,862,9.6,0,0,0,0,0,0,2,0,0,0,0,0,0,Matches,2014-2015
382,Nicolas Nkoulou,cm CMR,DF,Marseille,24,1990,24,23,"2,113",23.5,2,0,2,2,0,0,5,0,0.09,0,0.09,0.09,0.09,Matches,2014-2015
383,Lalaina Nomenjanahary,mg MAD,"DF,FW",Lens,28,1986,26,17,"1,471",16.3,1,3,4,1,0,0,3,0,0.06,0.18,0.24,0.06,0.24,Matches,2014-2015
384,Dany Nounkeu,cm CMR,DF,Evian,28,1986,14,14,"1,240",13.8,1,0,1,1,0,0,4,0,0.07,0,0.07,0.07,0.07,Matches,2014-2015
385,Kwame Nsor,gh GHA,FW,Metz,21,1992,7,2,255,2.8,0,0,0,0,0,0,0,0,0,0,0,0,0,Matches,2014-2015
386,Paul-Georges Ntep,cm CMR,"FW,MF",Rennes,22,1992,35,29,"2,691",29.9,10,5,15,10,0,1,5,0,0.33,0.17,0.5,0.33,0.5,Matches,2014-2015
387,David Oberhauser,fr FRA,GK,Metz,23,1990,3,1,185,2.1,0,0,0,0,0,0,0,0,0,0,0,0,0,Matches,2014-2015
388,Lucas Ocampos,ar ARG,"FW,MF",Marseille,20,1994,14,3,528,5.9,2,1,3,2,0,0,1,0,0.34,0.17,0.51,0.34,0.51,Matches,2014-2015
389,Lucas Ocampos,ar ARG,"FW,MF",Monaco,20,1994,17,7,560,6.2,1,0,1,1,0,0,2,0,0.16,0,0.16,0.16,0.16,Matches,2014-2015
390,Billel Omrani,dz ALG,FW,Marseille,21,1993,4,0,67,0.7,1,0,1,1,0,0,1,0,1.34,0,1.34,1.34,1.34,Matches,2014-2015
391,Hervin Ongenda,fr FRA,"FW,MF",Bastia,19,1995,16,6,698,7.8,0,0,0,0,0,0,1,0,0,0,0,0,0,Matches,2014-2015
392,Prince Oniangué,cg CGO,"DF,MF",Reims,25,1988,32,30,"2,656",29.5,3,2,5,3,0,0,6,1,0.1,0.07,0.17,0.1,0.17,Matches,2014-2015
393,Divock Origi,be BEL,"FW,MF",Lille,19,1995,33,22,"2,152",23.9,8,3,11,6,2,4,0,0,0.33,0.13,0.46,0.25,0.38,Matches,2014-2015
394,Juan Pablo Pino,co COL,"FW,MF",Bastia,27,1987,4,2,164,1.8,0,0,0,0,0,0,1,0,0,0,0,0,0,Matches,2014-2015
395,Vincent Pajot,fr FRA,MF,Rennes,23,1990,23,20,"1,615",17.9,0,1,1,0,0,0,1,0,0,0.06,0.06,0,0.06,Matches,2014-2015
396,Nicolas Pallois,fr FRA,DF,Bordeaux,26,1987,33,33,"2,926",32.5,0,0,0,0,0,0,2,1,0,0,0,0,0,Matches,2014-2015
397,Julian Palmieri,fr FRA,"DF,MF",Bastia,27,1986,35,34,"2,945",32.7,2,1,3,2,0,0,9,0,0.06,0.03,0.09,0.06,0.09,Matches,2014-2015
398,Lloyd Palun,ga GAB,"DF,MF",Nice,25,1988,20,18,"1,638",18.2,1,1,2,1,0,0,7,1,0.05,0.05,0.11,0.05,0.11,Matches,2014-2015
399,Javier Pastore,ar ARG,MF,Paris S-G,25,1989,34,31,"2,746",30.5,5,12,17,5,0,0,4,0,0.16,0.39,0.56,0.16,0.56,Matches,2014-2015
400,Benjamin Pavard,fr FRA,DF,Lille,18,1996,8,5,512,5.7,0,0,0,0,0,0,2,0,0,0,0,0,0,Matches,2014-2015
Rk,Player,Nation,Pos,Squad,Age,Born,MP,Starts,Min,90s,Gls,Ast,G+A,G-PK,PK,PKatt,CrdY,CrdR,Gls,Ast,G+A,G-PK,G+A-PK,Matches,2014-2015
401,Dimitri Payet,fr FRA,"FW,MF",Marseille,27,1987,36,35,"3,051",33.9,7,17,24,7,0,0,3,0,0.21,0.5,0.71,0.21,0.71,Matches,2014-2015
402,Pedrinho,pt POR,DF,Lorient,29,1985,9,7,674,7.5,0,0,0,0,0,0,1,0,0,0,0,0,0,Matches,2014-2015
403,Jordan Pefok,us USA,FW,Reims,18,1996,1,0,24,0.3,0,0,0,0,0,0,0,0,0,0,0,0,0,Matches,2014-2015
404,Bryan Pelé,fr FRA,MF,Lorient,22,1992,10,5,391,4.3,0,0,0,0,0,0,0,0,0,0,0,0,0,Matches,2014-2015
405,Loïc Perrin,fr FRA,"DF,MF",Saint-Étienne,28,1985,28,27,"2,439",27.1,1,0,1,1,0,0,1,0,0.04,0,0.04,0.04,0.04,Matches,2014-2015
406,Aleksandar Pešić,rs SRB,FW,Toulouse,22,1992,34,22,"2,103",23.4,6,6,12,6,0,0,5,0,0.26,0.26,0.51,0.26,0.51,Matches,2014-2015
407,Alexi Peuget,fr FRA,MF,Reims,23,1990,9,5,436,4.8,1,0,1,1,0,0,1,0,0.21,0,0.21,0.21,0.21,Matches,2014-2015
408,Mathieu Peybernes,fr FRA,DF,Bastia,23,1990,30,24,"2,337",26,0,2,2,0,0,0,3,0,0,0.08,0.08,0,0.08,Matches,2014-2015
409,Romain Philippoteaux,fr FRA,"FW,MF",Lorient,26,1988,15,13,"1,026",11.4,2,1,3,2,0,0,0,0,0.18,0.09,0.26,0.18,0.26,Matches,2014-2015
410,Chris Philipps,lu LUX,"DF,MF",Metz,20,1994,9,9,703,7.8,0,0,0,0,0,0,2,0,0,0,0,0,0,Matches,2014-2015
411,Jérémy Pied,fr FRA,"DF,FW",Nice,25,1989,2,2,154,1.7,0,1,1,0,0,0,0,0,0,0.58,0.58,0,0.58,Matches,2014-2015
412,Jérémy Pied,fr FRA,"DF,FW",Guingamp,25,1989,28,23,"1,968",21.9,2,6,8,2,0,0,6,0,0.09,0.27,0.37,0.09,0.37,Matches,2014-2015
413,Jean-Jacques Pierre,ht HAI,DF,Caen,33,1981,12,11,970,10.8,0,1,1,0,0,0,0,1,0,0.09,0.09,0,0.09,Matches,2014-2015
414,Laurent Pionnier,fr FRA,GK,Montpellier,32,1982,3,3,270,3,0,0,0,0,0,0,0,0,0,0,0,0,0,Matches,2014-2015
415,Johny Placide,ht HAI,GK,Reims,26,1988,22,21,"1,890",21,0,0,0,0,0,0,3,0,0,0,0,0,0,Matches,2014-2015
416,Marc Planus,fr FRA,DF,Bordeaux,32,1982,8,6,470,5.2,1,0,1,1,0,0,1,0,0.19,0,0.19,0.19,0.19,Matches,2014-2015
417,Jaroslav Plašil,cz CZE,MF,Bordeaux,32,1982,34,31,"2,816",31.3,0,3,3,0,0,0,3,1,0,0.1,0.1,0,0.1,Matches,2014-2015
418,Alassane Pléa,fr FRA,"FW,MF",Nice,21,1993,33,27,"2,454",27.3,3,6,9,3,0,0,7,0,0.11,0.22,0.33,0.11,0.33,Matches,2014-2015
419,Florentin Pogba,gn GUI,DF,Saint-Étienne,23,1990,16,12,"1,136",12.6,1,1,2,1,0,0,0,0,0.08,0.08,0.16,0.08,0.16,Matches,2014-2015
420,Jérémie Porsan-Clémenté,mq MTQ,FW,Marseille,16,1997,1,0,17,0.2,0,0,0,0,0,0,0,0,0,0,0,0,0,Matches,2014-2015
421,Maxime Poundjé,fr FRA,DF,Bordeaux,21,1992,12,12,959,10.7,1,1,2,1,0,0,1,0,0.09,0.09,0.19,0.09,0.19,Matches,2014-2015
422,Simon Pouplin,fr FRA,GK,Nice,29,1985,8,8,690,7.7,0,0,0,0,0,0,1,0,0,0,0,0,0,Matches,2014-2015
423,Sanjin Prcić,ba BIH,MF,Rennes,20,1993,17,7,638,7.1,1,1,2,1,0,0,3,0,0.14,0.14,0.28,0.14,0.28,Matches,2014-2015
424,Nicolas de Préville,fr FRA,"FW,MF",Reims,23,1991,25,13,"1,272",14.1,3,3,6,3,0,0,2,0,0.21,0.21,0.42,0.21,0.42,Matches,2014-2015
425,Sloan Privat,fr FRA,FW,Caen,25,1989,20,13,974,10.8,6,1,7,6,0,0,1,0,0.55,0.09,0.65,0.55,0.65,Matches,2014-2015
Rk,Player,Nation,Pos,Squad,Age,Born,MP,Starts,Min,90s,Gls,Ast,G+A,G-PK,PK,PKatt,CrdY,CrdR,Gls,Ast,G+A,G-PK,G+A-PK,Matches,2014-2015
426,Grégoire Puel,fr FRA,"DF,MF",Nice,22,1992,27,26,"2,146",23.8,1,1,2,1,0,0,3,1,0.04,0.04,0.08,0.04,0.08,Matches,2014-2015
427,Paulin Puel,fr FRA,FW,Nice,17,1997,1,0,1,0,0,0,0,0,0,0,0,0,0,0,0,0,0,Matches,2014-2015
428,Adrien Rabiot,fr FRA,MF,Paris S-G,19,1995,21,10,"1,136",12.6,4,1,5,4,0,0,1,0,0.32,0.08,0.4,0.32,0.4,Matches,2014-2015
429,Albert Rafetraniaina,mg MAD,"DF,MF",Nice,17,1996,21,12,978,10.9,0,0,0,0,0,0,3,0,0,0,0,0,0,Matches,2014-2015
430,Andrea Raggi,it ITA,DF,Monaco,30,1984,27,27,"2,377",26.4,0,1,1,0,0,0,8,0,0,0.04,0.04,0,0.04,Matches,2014-2015
431,David Ramírez,cr CRC,"FW,MF",Evian,21,1993,6,2,207,2.3,0,0,0,0,0,0,0,0,0,0,0,0,0,Matches,2014-2015
432,Florian Raspentino,fr FRA,"FW,MF",Caen,25,1989,17,9,846,9.4,1,2,3,1,0,0,1,0,0.11,0.21,0.32,0.11,0.32,Matches,2014-2015
433,Adrien Regattin,ma MAR,"FW,MF",Toulouse,22,1991,34,17,"1,714",19,3,5,8,2,1,1,3,0,0.16,0.26,0.42,0.11,0.37,Matches,2014-2015
434,Anthony Ribelin,fr FRA,MF,Montpellier,18,1996,7,0,69,0.8,0,0,0,0,0,0,0,0,0,0,0,0,0,Matches,2014-2015
435,Rémy Riou,fr FRA,GK,Nantes,26,1987,32,32,"2,880",32,0,0,0,0,0,0,2,0,0,0,0,0,0,Matches,2014-2015
436,Rudy Riou,fr FRA,GK,Lens,34,1980,32,32,"2,812",31.2,0,0,0,0,0,0,0,0,0,0,0,0,0,Matches,2014-2015
437,Jonathan Rivierez,mq MTQ,DF,Metz,25,1989,8,7,633,7,0,0,0,0,0,0,2,0,0,0,0,0,0,Matches,2014-2015
438,Valentin Roberge,cy CYP,DF,Reims,27,1987,11,11,913,10.1,0,0,0,0,0,0,3,0,0,0,0,0,0,Matches,2014-2015
439,Fabien Robert,fr FRA,"FW,MF",Lorient,25,1989,3,0,41,0.5,0,0,0,0,0,0,0,0,0,0,0,0,0,Matches,2014-2015
440,Romain Rocchi,fr FRA,MF,Metz,32,1981,3,3,251,2.8,0,0,0,0,0,0,1,0,0,0,0,0,0,Matches,2014-2015
441,Ronny Rodelin,fr FRA,"FW,MF",Lille,24,1989,15,5,604,6.7,0,0,0,0,0,0,0,0,0,0,0,0,0,Matches,2014-2015
442,Joao Rodríguez,co COL,"FW,MF",Bastia,18,1996,5,0,67,0.7,0,0,0,0,0,0,1,0,0,0,0,0,0,Matches,2014-2015
443,Diego Rolán,uy URU,"FW,MF",Bordeaux,21,1993,36,28,"2,476",27.5,15,3,18,12,3,3,2,0,0.55,0.11,0.65,0.44,0.55,Matches,2014-2015
444,Julien Romain,fr FRA,MF,Bastia,18,1996,1,0,29,0.3,0,0,0,0,0,0,0,0,0,0,0,0,0,Matches,2014-2015
445,Alaixys Romao,tg TOG,"DF,MF",Marseille,30,1984,32,27,"2,401",26.7,2,2,4,2,0,0,8,1,0.07,0.07,0.15,0.07,0.15,Matches,2014-2015
446,Romaric,ci CIV,MF,Bastia,31,1983,26,15,"1,472",16.4,0,0,0,0,0,0,4,0,0,0,0,0,0,Matches,2014-2015
447,Valentin Rongier,fr FRA,"DF,MF",Nantes,19,1994,6,3,324,3.6,0,1,1,0,0,0,1,0,0,0.28,0.28,0,0.28,Matches,2014-2015
448,Lindsay Rose,mu MRI,DF,Lyon,22,1992,15,13,"1,208",13.4,0,0,0,0,0,0,4,1,0,0,0,0,0,Matches,2014-2015
449,Nolan Roux,fr FRA,"FW,MF",Lille,26,1988,33,29,"2,351",26.1,9,3,12,8,1,1,2,0,0.34,0.11,0.46,0.31,0.42,Matches,2014-2015
450,David Rozehnal,cz CZE,DF,Lille,34,1980,18,14,"1,384",15.4,0,0,0,0,0,0,0,0,0,0,0,0,0,Matches,2014-2015
Rk,Player,Nation,Pos,Squad,Age,Born,MP,Starts,Min,90s,Gls,Ast,G+A,G-PK,PK,PKatt,CrdY,CrdR,Gls,Ast,G+A,G-PK,G+A-PK,Matches,2014-2015
451,Stéphane Ruffier,fr FRA,GK,Saint-Étienne,27,1986,38,38,"3,420",38,0,0,0,0,0,0,1,0,0,0,0,0,0,Matches,2014-2015
452,Felipe Saad,br BRA,DF,Caen,30,1983,10,7,705,7.8,0,0,0,0,0,0,2,0,0,0,0,0,0,Matches,2014-2015
453,Youssouf Sabaly,sn SEN,DF,Evian,21,1993,29,29,"2,565",28.5,0,1,1,0,0,0,3,0,0,0.04,0.04,0,0.04,Matches,2014-2015
454,Hadi Sacko,ml MLI,"FW,MF",Bordeaux,20,1994,2,0,15,0.2,0,0,0,0,0,0,0,0,0,0,0,0,0,Matches,2014-2015
455,José Saez,fr FRA,MF,Caen,32,1982,2,1,70,0.8,0,0,0,0,0,0,0,0,0,0,0,0,0,Matches,2014-2015
456,Jamel Saihi,tn TUN,MF,Montpellier,27,1987,21,20,"1,461",16.2,0,0,0,0,0,0,3,0,0,0,0,0,0,Matches,2014-2015
457,Allan Saint-Maximin,fr FRA,"FW,MF",Saint-Étienne,17,1997,9,3,429,4.8,0,0,0,0,0,0,0,0,0,0,0,0,0,Matches,2014-2015
458,Henri Saivet,sn SEN,"FW,MF",Bordeaux,23,1990,14,7,735,8.2,0,0,0,0,0,0,2,0,0,0,0,0,0,Matches,2014-2015
459,Emiliano Sala,ar ARG,FW,Bordeaux,23,1990,11,4,513,5.7,1,0,1,0,1,1,1,0,0.18,0,0.18,0,0,Matches,2014-2015
460,Emiliano Sala,ar ARG,FW,Caen,23,1990,13,7,781,8.7,5,1,6,4,1,1,1,0,0.58,0.12,0.69,0.46,0.58,Matches,2014-2015
461,Yannis Salibur,fr FRA,"FW,MF",Guingamp,23,1991,5,0,41,0.5,0,0,0,0,0,0,0,0,0,0,0,0,0,Matches,2014-2015
462,Mamadou Samassa,ml MLI,GK,Guingamp,24,1990,9,8,733,8.1,0,0,0,0,0,0,0,1,0,0,0,0,0,Matches,2014-2015
463,Lamine Sané,sn SEN,"DF,MF",Bordeaux,27,1987,23,22,"1,930",21.4,1,1,2,1,0,0,2,1,0.05,0.05,0.09,0.05,0.09,Matches,2014-2015
464,Younousse Sankharé,sn SEN,MF,Guingamp,24,1989,29,25,"2,276",25.3,0,4,4,0,0,0,7,1,0,0.16,0.16,0,0.16,Matches,2014-2015
465,Baissama Sankoh,gn GUI,"DF,MF",Guingamp,22,1992,9,8,797,8.9,0,0,0,0,0,0,1,0,0,0,0,0,0,Matches,2014-2015
466,Morgan Sanson,fr FRA,MF,Montpellier,19,1994,32,30,"2,742",30.5,6,3,9,6,0,0,3,0,0.2,0.1,0.3,0.2,0.3,Matches,2014-2015
467,Bouna Sarr,sn SEN,"DF,MF",Metz,22,1992,30,23,"2,075",23.1,2,2,4,1,1,1,6,0,0.09,0.09,0.17,0.04,0.13,Matches,2014-2015
468,Ferjani Sassi,tn TUN,"DF,MF",Metz,22,1992,13,12,946,10.5,1,1,2,1,0,0,2,0,0.1,0.1,0.19,0.1,0.19,Matches,2014-2015
469,Ronnie Schwartz,dk DEN,FW,Guingamp,24,1989,14,8,704,7.8,2,1,3,2,0,0,1,0,0.26,0.13,0.38,0.26,0.38,Matches,2014-2015
470,Grégory Sertic,fr FRA,MF,Bordeaux,24,1989,27,24,"2,089",23.2,1,0,1,1,0,0,6,0,0.04,0,0.04,0.04,0.04,Matches,2014-2015
471,Nicolas Seube,fr FRA,"DF,MF",Caen,34,1979,24,22,"1,877",20.9,1,2,3,1,0,0,3,0,0.05,0.1,0.14,0.05,0.14,Matches,2014-2015
472,Itay Shechter,il ISR,FW,Nantes,27,1987,13,6,481,5.3,1,0,1,1,0,0,1,0,0.19,0,0.19,0.19,0.19,Matches,2014-2015
473,Djibril Sidibé,fr FRA,"DF,MF",Lille,22,1992,25,23,"2,096",23.3,2,2,4,2,0,0,5,1,0.09,0.09,0.17,0.09,0.17,Matches,2014-2015
474,Fadil Sido,bf BFA,MF,Metz,21,1993,5,1,105,1.2,0,0,0,0,0,0,0,0,0,0,0,0,0,Matches,2014-2015
475,Franck Signorino,fr FRA,DF,Reims,32,1981,26,26,"2,262",25.1,0,4,4,0,0,0,8,0,0,0.16,0.16,0,0.16,Matches,2014-2015
Rk,Player,Nation,Pos,Squad,Age,Born,MP,Starts,Min,90s,Gls,Ast,G+A,G-PK,PK,PKatt,CrdY,CrdR,Gls,Ast,G+A,G-PK,G+A-PK,Matches,2014-2015
476,Bernardo Silva,pt POR,"FW,MF",Monaco,19,1994,32,25,"2,281",25.3,9,3,12,9,0,0,1,0,0.36,0.12,0.47,0.36,0.47,Matches,2014-2015
477,Thiago Silva,br BRA,DF,Paris S-G,29,1984,26,26,"2,308",25.6,1,0,1,1,0,0,1,0,0.04,0,0.04,0.04,0.04,Matches,2014-2015
478,Giovanni Sio,ci CIV,"FW,MF",Bastia,25,1989,13,9,805,8.9,5,0,5,5,0,0,2,1,0.56,0,0.56,0.56,0.56,Matches,2014-2015
479,Pantxi Sirieix,fr FRA,MF,Toulouse,33,1980,14,7,589,6.5,1,0,1,1,0,0,2,0,0.15,0,0.15,0.15,0.15,Matches,2014-2015
480,Salvatore Sirigu,it ITA,GK,Paris S-G,27,1987,34,34,"3,002",33.4,0,0,0,0,0,0,2,0,0,0,0,0,0,Matches,2014-2015
481,Ellyes Skhiri,tn TUN,MF,Montpellier,19,1995,2,1,91,1,0,1,1,0,0,0,0,0,0,0.99,0.99,0,0.99,Matches,2014-2015
482,Jérémy Sorbon,fr FRA,DF,Guingamp,30,1983,35,35,"3,073",34.1,0,0,0,0,0,0,1,0,0,0,0,0,0,Matches,2014-2015
483,Olivier Sorlin,fr FRA,MF,Evian,35,1979,30,26,"2,454",27.3,1,1,2,1,0,0,5,0,0.04,0.04,0.07,0.04,0.07,Matches,2014-2015
484,Pape Souaré,sn SEN,DF,Lille,24,1990,12,9,961,10.7,0,0,0,0,0,0,5,0,0,0,0,0,0,Matches,2014-2015
485,Modou Sougou,sn SEN,"FW,MF",Evian,29,1984,24,9,"1,141",12.7,2,3,5,2,0,0,4,0,0.16,0.24,0.39,0.16,0.39,Matches,2014-2015
486,Adama Soumaoro,fr FRA,DF,Lille,22,1992,1,1,90,1,0,0,0,0,0,0,0,0,0,0,0,0,0,Matches,2014-2015
487,Uroš Spajić,rs SRB,DF,Toulouse,21,1993,17,17,"1,476",16.4,0,0,0,0,0,0,1,0,0,0,0,0,0,Matches,2014-2015
488,Maxime Spano,dz ALG,DF,Toulouse,19,1994,3,2,138,1.5,0,0,0,0,0,0,0,1,0,0,0,0,0,Matches,2014-2015
489,Stéphane Sparagna,fr FRA,DF,Marseille,19,1995,4,1,75,0.8,0,0,0,0,0,0,0,0,0,0,0,0,0,Matches,2014-2015
490,Sébastien Squillaci,fr FRA,DF,Bastia,33,1980,25,25,"2,104",23.4,0,0,0,0,0,0,7,0,0,0,0,0,0,Matches,2014-2015
491,Benjamin Stambouli,fr FRA,"DF,MF",Montpellier,23,1990,2,2,180,2,0,0,0,0,0,0,0,0,0,0,0,0,0,Matches,2014-2015
492,Maarten Stekelenburg,nl NED,GK,Monaco,31,1982,1,1,90,1,0,0,0,0,0,0,0,0,0,0,0,0,0,Matches,2014-2015
493,Danijel Subašić,hr CRO,GK,Monaco,29,1984,37,37,"3,330",37,0,0,0,0,0,0,4,0,0,0,0,0,0,Matches,2014-2015
494,Gilles Sunu,tg TOG,"FW,MF",Evian,23,1991,10,9,615,6.8,3,1,4,3,0,0,1,0,0.44,0.15,0.59,0.44,0.59,Matches,2014-2015
495,Gilles Sunu,tg TOG,"FW,MF",Lorient,23,1991,17,9,997,11.1,1,1,2,1,0,0,2,0,0.09,0.09,0.18,0.09,0.18,Matches,2014-2015
496,Boubacar Sylla,ml MLI,DF,Lens,23,1991,7,5,339,3.8,0,0,0,0,0,0,4,0,0,0,0,0,0,Matches,2014-2015
497,Issiaga Sylla,gn GUI,"DF,MF",Toulouse,20,1994,12,9,742,8.2,1,1,2,1,0,0,1,0,0.12,0.12,0.24,0.12,0.24,Matches,2014-2015
498,Franck Tabanou,fr FRA,"DF,FW",Saint-Étienne,25,1989,31,30,"2,611",29,1,5,6,1,0,0,6,0,0.03,0.17,0.21,0.03,0.21,Matches,2014-2015
499,Mickaël Tacalfred,gp GLP,DF,Reims,33,1981,29,27,"2,490",27.7,0,0,0,0,0,0,3,0,0,0,0,0,0,Matches,2014-2015
500,Junior Tallo,ci CIV,FW,Bastia,21,1992,16,10,949,10.5,4,0,4,3,1,1,4,0,0.38,0,0.38,0.28,0.28,Matches,2014-2015
Rk,Player,Nation,Pos,Squad,Age,Born,MP,Starts,Min,90s,Gls,Ast,G+A,G-PK,PK,PKatt,CrdY,CrdR,Gls,Ast,G+A,G-PK,G+A-PK,Matches,2014-2015
501,Yeltsin Tejeda,cr CRC,MF,Evian,22,1992,27,25,"1,998",22.2,1,2,3,1,0,0,6,0,0.05,0.09,0.14,0.05,0.14,Matches,2014-2015
502,Florian Thauvin,fr FRA,"FW,MF",Marseille,21,1993,36,32,"2,501",27.8,5,4,9,5,0,0,3,0,0.18,0.14,0.32,0.18,0.32,Matches,2014-2015
503,Kévin Théophile-Catherine,fr FRA,DF,Saint-Étienne,24,1989,31,30,"2,705",30.1,0,0,0,0,0,0,2,0,0,0,0,0,0,Matches,2014-2015
504,Sada Thioub,sn SEN,"FW,MF",Nice,19,1995,2,0,37,0.4,0,0,0,0,0,0,0,0,0,0,0,0,0,Matches,2014-2015
505,Adrien Thomasson,fr FRA,"DF,FW",Evian,20,1993,21,20,"1,667",18.5,2,5,7,2,0,0,3,0,0.11,0.27,0.38,0.11,0.38,Matches,2014-2015
506,Siaka Tiéné,ci CIV,DF,Montpellier,32,1982,17,15,"1,312",14.6,2,1,3,2,0,0,4,0,0.14,0.07,0.21,0.14,0.21,Matches,2014-2015
507,Marcel Tisserand,cd COD,DF,Toulouse,21,1993,21,17,"1,417",15.7,0,1,1,0,0,0,5,1,0,0.06,0.06,0,0.06,Matches,2014-2015
508,Ola Toivonen,se SWE,"FW,MF",Rennes,28,1986,30,28,"2,389",26.5,7,1,8,6,1,2,1,0,0.26,0.04,0.3,0.23,0.26,Matches,2014-2015
509,Corentin Tolisso,fr FRA,"DF,MF",Lyon,19,1994,38,37,"3,316",36.8,7,2,9,7,0,0,1,0,0.19,0.05,0.24,0.19,0.24,Matches,2014-2015
510,Jérémy Toulalan,fr FRA,"DF,MF",Monaco,30,1983,28,28,"2,444",27.2,0,1,1,0,0,0,6,0,0,0.04,0.04,0,0.04,Matches,2014-2015
511,Almamy Touré,ml MLI,DF,Monaco,18,1996,5,4,373,4.1,1,0,1,1,0,0,0,0,0.24,0,0.24,0.24,0.24,Matches,2014-2015
512,Birama Touré,ml MLI,MF,Nantes,22,1992,1,0,3,0,0,0,0,0,0,0,0,0,0,0,0,0,0,Matches,2014-2015
513,Thomas Touré,ci CIV,"FW,MF",Bordeaux,20,1993,23,16,"1,512",16.8,2,3,5,2,0,0,4,0,0.12,0.18,0.3,0.12,0.3,Matches,2014-2015
514,Yoann Touzghar,tn TUN,FW,Lens,27,1986,29,22,"1,870",20.8,8,1,9,5,3,3,1,0,0.39,0.05,0.43,0.24,0.29,Matches,2014-2015
515,Abdou Traoré,ml MLI,MF,Bordeaux,26,1988,17,8,702,7.8,0,0,0,0,0,0,1,0,0,0,0,0,0,Matches,2014-2015
516,Adama Traoré,ml MLI,"FW,MF",Lille,19,1995,20,10,"1,044",11.6,2,0,2,2,0,0,3,0,0.17,0,0.17,0.17,0.17,Matches,2014-2015
517,Alain Traoré,bf BFA,"FW,MF",Lorient,25,1988,3,0,56,0.6,0,0,0,0,0,0,0,0,0,0,0,0,0,Matches,2014-2015
518,Alain Traoré,bf BFA,"FW,MF",Monaco,25,1988,1,0,23,0.3,0,0,0,0,0,0,0,0,0,0,0,0,0,Matches,2014-2015
519,Lacina Traoré,ci CIV,FW,Monaco,24,1990,6,3,260,2.9,1,1,2,1,0,0,0,0,0.35,0.35,0.69,0.35,0.69,Matches,2014-2015
520,Óscar Trejo,ar ARG,"FW,MF",Toulouse,26,1988,31,25,"2,116",23.5,4,3,7,4,0,0,4,0,0.17,0.13,0.3,0.17,0.3,Matches,2014-2015
521,Bill Tuiloma,nz NZL,"DF,MF",Marseille,19,1995,2,0,20,0.2,0,0,0,0,0,0,0,0,0,0,0,0,0,Matches,2014-2015
522,Samuel Umtiti,fr FRA,DF,Lyon,20,1993,35,35,"3,088",34.3,1,2,3,1,0,0,4,0,0.03,0.06,0.09,0.03,0.09,Matches,2014-2015
523,Pierrick Valdivia,fr FRA,MF,Lens,26,1988,35,32,"2,864",31.8,1,1,2,1,0,1,11,0,0.03,0.03,0.06,0.03,0.06,Matches,2014-2015
524,Olivier Veigneau,fr FRA,DF,Nantes,29,1985,24,24,"2,047",22.7,0,0,0,0,0,0,2,0,0,0,0,0,0,Matches,2014-2015
525,Julien Vercauteren,be BEL,MF,Nice,21,1993,9,3,250,2.8,0,2,2,0,0,0,1,0,0,0.72,0.72,0,0.72,Matches,2014-2015
Rk,Player,Nation,Pos,Squad,Age,Born,MP,Starts,Min,90s,Gls,Ast,G+A,G-PK,PK,PKatt,CrdY,CrdR,Gls,Ast,G+A,G-PK,G+A-PK,Matches,2014-2015
526,Rémy Vercoutre,fr FRA,GK,Caen,34,1980,38,38,"3,420",38,0,0,0,0,0,0,0,0,0,0,0,0,0,Matches,2014-2015
527,Jordan Veretout,fr FRA,MF,Nantes,21,1993,36,36,"3,215",35.7,7,6,13,3,4,4,6,0,0.2,0.17,0.36,0.08,0.25,Matches,2014-2015
528,Marco Verratti,it ITA,MF,Paris S-G,21,1992,32,28,"2,454",27.3,2,8,10,2,0,0,12,0,0.07,0.29,0.37,0.07,0.37,Matches,2014-2015
529,Dušan Veškovac,rs SRB,DF,Toulouse,28,1986,13,13,"1,046",11.6,0,0,0,0,0,0,1,0,0,0,0,0,0,Matches,2014-2015
530,Thibaut Vion,fr FRA,"DF,FW",Metz,20,1993,5,1,119,1.3,0,0,0,0,0,0,1,0,0,0,0,0,0,Matches,2014-2015
531,Oswaldo Vizcarrondo,ve VEN,DF,Nantes,30,1984,36,36,"3,240",36,2,0,2,2,0,0,5,1,0.06,0,0.06,0.06,0.06,Matches,2014-2015
532,Yoann Wachter,ga GAB,MF,Lorient,22,1992,8,5,482,5.4,0,0,0,0,0,0,0,0,0,0,0,0,0,Matches,2014-2015
533,Wallace,br BRA,DF,Monaco,19,1994,14,11,"1,015",11.3,0,0,0,0,0,0,1,1,0,0,0,0,0,Matches,2014-2015
534,Daniel Wass,dk DEN,"DF,MF",Evian,25,1989,32,28,"2,467",27.4,8,5,13,7,1,2,2,1,0.29,0.18,0.47,0.26,0.44,Matches,2014-2015
535,Anthony Weber,fr FRA,"DF,MF",Reims,27,1987,13,8,700,7.8,0,1,1,0,0,0,2,0,0,0.13,0.13,0,0.13,Matches,2014-2015
536,Ricky van Wolfswinkel,nl NED,"FW,MF",Saint-Étienne,25,1989,28,18,"1,599",17.8,5,4,9,5,0,0,2,0,0.28,0.23,0.51,0.28,0.51,Matches,2014-2015
537,Sébastien Wüthrich,ch SUI,MF,Montpellier,24,1990,1,1,56,0.6,0,0,0,0,0,0,0,0,0,0,0,0,0,Matches,2014-2015
538,Steeve Yago,bf BFA,DF,Toulouse,21,1992,14,12,"1,134",12.6,0,0,0,0,0,0,2,0,0,0,0,0,0,Matches,2014-2015
539,Alaeddine Yahia,tn TUN,DF,Caen,32,1981,18,14,"1,317",14.6,2,0,2,2,0,0,3,1,0.14,0,0.14,0.14,0.14,Matches,2014-2015
540,Cédric Yamberé,cf CTA,DF,Bordeaux,23,1990,16,15,"1,181",13.1,1,0,1,1,0,0,2,0,0.08,0,0.08,0.08,0.08,Matches,2014-2015
541,Mustapha Yatabaré,ml MLI,"FW,MF",Guingamp,28,1986,4,2,244,2.7,0,0,0,0,0,0,0,0,0,0,0,0,0,Matches,2014-2015
542,Sambou Yatabaré,ml MLI,MF,Guingamp,25,1989,19,11,"1,061",11.8,1,3,4,1,0,0,7,1,0.08,0.25,0.34,0.08,0.34,Matches,2014-2015
543,Mohamed Yattara,gn GUI,FW,Lyon,21,1993,21,4,523,5.8,1,1,2,1,0,0,0,0,0.17,0.17,0.34,0.17,0.34,Matches,2014-2015
544,Mehdi Zeffane,dz ALG,"DF,MF",Lyon,22,1992,4,1,207,2.3,0,0,0,0,0,0,0,0,0,0,0,0,0,Matches,2014-2015
545,Malick Seck,,,Lens,,,1,0,6,0.1,0,0,0,0,0,0,0,0,0,0,0,0,0,Matches,2014-2015
