Rk,Player,Nation,Pos,Squad,Age,Born,MP,Starts,Min,90s,Gls,Ast,G+A,G-PK,PK,PKatt,CrdY,CrdR,Gls,Ast,G+A,G-PK,G+A-PK,Matches,Season
1,Sergio Abad Beyxer,es ESP,MF,Levante,21,1989,1,0,5,0.1,0,0,0,0,0,0,0,0,0,0,0,0,0,Matches,2010-2011
2,Damià Abella,es ESP,"DF,MF",Osasuna,28,1982,27,22,"1,934",21.5,0,0,0,0,0,0,8,1,0,0,0,0,0,Matches,2010-2011
3,Éric Abidal,fr FRA,DF,Barcelona,30,1979,26,23,"2,023",22.5,0,0,0,0,0,0,3,0,0,0,0,0,0,Matches,2010-2011
4,Santiago Acasiete,pe PER,DF,Almería,32,1977,20,17,"1,598",17.8,0,0,0,0,0,0,4,0,0,0,0,0,0,Matches,2010-2011
5,Lautaro Acosta,ar ARG,"FW,MF",Sevilla,22,1988,10,2,283,3.1,0,1,1,0,0,0,3,0,0,0.32,0.32,0,0.32,Matches,2010-2011
6,Antonio Adán,es ESP,GK,Real Madrid,23,1987,3,2,260,2.9,0,0,0,0,0,0,0,0,0,0,0,0,0,Matches,2010-2011
7,Emmanuel Adebayor,tg TOG,FW,Real Madrid,26,1984,14,6,744,8.3,5,0,5,5,0,1,0,0,0.6,0,0.6,0.6,0.6,Matches,2010-2011
8,Adriano,br BRA,"DF,MF",Barcelona,25,1984,14,11,937,10.4,0,1,1,0,0,0,3,0,0,0.1,0.1,0,0.1,Matches,2010-2011
9,Aritz Aduriz,es ESP,FW,Valencia,29,1981,29,20,"1,846",20.5,10,2,12,10,0,0,6,1,0.49,0.1,0.59,0.49,0.59,Matches,2010-2011
10,Ibrahim Afellay,nl NED,"FW,MF",Barcelona,24,1986,16,7,669,7.4,1,0,1,1,0,0,1,0,0.13,0,0.13,0.13,0.13,Matches,2010-2011
11,Sendoa Agirre,es ESP,MF,Hércules,34,1975,23,7,793,8.8,3,1,4,3,0,0,1,0,0.34,0.11,0.45,0.34,0.45,Matches,2010-2011
12,Imanol Agirretxe,es ESP,FW,Real Sociedad,23,1987,11,1,214,2.4,3,0,3,3,0,0,0,0,1.26,0,1.26,1.26,1.26,Matches,2010-2011
13,Sergio Agüero,ar ARG,FW,Atlético Madrid,22,1988,32,31,"2,662",29.6,20,3,23,19,1,1,6,0,0.68,0.1,0.78,0.64,0.74,Matches,2010-2011
14,Abel Aguilar,co COL,MF,Hércules,25,1985,34,33,"2,862",31.8,0,1,1,0,0,0,11,1,0,0.03,0.03,0,0.03,Matches,2010-2011
15,Jordi Alba,es ESP,"DF,MF",Valencia,21,1989,27,14,"1,428",15.9,2,1,3,2,0,0,6,0,0.13,0.06,0.19,0.13,0.19,Matches,2010-2011
16,Unai Alba,es ESP,GK,Hércules,32,1978,2,1,101,1.1,0,0,0,0,0,0,0,0,0,0,0,0,0,Matches,2010-2011
17,David Albelda,es ESP,"DF,MF",Valencia,32,1977,16,12,"1,044",11.6,0,1,1,0,0,0,9,1,0,0.09,0.09,0,0.09,Matches,2010-2011
18,Luis Alberto,es ESP,"FW,MF",Sevilla,17,1992,1,0,29,0.3,0,0,0,0,0,0,0,0,0,0,0,0,0,Matches,2010-2011
19,Raúl Albiol,es ESP,DF,Real Madrid,24,1985,20,13,"1,158",12.9,0,0,0,0,0,0,3,1,0,0,0,0,0,Matches,2010-2011
20,Thiago Alcántara,es ESP,MF,Barcelona,19,1991,12,6,666,7.4,2,0,2,2,0,0,1,0,0.27,0,0.27,0.27,0.27,Matches,2010-2011
21,Alexis,es ESP,DF,Sevilla,24,1985,21,21,"1,836",20.4,0,0,0,0,0,0,9,1,0,0,0,0,0,Matches,2010-2011
22,Alejandro Alfaro,es ESP,"FW,MF",Sevilla,23,1986,20,8,727,8.1,2,2,4,2,0,0,1,0,0.25,0.25,0.5,0.25,0.5,Matches,2010-2011
23,Iván Alonso,uy URU,FW,Espanyol,31,1979,20,10,829,9.2,2,0,2,2,0,0,2,0,0.22,0,0.22,0.22,0.22,Matches,2010-2011
24,Xabi Alonso,es ESP,MF,Real Madrid,28,1981,34,29,"2,665",29.6,0,5,5,0,0,0,12,0,0,0.17,0.17,0,0.17,Matches,2010-2011
25,Jozy Altidore,us USA,FW,Villarreal,20,1989,3,0,35,0.4,0,0,0,0,0,0,0,0,0,0,0,0,0,Matches,2010-2011
Rk,Player,Nation,Pos,Squad,Age,Born,MP,Starts,Min,90s,Gls,Ast,G+A,G-PK,PK,PKatt,CrdY,CrdR,Gls,Ast,G+A,G-PK,G+A-PK,Matches,2010-2011
26,Cristian Álvarez,ar ARG,GK,Espanyol,24,1985,5,5,450,5,0,0,0,0,0,0,1,0,0,0,0,0,0,Matches,2010-2011
27,Pablo Álvarez,es ESP,MF,La Coruña,30,1980,17,3,403,4.5,1,1,2,1,0,0,2,1,0.22,0.22,0.45,0.22,0.45,Matches,2010-2011
28,Sergio Álvarez,es ESP,"DF,MF",Sporting Gijón,18,1992,8,3,253,2.8,0,0,0,0,0,0,2,0,0,0,0,0,0,Matches,2010-2011
29,Víctor Álvarez,es ESP,"DF,MF",Espanyol,17,1993,1,0,5,0.1,0,0,0,0,0,0,0,0,0,0,0,0,0,Matches,2010-2011
30,Dani Alves,br BRA,"DF,MF",Barcelona,27,1983,35,31,"2,905",32.3,2,14,16,2,0,0,10,0,0.06,0.43,0.5,0.06,0.5,Matches,2010-2011
31,Diego Alves,br BRA,GK,Almería,25,1985,33,33,"2,970",33,0,0,0,0,0,0,5,0,0,0,0,0,0,Matches,2010-2011
32,Luis Amaranto Perea,co COL,DF,Atlético Madrid,31,1979,28,28,"2,397",26.6,0,0,0,0,0,0,11,1,0,0,0,0,0,Matches,2010-2011
33,Jordi Amat,id IDN,DF,Espanyol,18,1992,26,23,"2,152",23.9,0,0,0,0,0,0,9,0,0,0,0,0,0,Matches,2010-2011
34,Fernando Amorebieta,ve VEN,DF,Athletic Club,25,1985,17,16,"1,389",15.4,0,0,0,0,0,0,7,1,0,0,0,0,0,Matches,2010-2011
35,Juan Ángel Albín,uy URU,"FW,MF",Getafe,24,1986,18,4,713,7.9,2,1,3,2,0,0,2,1,0.25,0.13,0.38,0.25,0.38,Matches,2010-2011
36,José Ángel,es ESP,"DF,MF",Sporting Gijón,20,1989,26,23,"2,142",23.8,0,2,2,0,0,0,10,1,0,0.08,0.08,0,0.08,Matches,2010-2011
37,Miguel Ángel Moyá,es ESP,GK,Valencia,26,1984,4,4,360,4,0,0,0,0,0,0,0,0,0,0,0,0,0,Matches,2010-2011
38,Miguel Ángel Nieto,es ESP,MF,Almería,24,1986,1,0,4,0,0,0,0,0,0,0,0,0,0,0,0,0,0,Matches,2010-2011
39,Xavi Annunziata,es ESP,"FW,MF",Osasuna,22,1987,1,0,9,0.1,0,0,0,0,0,0,0,0,0,0,0,0,0,Matches,2010-2011
40,Ion Ansotegi,es ESP,DF,Real Sociedad,28,1982,32,32,"2,808",31.2,1,1,2,1,0,0,3,0,0.03,0.03,0.06,0.03,0.06,Matches,2010-2011
41,José Antonio Reyes,es ESP,MF,Atlético Madrid,26,1983,34,34,"2,904",32.3,6,9,15,6,0,1,7,1,0.19,0.28,0.46,0.19,0.46,Matches,2010-2011
42,Dudu Aouate,il ISR,GK,Mallorca,32,1977,35,35,"3,105",34.5,0,0,0,0,0,0,2,0,0,0,0,0,0,Matches,2010-2011
43,Apoño,es ESP,MF,Málaga,26,1984,27,26,"2,156",24,2,2,4,0,2,4,7,0,0.08,0.08,0.17,0,0.08,Matches,2010-2011
44,Manuel Arana,es ESP,MF,Racing Sant,25,1984,14,5,587,6.5,1,1,2,1,0,0,3,0,0.15,0.15,0.31,0.15,0.31,Matches,2010-2011
45,Mikel Aranburu,es ESP,MF,Real Sociedad,31,1979,32,27,"2,306",25.6,5,2,7,5,0,0,6,0,0.2,0.08,0.27,0.2,0.27,Matches,2010-2011
46,Carlos Aranda,es ESP,FW,Osasuna,30,1980,20,15,"1,193",13.3,4,2,6,4,0,0,4,0,0.3,0.15,0.45,0.3,0.45,Matches,2010-2011
47,Daniel Aranzubia,es ESP,GK,La Coruña,30,1979,32,32,"2,880",32,1,1,2,1,0,0,4,0,0.03,0.03,0.06,0.03,0.06,Matches,2010-2011
48,Álvaro Arbeloa,es ESP,DF,Real Madrid,27,1983,26,20,"1,861",20.7,0,1,1,0,0,0,7,1,0,0.05,0.05,0,0.05,Matches,2010-2011
49,Ramón Arcas,es ESP,MF,Racing Sant,19,1991,1,1,78,0.9,0,0,0,0,0,0,0,0,0,0,0,0,0,Matches,2010-2011
50,Javier Arizmendi,es ESP,"FW,MF",Getafe,26,1984,19,7,773,8.6,2,1,3,2,0,0,3,0,0.23,0.12,0.35,0.23,0.35,Matches,2010-2011
Rk,Player,Nation,Pos,Squad,Age,Born,MP,Starts,Min,90s,Gls,Ast,G+A,G-PK,PK,PKatt,CrdY,CrdR,Gls,Ast,G+A,G-PK,G+A-PK,Matches,2010-2011
51,Francesc Arnau,es ESP,GK,Málaga,35,1975,9,7,719,8,0,0,0,0,0,0,1,0,0,0,0,0,0,Matches,2010-2011
52,Grégory Arnolin,mq MTQ,DF,Sporting Gijón,29,1980,23,23,"1,994",22.2,1,0,1,1,0,0,7,1,0.05,0,0.05,0.05,0.05,Matches,2010-2011
53,Aythami Artiles,es ESP,DF,La Coruña,24,1986,19,17,"1,523",16.9,2,0,2,2,0,0,5,0,0.12,0,0.12,0.12,0.12,Matches,2010-2011
54,Sergio Asenjo,es ESP,GK,Málaga,21,1989,5,5,366,4.1,0,0,0,0,0,0,2,0,0,0,0,0,0,Matches,2010-2011
55,Paulo Assunção,br BRA,MF,Atlético Madrid,30,1980,24,17,"1,456",16.2,0,0,0,0,0,0,8,0,0,0,0,0,0,Matches,2010-2011
56,Jon Aurtenetxe,es ESP,DF,Athletic Club,18,1992,10,9,805,8.9,0,1,1,0,0,0,6,1,0,0.11,0.11,0,0.11,Matches,2010-2011
57,Raúl Baena,es ESP,MF,Espanyol,21,1989,15,13,"1,105",12.3,0,0,0,0,0,0,4,1,0,0,0,0,0,Matches,2010-2011
58,Nabil Baha,ma MAR,FW,Málaga,28,1981,5,4,260,2.9,0,0,0,0,0,0,1,0,0,0,0,0,0,Matches,2010-2011
59,Kennedy Bakircioglü,se SWE,MF,Racing Sant,29,1980,32,30,"2,339",26,6,3,9,6,0,0,5,0,0.23,0.12,0.35,0.23,0.35,Matches,2010-2011
60,Mikel Balenziaga,es ESP,DF,Athletic Club,22,1988,1,1,90,1,0,0,0,0,0,0,1,0,0,0,0,0,0,Matches,2010-2011
61,Sergio Ballesteros,es ESP,DF,Levante,34,1975,35,35,"3,132",34.8,1,0,1,1,0,0,11,0,0.03,0,0.03,0.03,0.03,Matches,2010-2011
62,Éver Banega,ar ARG,MF,Valencia,22,1988,28,19,"1,737",19.3,2,3,5,2,0,0,8,0,0.1,0.16,0.26,0.1,0.26,Matches,2010-2011
63,Júlio Baptista,br BRA,"FW,MF",Málaga,28,1981,11,11,962,10.7,8,0,8,7,1,1,3,0,0.75,0,0.75,0.65,0.65,Matches,2010-2011
64,David Barral,es ESP,FW,Sporting Gijón,27,1983,34,24,"2,324",25.8,5,1,6,4,1,1,12,0,0.19,0.04,0.23,0.15,0.19,Matches,2010-2011
65,Marc Bartra,es ESP,DF,Barcelona,19,1991,2,2,180,2,1,,,1,0,,0,0,0.5,,,0.5,,Matches,2010-2011
66,Edu Bedia,es ESP,MF,Racing Sant,21,1989,6,0,80,0.9,0,0,0,0,0,0,0,0,0,0,0,0,0,Matches,2010-2011
67,Karim Benzema,fr FRA,FW,Real Madrid,22,1987,33,20,"1,898",21.1,15,4,19,15,0,0,1,0,0.71,0.19,0.9,0.71,0.9,Matches,2010-2011
68,Markel Bergara,es ESP,MF,Real Sociedad,24,1986,19,9,962,10.7,0,0,0,0,0,0,5,0,0,0,0,0,0,Matches,2010-2011
69,Hernán Bernardello,ar ARG,MF,Almería,23,1986,33,33,"2,843",31.6,1,3,4,1,0,0,11,0,0.03,0.09,0.13,0.03,0.13,Matches,2010-2011
70,Nicolás Bertolo,ar ARG,"FW,MF",Zaragoza,24,1986,36,25,"2,220",24.7,5,0,5,5,0,0,3,0,0.2,0,0.2,0.2,0.2,Matches,2010-2011
71,Thievy Bifouma,cg CGO,"FW,MF",Espanyol,18,1992,2,0,25,0.3,0,0,0,0,0,0,0,0,0,0,0,0,0,Matches,2010-2011
72,Mate Bilić,hr CRO,FW,Sporting Gijón,29,1980,18,3,505,5.6,0,0,0,0,0,0,4,0,0,0,0,0,0,Matches,2010-2011
73,Nicki Bille Nielsen,dk DEN,FW,Villarreal,22,1988,1,0,16,0.2,0,0,0,0,0,0,0,0,0,0,0,0,0,Matches,2010-2011
74,Derek Boateng,gh GHA,MF,Getafe,27,1983,32,30,"2,626",29.2,2,0,2,2,0,0,14,1,0.07,0,0.07,0.07,0.07,Matches,2010-2011
75,Iván Bolado,gq EQG,FW,Racing Sant,21,1989,19,7,733,8.1,1,0,1,1,0,0,2,0,0.12,0,0.12,0.12,0.12,Matches,2010-2011
Rk,Player,Nation,Pos,Squad,Age,Born,MP,Starts,Min,90s,Gls,Ast,G+A,G-PK,PK,PKatt,CrdY,CrdR,Gls,Ast,G+A,G-PK,G+A-PK,Matches,2010-2011
76,Alberto Botía,es ESP,DF,Sporting Gijón,21,1989,28,27,"2,436",27.1,1,1,2,1,0,0,12,1,0.04,0.04,0.07,0.04,0.07,Matches,2010-2011
77,Saïd Boutahar,nl NED,MF,Zaragoza,27,1982,21,12,"1,015",11.3,2,1,3,2,0,0,1,0,0.18,0.09,0.27,0.18,0.27,Matches,2010-2011
78,Claudio Bravo,cl CHI,GK,Real Sociedad,27,1983,38,38,"3,420",38,0,0,0,0,0,0,1,0,0,0,0,0,0,Matches,2010-2011
79,Bruno,es ESP,DF,Valencia,29,1980,19,17,"1,532",17,0,1,1,0,0,0,6,0,0,0.06,0.06,0,0.06,Matches,2010-2011
80,Sergio Busquets,es ESP,MF,Barcelona,22,1988,28,25,"2,300",25.6,1,2,3,1,0,0,5,0,0.04,0.08,0.12,0.04,0.12,Matches,2010-2011
81,Willy Caballero,ar ARG,GK,Málaga,28,1981,15,15,"1,345",14.9,0,0,0,0,0,0,1,0,0,0,0,0,0,Matches,2010-2011
82,Martín Cáceres,uy URU,DF,Sevilla,23,1987,25,24,"2,129",23.7,1,3,4,1,0,0,6,0,0.04,0.13,0.17,0.04,0.17,Matches,2010-2011
83,Felipe Caicedo,ec ECU,"FW,MF",Levante,21,1988,27,22,"1,693",18.8,13,1,14,12,1,1,8,0,0.69,0.05,0.74,0.64,0.69,Matches,2010-2011
84,Cala,es ESP,MF,Málaga,20,1990,1,0,24,0.3,0,0,0,0,0,0,0,0,0,0,0,0,0,Matches,2010-2011
85,Juan Calatayud,es ESP,GK,Hércules,30,1979,34,34,"3,049",33.9,0,0,0,0,0,0,1,1,0,0,0,0,0,Matches,2010-2011
86,Javier Calleja,es ESP,MF,Osasuna,32,1978,18,4,425,4.7,1,2,3,1,0,0,3,0,0.21,0.42,0.64,0.21,0.64,Matches,2010-2011
87,José Callejón,es ESP,"FW,MF",Espanyol,23,1987,37,36,"2,931",32.6,6,4,10,6,0,0,6,0,0.18,0.12,0.31,0.18,0.31,Matches,2010-2011
88,Ignacio Camacho,es ESP,MF,Málaga,20,1990,15,12,"1,065",11.8,0,0,0,0,0,0,5,0,0,0,0,0,0,Matches,2010-2011
89,Javier Camuñas,es ESP,"FW,MF",Osasuna,30,1980,31,30,"2,542",28.2,4,4,8,4,0,0,4,1,0.14,0.14,0.28,0.14,0.28,Matches,2010-2011
90,Sergio Canales,es ESP,"FW,MF",Real Madrid,19,1991,10,3,286,3.2,0,1,1,0,0,0,2,0,0,0.31,0.31,0,0.31,Matches,2010-2011
91,Roberto Canella,es ESP,DF,Sporting Gijón,22,1988,17,15,"1,319",14.7,0,2,2,0,0,0,0,0,0,0.14,0.14,0,0.14,Matches,2010-2011
92,Cani,es ESP,MF,Villarreal,28,1981,34,25,"2,079",23.1,5,3,8,5,0,0,4,1,0.22,0.13,0.35,0.22,0.35,Matches,2010-2011
93,Joan Capdevila,es ESP,DF,Villarreal,32,1978,31,30,"2,629",29.2,2,0,2,2,0,0,6,0,0.07,0,0.07,0.07,0.07,Matches,2010-2011
94,Diego Capel,es ESP,MF,Sevilla,22,1988,27,17,"1,577",17.5,0,2,2,0,0,0,2,0,0,0.11,0.11,0,0.11,Matches,2010-2011
95,José Carlos,es ESP,"FW,MF",Sevilla,23,1987,6,2,175,1.9,0,1,1,0,0,0,0,0,0,0.51,0.51,0,0.51,Matches,2010-2011
96,Luis Carlos Martín,es ESP,MF,Hércules,19,1990,1,0,36,0.4,0,0,0,0,0,0,0,0,0,0,0,0,0,Matches,2010-2011
97,Juan Carlos Valerón,es ESP,MF,La Coruña,35,1975,21,9,"1,082",12,0,1,1,0,0,0,0,0,0,0.08,0.08,0,0.08,Matches,2010-2011
98,Ricardo Carvalho,pt POR,DF,Real Madrid,32,1978,33,31,"2,773",30.8,3,0,3,3,0,0,13,2,0.1,0,0.1,0.1,0.1,Matches,2010-2011
99,Víctor Casadesús,es ESP,FW,Mallorca,25,1985,19,9,826,9.2,3,1,4,3,0,0,1,0,0.33,0.11,0.44,0.33,0.44,Matches,2010-2011
100,Nacho Cases,es ESP,MF,Sporting Gijón,22,1987,18,17,"1,411",15.7,1,0,1,1,0,0,3,0,0.06,0,0.06,0.06,0.06,Matches,2010-2011
Rk,Player,Nation,Pos,Squad,Age,Born,MP,Starts,Min,90s,Gls,Ast,G+A,G-PK,PK,PKatt,CrdY,CrdR,Gls,Ast,G+A,G-PK,G+A-PK,Matches,2010-2011
101,Iker Casillas,es ESP,GK,Real Madrid,29,1981,35,35,"3,062",34,0,0,0,0,0,0,3,1,0,0,0,0,0,Matches,2010-2011
102,Javier Casquero,es ESP,MF,Getafe,34,1976,27,15,"1,312",14.6,1,2,3,1,0,0,5,0,0.07,0.14,0.21,0.07,0.21,Matches,2010-2011
103,Xabier Castillo,hr CRO,DF,Athletic Club,24,1986,11,10,859,9.5,0,0,0,0,0,0,4,2,0,0,0,0,0,Matches,2010-2011
104,André Castro,pt POR,MF,Sporting Gijón,22,1988,15,11,897,10,2,0,2,2,0,0,3,0,0.2,0,0.2,0.2,0.2,Matches,2010-2011
105,Chory Castro,uy URU,"FW,MF",Mallorca,25,1984,33,25,"2,171",24.1,5,6,11,3,2,3,2,0,0.21,0.25,0.46,0.12,0.37,Matches,2010-2011
106,Diego Castro,es ESP,"FW,MF",Sporting Gijón,28,1982,28,26,"2,346",26.1,9,5,14,4,5,5,3,0,0.35,0.19,0.54,0.15,0.35,Matches,2010-2011
107,Zé Castro,pt POR,DF,La Coruña,27,1983,6,4,390,4.3,0,0,0,0,0,0,3,0,0,0,0,0,0,Matches,2010-2011
108,José Catalá,es ESP,DF,Villarreal,25,1985,16,10,955,10.6,1,2,3,1,0,0,1,0,0.09,0.19,0.28,0.09,0.28,Matches,2010-2011
109,Fernando Cavenaghi,ar ARG,FW,Mallorca,26,1983,11,7,593,6.6,2,0,2,2,0,0,0,0,0.3,0,0.3,0.3,0.3,Matches,2010-2011
110,Santi Cazorla,es ESP,MF,Villarreal,25,1984,37,34,"2,884",32,5,10,15,5,0,0,6,0,0.16,0.31,0.47,0.16,0.47,Matches,2010-2011
111,Álvaro Cejudo,es ESP,MF,Osasuna,26,1984,13,13,"1,011",11.2,1,1,2,1,0,0,2,0,0.09,0.09,0.18,0.09,0.18,Matches,2010-2011
112,Pau Cendrós,es ESP,DF,Mallorca,23,1987,31,29,"2,444",27.2,0,1,1,0,0,0,8,0,0,0.04,0.04,0,0.04,Matches,2010-2011
113,Iñigo Díaz de Cerio,es ESP,FW,Athletic Club,26,1984,2,0,33,0.4,0,0,0,0,0,0,0,0,0,0,0,0,0,Matches,2010-2011
114,David Cerrajería,es ESP,DF,Levante,27,1983,9,7,657,7.3,0,0,0,0,0,0,3,0,0,0,0,0,0,Matches,2010-2011
115,Javier Chica,es ESP,DF,Espanyol,25,1985,29,28,"2,493",27.7,0,1,1,0,0,0,7,1,0,0.04,0.04,0,0.04,Matches,2010-2011
116,Christian,es ESP,DF,Racing Sant,24,1985,18,13,"1,249",13.9,3,0,3,3,0,0,1,1,0.22,0,0.22,0.22,0.22,Matches,2010-2011
117,Cicinho,br BRA,DF,Villarreal,30,1980,6,0,92,1,0,0,0,0,0,0,0,0,0,0,0,0,0,Matches,2010-2011
118,Luca Cigarini,it ITA,MF,Sevilla,24,1986,6,5,380,4.2,0,0,0,0,0,0,2,0,0,0,0,0,0,Matches,2010-2011
119,Domingo Cisma,es ESP,DF,Racing Sant,28,1982,32,27,"2,415",26.8,0,1,1,0,0,0,7,1,0,0.04,0.04,0,0.04,Matches,2010-2011
120,Jordi Codina,es ESP,GK,Getafe,28,1982,23,22,"2,056",22.8,0,0,0,0,0,0,1,0,0,0,0,0,0,Matches,2010-2011
121,Diego Colotto,ar ARG,DF,La Coruña,29,1981,36,36,"3,191",35.5,2,2,4,2,0,0,6,1,0.06,0.06,0.11,0.06,0.11,Matches,2010-2011
122,Gonzalo Colsa,es ESP,MF,Racing Sant,31,1979,31,30,"2,660",29.6,2,1,3,2,0,0,8,0,0.07,0.03,0.1,0.07,0.1,Matches,2010-2011
123,Adrián Colunga,es ESP,"FW,MF",Getafe,25,1984,29,22,"1,848",20.5,8,2,10,6,2,2,1,0,0.39,0.1,0.49,0.29,0.39,Matches,2010-2011
124,Matteo Contini,it ITA,DF,Zaragoza,30,1980,24,24,"2,040",22.7,0,0,0,0,0,0,12,1,0,0,0,0,0,Matches,2010-2011
125,Ferran Corominas,es ESP,"FW,MF",Osasuna,27,1983,6,4,334,3.7,0,0,0,0,0,0,1,0,0,0,0,0,0,Matches,2010-2011
Rk,Player,Nation,Pos,Squad,Age,Born,MP,Starts,Min,90s,Gls,Ast,G+A,G-PK,PK,PKatt,CrdY,CrdR,Gls,Ast,G+A,G-PK,G+A-PK,Matches,2010-2011
126,Ferran Corominas,es ESP,"FW,MF",Espanyol,27,1983,1,0,4,0,0,0,0,0,0,0,0,0,0,0,0,0,0,Matches,2010-2011
127,Corona,es ESP,MF,Almería,29,1981,30,21,"1,717",19.1,2,1,3,2,0,0,2,0,0.1,0.05,0.16,0.1,0.16,Matches,2010-2011
128,Enrique Corrales,es ESP,DF,Mallorca,28,1982,2,1,129,1.4,0,0,0,0,0,0,0,0,0,0,0,0,0,Matches,2010-2011
129,David Cortés,es ESP,DF,Hércules,30,1979,34,34,"3,035",33.7,0,1,1,0,0,0,8,0,0,0.03,0.03,0,0.03,Matches,2010-2011
130,Diego Costa,es ESP,FW,Atlético Madrid,21,1988,28,13,"1,362",15.1,6,2,8,6,0,0,5,0,0.4,0.13,0.53,0.4,0.53,Matches,2010-2011
131,Ricardo Costa,pt POR,DF,Valencia,29,1981,29,29,"2,491",27.7,0,0,0,0,0,0,9,1,0,0,0,0,0,Matches,2010-2011
132,Tino Costa,ar ARG,MF,Valencia,25,1985,24,17,"1,628",18.1,4,1,5,4,0,0,11,0,0.22,0.06,0.28,0.22,0.28,Matches,2010-2011
133,Martí Crespí,es ESP,DF,Mallorca,23,1987,5,3,274,3,0,0,0,0,0,0,3,0,0,0,0,0,0,Matches,2010-2011
134,Cristóbal,es ESP,"DF,MF",Villarreal,26,1984,2,1,66,0.7,0,0,0,0,0,0,0,0,0,0,0,0,0,Matches,2010-2011
135,Albert Crusat,es ESP,"FW,MF",Almería,28,1982,34,30,"2,539",28.2,3,7,10,3,0,0,5,0,0.11,0.25,0.35,0.11,0.35,Matches,2010-2011
136,Iván Cuéllar,es ESP,GK,Sporting Gijón,26,1984,13,13,"1,147",12.7,0,0,0,0,0,0,5,0,0,0,0,0,0,Matches,2010-2011
137,Mouhamadou Dabo,fr FRA,DF,Sevilla,23,1986,24,21,"1,949",21.7,0,0,0,0,0,0,6,1,0,0,0,0,0,Matches,2010-2011
138,Jesús Dátolo,ar ARG,MF,Espanyol,26,1984,15,3,565,6.3,2,0,2,2,0,0,2,0,0.32,0,0.32,0.32,0.32,Matches,2010-2011
139,Ángel Dealbert,es ESP,DF,Valencia,27,1983,14,10,"1,000",11.1,0,0,0,0,0,0,2,0,0,0,0,0,0,Matches,2010-2011
140,Asier del Horno,es ESP,DF,Levante,29,1981,22,21,"1,894",21,2,2,4,2,0,0,8,0,0.1,0.1,0.19,0.1,0.19,Matches,2010-2011
141,Manu del Moral,es ESP,FW,Getafe,26,1984,30,28,"2,411",26.8,9,5,14,7,2,2,3,1,0.34,0.19,0.52,0.26,0.45,Matches,2010-2011
142,Martín Demichelis,ar ARG,"DF,MF",Málaga,29,1980,18,18,"1,480",16.4,1,0,1,1,0,0,9,2,0.06,0,0.06,0.06,0.06,Matches,2010-2011
143,Vadim Demidov,no NOR,"DF,MF",Real Sociedad,23,1986,13,12,"1,094",12.2,0,1,1,0,0,0,2,0,0,0.08,0.08,0,0.08,Matches,2010-2011
144,Yves Desmarets,ht HAI,MF,La Coruña,31,1979,12,9,685,7.6,0,0,0,0,0,0,1,0,0,0,0,0,0,Matches,2010-2011
145,Ángel Di María,ar ARG,"FW,MF",Real Madrid,22,1988,35,29,"2,297",25.5,6,10,16,6,0,0,6,0,0.24,0.39,0.63,0.24,0.63,Matches,2010-2011
146,Lassana Diarra,fr FRA,MF,Real Madrid,25,1985,26,19,"1,740",19.3,0,2,2,0,0,0,11,0,0,0.1,0.1,0,0.1,Matches,2010-2011
147,Mahamadou Diarra,ml MLI,MF,Real Madrid,29,1981,3,0,24,0.3,0,0,0,0,0,0,0,0,0,0,0,0,0,Matches,2010-2011
148,Cata Díaz,ar ARG,DF,Getafe,31,1979,35,35,"3,101",34.5,1,0,1,1,0,0,14,1,0.03,0,0.03,0.03,0.03,Matches,2010-2011
149,Ayoze Díaz Díaz,es ESP,"DF,MF",Mallorca,28,1982,19,19,"1,710",19,0,1,1,0,0,0,8,0,0,0.05,0.05,0,0.05,Matches,2010-2011
150,Carlos Diogo,uy URU,"DF,MF",Zaragoza,27,1983,33,33,"2,948",32.8,0,0,0,0,0,0,13,0,0,0,0,0,0,Matches,2010-2011
Rk,Player,Nation,Pos,Squad,Age,Born,MP,Starts,Min,90s,Gls,Ast,G+A,G-PK,PK,PKatt,CrdY,CrdR,Gls,Ast,G+A,G-PK,G+A-PK,Matches,2010-2011
151,Dioni,es ESP,FW,La Coruña,20,1989,4,1,130,1.4,0,0,0,0,0,0,2,0,0,0,0,0,0,Matches,2010-2011
152,Papakouli Diop,sn SEN,MF,Racing Sant,24,1986,19,13,"1,060",11.8,0,1,1,0,0,0,5,0,0,0.08,0.08,0,0.08,Matches,2010-2011
153,Toni Doblas,es ESP,GK,Zaragoza,29,1980,18,17,"1,543",17.1,0,0,0,0,0,0,3,1,0,0,0,0,0,Matches,2010-2011
154,Álvaro Domínguez,es ESP,DF,Atlético Madrid,21,1989,19,17,"1,622",18,2,0,2,2,0,0,5,0,0.11,0,0.11,0.11,0.11,Matches,2010-2011
155,Chori Domínguez,ar ARG,"FW,MF",Valencia,29,1981,9,3,325,3.6,0,0,0,0,0,0,1,0,0,0,0,0,0,Matches,2010-2011
156,Juan Domínguez,es ESP,MF,La Coruña,20,1990,20,9,"1,009",11.2,0,0,0,0,0,0,1,0,0,0,0,0,0,Matches,2010-2011
157,Raúl Domínguez,es ESP,GK,Sporting Gijón,23,1986,1,1,90,1,0,0,0,0,0,0,0,0,0,0,0,0,0,Matches,2010-2011
158,Giovani dos Santos,mx MEX,"FW,MF",Racing Sant,21,1989,16,9,958,10.6,5,1,6,5,0,0,1,0,0.47,0.09,0.56,0.47,0.56,Matches,2010-2011
159,Jonathan dos Santos,mx MEX,MF,Barcelona,20,1990,2,1,88,1,0,0,0,0,0,0,0,0,0,0,0,0,0,Matches,2010-2011
160,Ivica Dragutinović,rs SRB,DF,Sevilla,34,1975,2,0,12,0.1,0,0,0,0,0,0,0,0,0,0,0,0,0,Matches,2010-2011
161,Royston Drenthe,nl NED,"DF,MF",Hércules,23,1987,17,15,"1,294",14.4,4,2,6,3,1,1,8,0,0.28,0.14,0.42,0.21,0.35,Matches,2010-2011
162,Duda,pt POR,"DF,FW",Málaga,30,1980,20,20,"1,574",17.5,3,6,9,3,0,0,6,0,0.17,0.34,0.51,0.17,0.51,Matches,2010-2011
163,Jerzy Dudek,pl POL,GK,Real Madrid,37,1973,1,1,76,0.8,0,0,0,0,0,0,0,0,0,0,0,0,0,Matches,2010-2011
164,Aldo Duscher,ar ARG,MF,Espanyol,31,1979,18,14,"1,272",14.1,0,0,0,0,0,0,9,0,0,0,0,0,0,Matches,2010-2011
165,Edinho,pt POR,"FW,MF",Málaga,28,1982,8,1,238,2.6,0,0,0,0,0,0,2,0,0,0,0,0,0,Matches,2010-2011
166,Edmílson,br BRA,"DF,MF",Zaragoza,34,1976,12,8,620,6.9,1,0,1,1,0,0,3,0,0.15,0,0.15,0.15,0.15,Matches,2010-2011
167,Sebastián Eguren,uy URU,MF,Sporting Gijón,29,1981,30,27,"2,227",24.7,1,0,1,1,0,0,9,1,0.04,0,0.04,0.04,0.04,Matches,2010-2011
168,Borja Ekiza,es ESP,DF,Athletic Club,22,1988,21,21,"1,890",21,0,0,0,0,0,0,1,0,0,0,0,0,0,Matches,2010-2011
169,Elías,br BRA,MF,Atlético Madrid,25,1985,15,10,644,7.2,2,0,2,2,0,0,1,0,0.28,0,0.28,0.28,0.28,Matches,2010-2011
170,Eliseu,pt POR,"DF,MF",Málaga,26,1983,35,34,"2,937",32.6,4,5,9,4,0,1,12,2,0.12,0.15,0.28,0.12,0.28,Matches,2010-2011
171,Gorka Elustondo,es ESP,"DF,MF",Real Sociedad,23,1987,18,13,"1,184",13.2,0,0,0,0,0,0,3,0,0,0,0,0,0,Matches,2010-2011
172,Sergi Enrich,es ESP,"FW,MF",Mallorca,20,1990,5,1,121,1.3,0,0,0,0,0,0,1,0,0,0,0,0,0,Matches,2010-2011
173,Julien Escudé,fr FRA,DF,Sevilla,30,1979,28,27,"2,435",27.1,2,0,2,2,0,0,6,0,0.07,0,0.07,0.07,0.07,Matches,2010-2011
174,Bernardo Espinosa,co COL,DF,Sevilla,21,1989,1,1,90,1,0,0,0,0,0,0,0,0,0,0,0,0,0,Matches,2010-2011
175,Esteban,es ESP,GK,Almería,35,1975,5,5,450,5,0,0,0,0,0,0,0,0,0,0,0,0,0,Matches,2010-2011
Rk,Player,Nation,Pos,Squad,Age,Born,MP,Starts,Min,90s,Gls,Ast,G+A,G-PK,PK,PKatt,CrdY,CrdR,Gls,Ast,G+A,G-PK,G+A-PK,Matches,2010-2011
176,Dani Estrada,es ESP,"DF,MF",Real Sociedad,23,1987,19,18,"1,627",18.1,1,2,3,1,0,0,4,0,0.06,0.11,0.17,0.06,0.17,Matches,2010-2011
177,Luís Fabiano,br BRA,FW,Sevilla,29,1980,21,16,"1,380",15.3,10,3,13,7,3,3,2,0,0.65,0.2,0.85,0.46,0.65,Matches,2010-2011
178,Javier Farinós,es ESP,MF,Hércules,32,1978,12,11,886,9.8,1,2,3,1,0,0,3,1,0.1,0.2,0.3,0.1,0.3,Matches,2010-2011
179,Federico Fazio,ar ARG,DF,Sevilla,23,1987,19,17,"1,504",16.7,1,0,1,1,0,0,3,0,0.06,0,0.06,0.06,0.06,Matches,2010-2011
180,Sofiane Feghouli,dz ALG,"FW,MF",Almería,20,1989,9,4,345,3.8,2,0,2,2,0,0,0,0,0.52,0,0.52,0.52,0.52,Matches,2010-2011
181,Sofiane Feghouli,dz ALG,"FW,MF",Valencia,20,1989,3,0,33,0.4,0,0,0,0,0,0,0,0,0,0,0,0,0,Matches,2010-2011
182,Kiko Femenía,es ESP,"DF,FW",Hércules,19,1991,34,21,"2,076",23.1,1,5,6,1,0,0,2,0,0.04,0.22,0.26,0.04,0.26,Matches,2010-2011
183,Manuel Fernandes,pt POR,MF,Valencia,24,1986,7,5,485,5.4,0,1,1,0,0,0,1,0,0,0.19,0.19,0,0.19,Matches,2010-2011
184,Álex Fernández,es ESP,"DF,MF",Real Madrid,17,1992,1,0,3,0,0,0,0,0,0,0,0,0,0,0,0,0,0,Matches,2010-2011
185,Borja Fernández,es ESP,MF,Getafe,29,1981,13,4,467,5.2,0,0,0,0,0,0,3,0,0,0,0,0,0,Matches,2010-2011
186,Mario Fernández,es ESP,GK,Racing Sant,22,1988,1,1,90,1,0,0,0,0,0,0,0,0,0,0,0,0,0,Matches,2010-2011
187,Raúl Fernández,es ESP,GK,Athletic Club,22,1988,1,1,90,1,0,0,0,0,0,0,0,0,0,0,0,0,0,Matches,2010-2011
188,Seba Fernández,uy URU,FW,Málaga,25,1985,30,21,"1,900",21.1,7,4,11,7,0,,3,0,0.33,0.19,0.52,0.33,0.52,Matches,2010-2011
189,Fernando,es ESP,"FW,MF",Málaga,31,1979,21,12,"1,082",12,2,0,2,2,0,0,2,0,0.17,0,0.17,0.17,0.17,Matches,2010-2011
190,Miguel Flaño,es ESP,DF,Osasuna,25,1984,30,28,"2,571",28.6,2,0,2,2,0,0,5,0,0.07,0,0.07,0.07,0.07,Matches,2010-2011
191,Andreu Fontàs,es ESP,DF,Barcelona,20,1989,6,5,459,5.1,0,0,0,0,0,0,0,0,0,0,0,0,0,Matches,2010-2011
192,Rui Fonte,pt POR,"FW,MF",Espanyol,20,1990,11,0,133,1.5,0,1,1,0,0,0,1,0,0,0.68,0.68,0,0.68,Matches,2010-2011
193,Diego Forlán,uy URU,"FW,MF",Atlético Madrid,31,1979,32,23,"2,167",24.1,8,7,15,8,0,2,3,0,0.33,0.29,0.62,0.33,0.62,Matches,2010-2011
194,Juan Forlín,ar ARG,"DF,MF",Espanyol,22,1988,21,21,"1,763",19.6,0,0,0,0,0,0,9,1,0,0,0,0,0,Matches,2010-2011
195,Francis,es ESP,"DF,MF",Racing Sant,28,1981,24,20,"1,841",20.5,0,1,1,0,0,0,5,1,0,0.05,0.05,0,0.05,Matches,2010-2011
196,Leo Franco,ar ARG,GK,Zaragoza,33,1977,23,21,"1,876",20.8,0,0,0,0,0,0,0,0,0,0,0,0,0,Matches,2010-2011
197,Matías Fritzler,ar ARG,MF,Hércules,23,1986,26,22,"1,795",19.9,0,0,0,0,0,0,10,2,0,0,0,0,0,Matches,2010-2011
198,Gabi,es ESP,MF,Zaragoza,27,1983,36,36,"3,228",35.9,11,7,18,5,6,6,15,0,0.31,0.2,0.5,0.14,0.33,Matches,2010-2011
199,Igor Gabilondo,es ESP,MF,Athletic Club,31,1979,29,10,"1,060",11.8,5,4,9,5,0,0,1,0,0.42,0.34,0.76,0.42,0.76,Matches,2010-2011
200,Fernando Gago,ar ARG,MF,Real Madrid,24,1986,4,1,99,1.1,0,0,0,0,0,0,0,0,0,0,0,0,0,Matches,2010-2011
Rk,Player,Nation,Pos,Squad,Age,Born,MP,Starts,Min,90s,Gls,Ast,G+A,G-PK,PK,PKatt,CrdY,CrdR,Gls,Ast,G+A,G-PK,G+A-PK,Matches,2010-2011
201,Ernesto Galán,es ESP,DF,Espanyol,24,1986,22,21,"1,833",20.4,1,0,1,1,0,0,4,1,0.05,0,0.05,0.05,0.05,Matches,2010-2011
202,Rodrigo Galatto,br BRA,GK,Málaga,27,1983,4,4,360,4,0,0,0,0,0,0,0,0,0,0,0,0,0,Matches,2010-2011
203,Jesús Gámez,es ESP,DF,Málaga,25,1985,30,30,"2,576",28.6,0,4,4,0,0,0,10,1,0,0.14,0.14,0,0.14,Matches,2010-2011
204,Ezequiel Garay,ar ARG,DF,Real Madrid,23,1986,5,4,330,3.7,0,0,0,0,0,0,0,0,0,0,0,0,0,Matches,2010-2011
205,Ayoze García,es ESP,"DF,MF",Sporting Gijón,24,1985,13,6,560,6.2,1,0,1,0,1,1,0,0,0.16,0,0.16,0,0,Matches,2010-2011
206,Carlos García,es ESP,DF,Almería,26,1984,33,33,"2,942",32.7,1,0,1,1,0,0,8,1,0.03,0,0.03,0.03,0.03,Matches,2010-2011
207,David García,es ESP,DF,Espanyol,29,1981,17,16,"1,298",14.4,0,1,1,0,0,0,3,0,0,0.07,0.07,0,0.07,Matches,2010-2011
208,Jorge García,es ESP,DF,Sporting Gijón,26,1984,5,2,218,2.4,0,0,0,0,0,0,0,0,0,0,0,0,0,Matches,2010-2011
209,Luis García,es ESP,"FW,MF",Espanyol,29,1981,37,36,"2,968",33,6,7,13,2,4,4,8,0,0.18,0.21,0.39,0.06,0.27,Matches,2010-2011
210,Raúl García,es ESP,"FW,MF",Atlético Madrid,24,1986,29,18,"1,582",17.6,1,2,3,1,0,0,7,0,0.06,0.11,0.17,0.06,0.17,Matches,2010-2011
211,Sergio García,es ESP,"FW,MF",Espanyol,27,1983,21,13,"1,171",13,3,1,4,3,0,0,3,0,0.23,0.08,0.31,0.23,0.31,Matches,2010-2011
212,Manolo Gaspar,es ESP,DF,Málaga,29,1981,9,7,727,8.1,0,0,0,0,0,0,4,1,0,0,0,0,0,Matches,2010-2011
213,Mario Gaspar,es ESP,"DF,MF",Villarreal,19,1990,22,20,"1,833",20.4,1,1,2,1,0,0,5,0,0.05,0.05,0.1,0.05,0.1,Matches,2010-2011
214,Jaime Gavilán,es ESP,MF,Getafe,25,1985,18,15,"1,248",13.9,2,4,6,2,0,0,1,0,0.14,0.29,0.43,0.14,0.43,Matches,2010-2011
215,David de Gea,es ESP,GK,Atlético Madrid,19,1990,38,38,"3,420",38,0,0,0,0,0,0,1,0,0,0,0,0,0,Matches,2010-2011
216,Diego Godín,uy URU,DF,Atlético Madrid,24,1986,25,25,"2,236",24.8,0,0,0,0,0,0,3,1,0,0,0,0,0,Matches,2010-2011
217,Henok Goitom,er ERI,FW,Almería,25,1984,26,8,865,9.6,1,1,2,1,0,0,0,0,0.1,0.1,0.21,0.1,0.21,Matches,2010-2011
218,Tiago Gomes,pt POR,MF,Hércules,24,1985,28,25,"2,105",23.4,2,1,3,2,0,0,3,0,0.09,0.04,0.13,0.09,0.13,Matches,2010-2011
219,Ibai Gómez,es ESP,"FW,MF",Athletic Club,20,1989,3,0,37,0.4,0,0,0,0,0,0,0,0,0,0,0,0,0,Matches,2010-2011
220,Adrián González,es ESP,MF,Racing Sant,22,1988,23,16,"1,311",14.6,0,2,2,0,0,1,2,0,0,0.14,0.14,0,0.14,Matches,2010-2011
221,Álvaro González,es ESP,DF,Racing Sant,20,1990,3,3,261,2.9,0,0,0,0,0,0,2,0,0,0,0,0,0,Matches,2010-2011
222,Carmelo González,es ESP,MF,Sporting Gijón,27,1983,18,9,915,10.2,0,1,1,0,0,0,5,0,0,0.1,0.1,0,0.1,Matches,2010-2011
223,Iván González,es ESP,DF,Málaga,22,1988,6,4,326,3.6,0,0,0,0,0,0,0,0,0,0,0,0,0,Matches,2010-2011
224,Mikel González,es ESP,DF,Real Sociedad,24,1985,32,30,"2,671",29.7,0,1,1,0,0,0,5,0,0,0.03,0.03,0,0.03,Matches,2010-2011
225,Nacho González,uy URU,MF,Levante,28,1982,3,2,117,1.3,0,0,0,0,0,0,0,0,0,0,0,0,0,Matches,2010-2011
Rk,Player,Nation,Pos,Squad,Age,Born,MP,Starts,Min,90s,Gls,Ast,G+A,G-PK,PK,PKatt,CrdY,CrdR,Gls,Ast,G+A,G-PK,G+A-PK,Matches,2010-2011
226,Esteban Granero,es ESP,MF,Real Madrid,23,1987,19,8,784,8.7,1,2,3,1,0,0,4,0,0.11,0.23,0.34,0.11,0.34,Matches,2010-2011
227,Antoine Griezmann,fr FRA,"FW,MF",Real Sociedad,19,1991,37,34,"2,832",31.5,7,2,9,7,0,0,7,0,0.22,0.06,0.29,0.22,0.29,Matches,2010-2011
228,Vicente Guaita,es ESP,GK,Valencia,23,1987,21,19,"1,795",19.9,0,0,0,0,0,0,2,0,0,0,0,0,0,Matches,2010-2011
229,Andrés Guardado,mx MEX,"DF,FW",La Coruña,23,1986,20,18,"1,469",16.3,2,2,4,0,2,2,4,0,0.12,0.12,0.25,0,0.12,Matches,2010-2011
230,Tiberio Guarente,it ITA,MF,Sevilla,24,1985,7,3,310,3.4,0,1,1,0,0,0,1,0,0,0.29,0.29,0,0.29,Matches,2010-2011
231,Marcos Gullón,es ESP,MF,Villarreal,21,1989,1,1,68,0.8,0,0,0,0,0,0,1,0,0,0,0,0,0,Matches,2010-2011
232,Carlos Gurpegui,es ESP,"DF,MF",Athletic Club,29,1980,31,28,"2,269",25.2,2,0,2,2,0,0,16,0,0.08,0,0.08,0.08,0.08,Matches,2010-2011
233,Jonathan de Guzmán,nl NED,MF,Mallorca,22,1987,33,33,"2,855",31.7,5,5,10,4,1,1,6,1,0.16,0.16,0.32,0.13,0.28,Matches,2010-2011
234,Henrique,br BRA,DF,Racing Sant,23,1986,35,35,"3,078",34.2,2,1,3,2,0,0,8,1,0.06,0.03,0.09,0.06,0.09,Matches,2010-2011
235,Iván Hernández,es ESP,DF,Sporting Gijón,30,1980,25,24,"2,167",24.1,0,0,0,0,0,0,4,0,0,0,0,0,0,Matches,2010-2011
236,Pablo Hernández,es ESP,"FW,MF",Valencia,25,1985,27,20,"1,769",19.7,5,6,11,5,0,0,3,0,0.25,0.31,0.56,0.25,0.56,Matches,2010-2011
237,Ander Herrera,es ESP,MF,Zaragoza,20,1989,33,30,"2,604",28.9,2,2,4,2,0,0,13,2,0.07,0.07,0.14,0.07,0.14,Matches,2010-2011
238,Cristian Hidalgo,es ESP,"FW,MF",Hércules,26,1983,19,2,613,6.8,0,0,0,0,0,0,1,0,0,0,0,0,0,Matches,2010-2011
239,Gonzalo Higuaín,ar ARG,"FW,MF",Real Madrid,22,1987,17,16,"1,285",14.3,10,5,15,10,0,0,1,0,0.7,0.35,1.05,0.7,1.05,Matches,2010-2011
240,Vicente Iborra,es ESP,MF,Levante,22,1988,16,14,"1,261",14,0,0,0,0,0,0,9,0,0,0,0,0,0,Matches,2010-2011
241,Akihiro Ienaga,jp JPN,"FW,MF",Mallorca,24,1986,14,3,472,5.2,2,0,2,2,0,0,2,0,0.38,0,0.38,0.38,0.38,Matches,2010-2011
242,Diego Ifrán,uy URU,FW,Real Sociedad,23,1987,10,3,332,3.7,2,0,2,2,0,0,2,0,0.54,0,0.54,0.54,0.54,Matches,2010-2011
243,Asier Illarramendi,es ESP,MF,Real Sociedad,20,1990,3,2,190,2.1,0,0,0,0,0,0,2,0,0,0,0,0,0,Matches,2010-2011
244,Andrés Iniesta,es ESP,MF,Barcelona,26,1984,34,32,"2,786",31,8,4,12,8,0,0,1,0,0.26,0.13,0.39,0.26,0.39,Matches,2010-2011
245,Natxo Insa,my MAS,MF,Villarreal,24,1986,1,0,11,0.1,0,0,0,0,0,,0,0,0,0,0,0,0,Matches,2010-2011
246,Gorka Iraizoz,es ESP,GK,Athletic Club,29,1981,37,37,"3,330",37,0,0,0,0,0,0,5,0,0,0,0,0,0,Matches,2010-2011
247,Andoni Iraola,es ESP,"DF,MF",Athletic Club,28,1982,37,37,"3,289",36.5,4,6,10,2,2,2,6,0,0.11,0.16,0.27,0.05,0.22,Matches,2010-2011
248,Isco,es ESP,"FW,MF",Valencia,18,1992,4,0,68,0.8,0,0,0,0,0,0,0,0,0,0,0,0,0,Matches,2010-2011
249,Ander Iturraspe,es ESP,MF,Athletic Club,21,1989,17,5,564,6.3,0,0,0,0,0,0,5,0,0,0,0,0,0,Matches,2010-2011
250,Michael Jakobsen,dk DEN,DF,Almería,24,1986,16,14,"1,201",13.3,0,1,1,0,0,0,4,1,0,0.07,0.07,0,0.07,Matches,2010-2011
Rk,Player,Nation,Pos,Squad,Age,Born,MP,Starts,Min,90s,Gls,Ast,G+A,G-PK,PK,PKatt,CrdY,CrdR,Gls,Ast,G+A,G-PK,G+A-PK,Matches,2010-2011
251,Jiří Jarošík,cz CZE,"DF,MF",Zaragoza,32,1977,36,36,"3,197",35.5,3,0,3,3,0,0,6,1,0.08,0,0.08,0.08,0.08,Matches,2010-2011
252,Jesús,es ESP,GK,Real Madrid,22,1988,1,0,14,0.2,0,,,0,0,,0,0,0,,,0,,Matches,2010-2011
253,Joaquín,es ESP,"FW,MF",Valencia,29,1981,30,24,"2,069",23,4,6,10,4,0,0,6,0,0.17,0.26,0.43,0.17,0.43,Matches,2010-2011
254,Jonas,br BRA,FW,Valencia,26,1984,13,8,683,7.6,3,4,7,3,0,0,2,0,0.4,0.53,0.92,0.4,0.92,Matches,2010-2011
255,Rafa Jordà,es ESP,FW,Levante,26,1984,17,7,748,8.3,2,0,2,2,0,0,4,0,0.24,0,0.24,0.24,0.24,Matches,2010-2011
256,Joselu,es ESP,FW,Real Madrid,20,1990,1,0,7,0.1,1,,,1,0,,0,0,12.86,,,12.86,,Matches,2010-2011
257,Josetxo,es ESP,DF,Osasuna,33,1977,9,6,583,6.5,0,0,0,0,0,0,2,0,0,0,0,0,0,Matches,2010-2011
258,Juanfran,es ESP,"DF,MF",Osasuna,25,1985,18,18,"1,544",17.2,1,2,3,1,0,0,3,0,0.06,0.12,0.17,0.06,0.17,Matches,2010-2011
259,Juanfran,es ESP,DF,Levante,34,1976,23,22,"1,912",21.2,0,0,0,0,0,0,10,0,0,0,0,0,0,Matches,2010-2011
260,Juanfran,es ESP,"DF,MF",Atlético Madrid,25,1985,15,5,600,6.7,1,2,3,1,0,0,1,0,0.15,0.3,0.45,0.15,0.45,Matches,2010-2011
261,Juanito,es ESP,"DF,MF",Málaga,30,1980,6,5,472,5.2,0,0,0,0,0,0,1,0,0,0,0,0,0,Matches,2010-2011
262,Juanito,es ESP,"DF,MF",Almería,30,1980,9,5,487,5.4,0,0,0,0,0,0,1,0,0,0,0,0,0,Matches,2010-2011
263,Juankar,es ESP,"DF,FW",Real Madrid,20,1990,1,0,10,0.1,0,0,0,0,0,0,0,0,0,0,0,0,0,Matches,2010-2011
264,Juanlu,es ESP,MF,Levante,30,1980,30,28,"2,292",25.5,3,6,9,3,0,0,8,0,0.12,0.24,0.35,0.12,0.35,Matches,2010-2011
265,Juanmi,es ESP,"FW,MF",Málaga,17,1993,17,6,604,6.7,4,2,6,4,0,0,1,0,0.6,0.3,0.89,0.6,0.89,Matches,2010-2011
266,Juanra,es ESP,DF,Hércules,30,1980,14,13,"1,195",13.3,0,1,1,0,0,0,3,0,0,0.08,0.08,0,0.08,Matches,2010-2011
267,Juca,br BRA,MF,La Coruña,30,1979,8,1,221,2.5,0,1,1,0,0,0,0,0,0,0.41,0.41,0,0.41,Matches,2010-2011
268,Kaká,br BRA,"FW,MF",Real Madrid,28,1982,14,11,802,8.9,7,4,11,5,2,2,0,0,0.79,0.45,1.23,0.56,1.01,Matches,2010-2011
269,Carlos Kameni,cm CMR,GK,Espanyol,26,1984,33,33,"2,970",33,0,0,0,0,0,0,4,0,0,0,0,0,0,Matches,2010-2011
270,Frédéric Kanouté,ml MLI,FW,Sevilla,32,1977,28,19,"1,891",21,12,3,15,9,3,4,6,0,0.57,0.14,0.71,0.43,0.57,Matches,2010-2011
271,Seydou Keita,ml MLI,MF,Barcelona,30,1980,35,15,"1,558",17.3,3,2,5,3,0,0,2,0,0.17,0.12,0.29,0.17,0.29,Matches,2010-2011
272,Kevin,es ESP,DF,Mallorca,20,1989,19,18,"1,583",17.6,0,0,0,0,0,0,3,0,0,0,0,0,0,Matches,2010-2011
273,Sami Khedira,de GER,MF,Real Madrid,23,1987,25,20,"1,849",20.5,0,1,1,0,0,0,7,0,0,0.05,0.05,0,0.05,Matches,2010-2011
274,Koke,es ESP,MF,Atlético Madrid,18,1992,17,8,842,9.4,2,0,2,2,0,0,0,0,0.21,0,0.21,0.21,0.21,Matches,2010-2011
275,Arouna Koné,ci CIV,FW,Sevilla,26,1983,1,0,3,0,0,0,0,0,0,0,0,0,0,0,0,0,0,Matches,2010-2011
Rk,Player,Nation,Pos,Squad,Age,Born,MP,Starts,Min,90s,Gls,Ast,G+A,G-PK,PK,PKatt,CrdY,CrdR,Gls,Ast,G+A,G-PK,G+A-PK,Matches,2010-2011
276,Abdoulay Konko,fr FRA,"DF,MF",Sevilla,26,1984,11,9,813,9,2,0,2,2,0,0,4,1,0.22,0,0.22,0.22,0.22,Matches,2010-2011
277,Bojan Krkić,es ESP,"FW,MF",Barcelona,19,1990,27,9,949,10.5,6,2,8,5,1,1,2,0,0.57,0.19,0.76,0.47,0.66,Matches,2010-2011
278,Alberto de la Bella,es ESP,DF,Real Sociedad,24,1985,30,28,"2,526",28.1,0,1,1,0,0,0,4,0,0,0.04,0.04,0,0.04,Matches,2010-2011
279,Iván de la Peña,es ESP,MF,Espanyol,34,1976,1,0,26,0.3,0,0,0,0,0,0,0,0,0,0,0,0,0,Matches,2010-2011
280,Mikel Labaka,es ESP,DF,Real Sociedad,29,1980,14,9,926,10.3,0,1,1,0,0,0,3,0,0,0.1,0.1,0,0.1,Matches,2010-2011
281,Mehdi Lacen,dz ALG,MF,Racing Sant,26,1984,33,24,"2,336",26,1,1,2,1,0,0,5,1,0.04,0.04,0.08,0.04,0.08,Matches,2010-2011
282,Kevin Lacruz,es ESP,MF,Zaragoza,18,1992,3,2,153,1.7,0,0,0,0,0,0,1,0,0,0,0,0,0,Matches,2010-2011
283,Ángel Lafita,es ESP,"FW,MF",Zaragoza,25,1984,30,22,"2,041",22.7,4,0,4,4,0,0,4,0,0.18,0,0.18,0.18,0.18,Matches,2010-2011
284,Marcos Landeira,es ESP,MF,Sporting Gijón,23,1987,1,0,17,0.2,0,0,0,0,0,0,0,0,0,0,0,0,0,Matches,2010-2011
285,Maurizio Lanzaro,it ITA,DF,Zaragoza,28,1982,17,17,"1,375",15.3,1,0,1,1,0,0,8,0,0.07,0,0.07,0.07,0.07,Matches,2010-2011
286,Gorka Larrea,es ESP,MF,Levante,26,1984,6,2,239,2.7,0,0,0,0,0,0,1,0,0,0,0,0,0,Matches,2010-2011
287,Miguel de las Cuevas,es ESP,MF,Sporting Gijón,24,1986,37,30,"2,469",27.4,6,3,9,6,0,0,5,0,0.22,0.11,0.33,0.22,0.33,Matches,2010-2011
288,Laure,es ESP,DF,La Coruña,25,1985,22,21,"1,891",21,1,0,1,1,0,0,9,1,0.05,0,0.05,0.05,0.05,Matches,2010-2011
289,Dejan Lekić,rs SRB,FW,Osasuna,25,1985,27,5,774,8.6,2,0,2,2,0,0,3,0,0.23,0,0.23,0.23,0.23,Matches,2010-2011
290,Pedro León,es ESP,"FW,MF",Real Madrid,23,1986,6,0,143,1.6,0,1,1,0,0,0,1,0,0,0.63,0.63,0,0.63,Matches,2010-2011
291,Koikili Lertxundi,es ESP,DF,Athletic Club,29,1980,16,16,"1,343",14.9,0,0,0,0,0,0,6,1,0,0,0,0,0,Matches,2010-2011
292,Lillo,es ESP,DF,Almería,21,1989,2,1,116,1.3,0,0,0,0,0,0,1,0,0,0,0,0,0,Matches,2010-2011
293,Fernando Llorente,es ESP,FW,Athletic Club,25,1985,38,37,"3,163",35.1,18,2,20,18,0,0,4,0,0.51,0.06,0.57,0.51,0.57,Matches,2010-2011
294,Joseba Llorente,es ESP,FW,Real Sociedad,30,1979,18,15,"1,264",14,5,7,12,5,0,0,4,0,0.36,0.5,0.85,0.36,0.85,Matches,2010-2011
295,Adrián Lois,es ESP,MF,Levante,21,1989,1,0,13,0.1,0,0,0,0,0,0,0,0,0,0,0,0,0,Matches,2010-2011
296,Lolo,es ESP,"DF,MF",Osasuna,25,1984,27,23,"2,037",22.6,2,0,2,2,0,0,7,1,0.09,0,0.09,0.09,0.09,Matches,2010-2011
297,Adrián López,es ESP,FW,La Coruña,22,1988,36,31,"2,647",29.4,8,3,11,6,2,2,2,0,0.27,0.1,0.37,0.2,0.31,Matches,2010-2011
298,Ángel López,es ESP,"DF,MF",Villarreal,29,1981,18,18,"1,594",17.7,0,2,2,0,0,0,4,0,0,0.11,0.11,0,0.11,Matches,2010-2011
299,Antonio López,es ESP,"DF,MF",Atlético Madrid,28,1981,17,15,"1,334",14.8,0,2,2,0,0,0,2,1,0,0.13,0.13,0,0.13,Matches,2010-2011
300,David López,es ESP,MF,Athletic Club,27,1982,28,17,"1,606",17.8,6,6,12,3,3,4,3,0,0.34,0.34,0.67,0.17,0.5,Matches,2010-2011
Rk,Player,Nation,Pos,Squad,Age,Born,MP,Starts,Min,90s,Gls,Ast,G+A,G-PK,PK,PKatt,CrdY,CrdR,Gls,Ast,G+A,G-PK,G+A-PK,Matches,2010-2011
301,David López,es ESP,"DF,MF",Espanyol,20,1989,3,0,30,0.3,0,0,0,0,0,0,0,0,0,0,0,0,0,Matches,2010-2011
302,Diego López,es ESP,GK,Villarreal,28,1981,38,38,"3,420",38,0,0,0,0,0,0,3,0,0,0,0,0,0,Matches,2010-2011
303,Eric López,es ESP,MF,Espanyol,17,1993,2,0,15,0.2,0,0,0,0,0,0,0,0,0,0,0,0,0,Matches,2010-2011
304,Javi López,es ESP,"DF,MF",Espanyol,24,1986,25,18,"1,656",18.4,0,0,0,0,0,0,5,0,0,0,0,0,0,Matches,2010-2011
305,Jorge López,es ESP,MF,Zaragoza,31,1978,27,12,"1,118",12.4,0,1,1,0,0,0,2,0,0,0.08,0.08,0,0.08,Matches,2010-2011
306,Alberto Lopo,es ESP,DF,La Coruña,30,1980,33,33,"2,894",32.2,2,0,2,2,0,0,15,1,0.06,0,0.06,0.06,0.06,Matches,2010-2011
307,Alberto Lora,es ESP,"DF,MF",Sporting Gijón,23,1987,36,35,"3,172",35.2,0,2,2,0,0,0,8,1,0,0.06,0.06,0,0.06,Matches,2010-2011
308,Filipe Luís,br BRA,DF,Atlético Madrid,24,1985,27,23,"2,068",23,1,2,3,1,0,0,4,0,0.04,0.09,0.13,0.04,0.13,Matches,2010-2011
309,José Luis Martí,es ESP,MF,Mallorca,35,1975,34,33,"2,801",31.1,0,2,2,0,0,0,9,0,0,0.06,0.06,0,0.06,Matches,2010-2011
310,Antonio Luna,es ESP,DF,Almería,19,1991,13,13,"1,167",13,0,1,1,0,0,0,4,1,0,0.08,0.08,0,0.08,Matches,2010-2011
311,Antonio Luna,es ESP,DF,Sevilla,19,1991,2,2,169,1.9,0,0,0,0,0,0,1,0,0,0,0,0,0,Matches,2010-2011
312,Albert Luque,es ESP,"FW,MF",Málaga,32,1978,3,0,80,0.9,0,1,1,0,0,0,1,0,0,1.13,1.13,0,1.13,Matches,2010-2011
313,Julián Luque Conde,es ESP,"FW,MF",Racing Sant,18,1992,7,1,226,2.5,0,1,1,0,0,0,0,0,0,0.4,0.4,0,0.4,Matches,2010-2011
314,Germán Lux,ar ARG,GK,Mallorca,28,1982,4,3,315,3.5,0,0,0,0,0,0,0,0,0,0,0,0,0,Matches,2010-2011
315,Modeste M'bami,cm CMR,MF,Almería,27,1982,30,28,"2,476",27.5,1,1,2,1,0,0,7,0,0.04,0.04,0.07,0.04,0.07,Matches,2010-2011
316,Hedwiges Maduro,nl NED,"DF,MF",Valencia,25,1985,18,17,"1,476",16.4,1,0,1,1,0,0,5,0,0.06,0,0.06,0.06,0.06,Matches,2010-2011
317,Mané,es ESP,"DF,MF",Getafe,28,1981,31,30,"2,611",29,0,1,1,0,0,0,7,0,0,0.03,0.03,0,0.03,Matches,2010-2011
318,Manu,es ESP,GK,La Coruña,24,1986,6,6,540,6,0,0,0,0,0,0,0,0,0,0,0,0,0,Matches,2010-2011
319,José Manuel Jurado,es ESP,MF,Atlético Madrid,24,1986,1,1,76,0.8,1,0,1,1,0,0,0,0,1.18,0,1.18,1.18,1.18,Matches,2010-2011
320,Juan Manuel Ortiz,es ESP,"DF,MF",Almería,28,1982,26,24,"2,126",23.6,1,1,2,1,0,0,12,0,0.04,0.04,0.08,0.04,0.08,Matches,2010-2011
321,José Manuel Pinto,es ESP,GK,Barcelona,34,1975,6,6,540,6,0,0,0,0,0,0,0,0,0,0,0,0,0,Matches,2010-2011
322,Iván Marcano,es ESP,DF,Getafe,23,1987,29,26,"2,458",27.3,1,0,1,1,0,0,10,1,0.04,0,0.04,0.04,0.04,Matches,2010-2011
323,Marcelo,br BRA,"DF,MF",Real Madrid,22,1988,32,31,"2,741",30.5,3,4,7,3,0,0,7,0,0.1,0.13,0.23,0.1,0.23,Matches,2010-2011
324,Carlos Marchena,es ESP,"DF,MF",Villarreal,31,1979,28,27,"2,345",26.1,1,0,1,1,0,0,11,1,0.04,0,0.04,0.04,0.04,Matches,2010-2011
325,Nélson Marcos,pt POR,DF,Osasuna,27,1983,29,25,"2,262",25.1,1,0,1,1,0,0,3,0,0.04,0,0.04,0.04,0.04,Matches,2010-2011
Rk,Player,Nation,Pos,Squad,Age,Born,MP,Starts,Min,90s,Gls,Ast,G+A,G-PK,PK,PKatt,CrdY,CrdR,Gls,Ast,G+A,G-PK,G+A-PK,Matches,2010-2011
326,Óscar de Marcos,es ESP,"DF,FW",Athletic Club,21,1989,13,3,540,6,0,0,0,0,0,0,3,0,0,0,0,0,0,Matches,2010-2011
327,Enzo Maresca,it ITA,MF,Málaga,30,1980,20,9,715,7.9,2,2,4,2,0,0,2,0,0.25,0.25,0.5,0.25,0.5,Matches,2010-2011
328,Mario,es ESP,DF,Getafe,28,1982,3,3,225,2.5,0,0,0,0,0,0,1,0,0,0,0,0,0,Matches,2010-2011
329,Javi Márquez,es ESP,MF,Espanyol,24,1986,29,26,"2,216",24.6,2,2,4,2,0,0,7,0,0.08,0.08,0.16,0.08,0.16,Matches,2010-2011
330,Carlos Martínez,es ESP,DF,Real Sociedad,24,1986,25,25,"2,205",24.5,0,2,2,0,0,0,1,0,0,0.08,0.08,0,0.08,Matches,2010-2011
331,Igor Martínez,es ESP,"FW,MF",Athletic Club,21,1989,8,5,358,4,0,2,2,0,0,0,0,0,0,0.5,0.5,0,0.5,Matches,2010-2011
332,Javi Martínez,es ESP,"DF,MF",Athletic Club,21,1988,35,35,"2,974",33,4,2,6,4,0,0,11,0,0.12,0.06,0.18,0.12,0.18,Matches,2010-2011
333,Javier Mascherano,ar ARG,"DF,MF",Barcelona,26,1984,27,18,"1,542",17.1,0,0,0,0,0,0,6,0,0,0,0,0,0,Matches,2010-2011
334,Juan Mata,es ESP,"FW,MF",Valencia,22,1988,33,31,"2,567",28.5,8,11,19,7,1,1,3,0,0.28,0.39,0.67,0.25,0.63,Matches,2010-2011
335,Sergio Matabuena,es ESP,MF,Sporting Gijón,31,1979,4,3,252,2.8,0,0,0,0,0,0,1,0,0,0,0,0,0,Matches,2010-2011
336,Jérémy Mathieu,fr FRA,DF,Valencia,26,1983,29,27,"2,198",24.4,1,3,4,1,0,0,4,0,0.04,0.12,0.16,0.04,0.16,Matches,2010-2011
337,Javier Matilla,es ESP,MF,Villarreal,21,1988,11,3,361,4,0,0,0,0,0,0,0,0,0,0,0,0,0,Matches,2010-2011
338,Maxwell,br BRA,DF,Barcelona,28,1981,25,19,"1,820",20.2,0,1,1,0,0,0,2,0,0,0.05,0.05,0,0.05,Matches,2010-2011
339,Gary Medel,cl CHI,"DF,MF",Sevilla,22,1987,15,15,"1,292",14.4,0,0,0,0,0,0,8,1,0,0,0,0,0,Matches,2010-2011
340,Tomás Mejías,es ESP,GK,Real Madrid,21,1989,1,0,8,0.1,0,0,0,0,0,0,0,0,0,0,0,0,0,Matches,2010-2011
341,Tiago Mendes,pt POR,MF,Atlético Madrid,29,1981,31,28,"2,381",26.5,4,3,7,4,0,0,10,0,0.15,0.11,0.26,0.15,0.26,Matches,2010-2011
342,Guillermo Méndez,es ESP,FW,Sporting Gijón,18,1992,1,0,10,0.1,0,0,0,0,0,0,0,0,0,0,0,0,0,Matches,2010-2011
343,Fran Mérida,es ESP,MF,Atlético Madrid,20,1990,17,6,660,7.3,0,2,2,0,0,0,3,0,0,0.27,0.27,0,0.27,Matches,2010-2011
344,Lionel Messi,ar ARG,"FW,MF",Barcelona,23,1987,33,31,"2,858",31.8,31,19,50,27,4,4,3,0,0.98,0.6,1.57,0.85,1.45,Matches,2010-2011
345,Míchel,es ESP,MF,La Coruña,22,1988,8,7,441,4.9,0,1,1,0,0,0,1,0,0,0.2,0.2,0,0.2,Matches,2010-2011
346,Michel,br BRA,DF,Almería,20,1990,31,30,"2,646",29.4,0,1,1,0,0,0,6,0,0,0.03,0.03,0,0.03,Matches,2010-2011
347,Miku,ve VEN,FW,Getafe,24,1985,31,24,"2,188",24.3,7,2,9,6,1,1,6,0,0.29,0.08,0.37,0.25,0.33,Matches,2010-2011
348,Gabriel Milito,ar ARG,DF,Barcelona,29,1980,10,8,645,7.2,0,0,0,0,0,0,2,0,0,0,0,0,0,Matches,2010-2011
349,Manu Molina,es ESP,MF,Espanyol,18,1991,7,1,189,2.1,0,0,0,0,0,0,1,0,0,0,0,0,0,Matches,2010-2011
350,Nacho Monreal,es ESP,DF,Osasuna,24,1986,31,31,"2,754",30.6,1,1,2,1,0,0,8,1,0.03,0.03,0.07,0.03,0.07,Matches,2010-2011
Rk,Player,Nation,Pos,Squad,Age,Born,MP,Starts,Min,90s,Gls,Ast,G+A,G-PK,PK,PKatt,CrdY,CrdR,Gls,Ast,G+A,G-PK,G+A-PK,Matches,2010-2011
351,Miguel Monteiro,pt POR,DF,Valencia,30,1980,24,20,"1,827",20.3,0,2,2,0,0,0,1,0,0,0.1,0.1,0,0.1,Matches,2010-2011
352,Jefferson Montero,ec ECU,"FW,MF",Villarreal,20,1989,9,0,145,1.6,1,1,2,1,0,0,0,0,0.62,0.62,1.24,0.62,1.24,Matches,2010-2011
353,Jefferson Montero,ec ECU,"FW,MF",Levante,20,1989,11,4,534,5.9,0,0,0,0,0,0,1,0,0,0,0,0,0,Matches,2010-2011
354,Martín Montoya,es ESP,DF,Barcelona,19,1991,2,1,17,0.2,0,0,0,0,0,0,0,0,0,0,0,0,0,Matches,2010-2011
355,Luis Morán,es ESP,MF,Sporting Gijón,23,1987,15,6,614,6.8,0,0,0,0,0,0,2,0,0,0,0,0,0,Matches,2010-2011
356,Álvaro Morata,es ESP,FW,Real Madrid,17,1992,1,0,3,0,0,0,0,0,0,0,0,0,0,0,0,0,0,Matches,2010-2011
357,Claudio Morel Rodríguez,py PAR,DF,La Coruña,32,1978,15,14,"1,245",13.8,0,0,0,0,0,0,1,0,0,0,0,0,0,Matches,2010-2011
358,Pedro Mosquera,es ESP,MF,Getafe,22,1988,14,4,448,5,0,1,1,0,0,0,4,1,0,0.2,0.2,0,0.2,Matches,2010-2011
359,Patrick Mtiliga,dk DEN,DF,Málaga,29,1981,19,17,"1,553",17.3,0,1,1,0,0,0,4,0,0,0.06,0.06,0,0.06,Matches,2010-2011
360,Iker Muniain,es ESP,"FW,MF",Athletic Club,17,1992,35,30,"2,564",28.5,5,2,7,5,0,0,6,0,0.18,0.07,0.25,0.18,0.25,Matches,2010-2011
361,Pedro Munitis,es ESP,FW,Racing Sant,35,1975,36,33,"2,830",31.4,1,4,5,1,0,0,9,1,0.03,0.13,0.16,0.03,0.16,Matches,2010-2011
362,Juan Muñiz,es ESP,MF,Sporting Gijón,18,1992,1,0,26,0.3,0,,,0,0,,0,0,0,,,0,,Matches,2010-2011
363,Gustavo Munúa,uy URU,GK,Levante,32,1978,20,20,"1,800",20,0,0,0,0,0,0,6,0,0,0,0,0,0,Matches,2010-2011
364,Mateo Musacchio,ar ARG,DF,Villarreal,19,1990,31,27,"2,387",26.5,0,1,1,0,0,0,9,1,0,0.04,0.04,0,0.04,Matches,2010-2011
365,Guirane N'Daw,sn SEN,"DF,MF",Zaragoza,26,1984,9,3,267,3,0,0,0,0,0,0,1,0,0,0,0,0,0,Matches,2010-2011
366,Nacho,es ESP,DF,Real Madrid,20,1990,2,2,141,1.6,0,0,0,0,0,0,0,0,0,0,0,0,0,Matches,2010-2011
367,Xisco Nadal,es ESP,"FW,MF",Levante,24,1986,25,12,"1,180",13.1,0,2,2,0,0,0,1,2,0,0.15,0.15,0,0.15,Matches,2010-2011
368,Ariel Nahuelpán,ar ARG,FW,Racing Sant,22,1987,30,15,"1,376",15.3,3,0,3,3,0,1,2,0,0.2,0,0.2,0.2,0.2,Matches,2010-2011
369,Nano,es ESP,DF,Levante,30,1980,32,28,"2,570",28.6,2,1,3,2,0,0,9,0,0.07,0.04,0.11,0.07,0.11,Matches,2010-2011
370,David Navarro,es ESP,DF,Valencia,30,1980,17,16,"1,285",14.3,1,0,1,1,0,0,8,1,0.07,0,0.07,0.07,0.07,Matches,2010-2011
371,Fernando Navarro,es ESP,DF,Sevilla,28,1982,30,30,"2,563",28.5,0,0,0,0,0,0,9,2,0,0,0,0,0,Matches,2010-2011
372,Jesús Navas,es ESP,"DF,FW",Sevilla,24,1985,15,15,"1,348",15,1,4,5,1,0,0,3,0,0.07,0.27,0.33,0.07,0.33,Matches,2010-2011
373,Álvaro Negredo,es ESP,FW,Sevilla,24,1985,38,29,"2,608",29,20,6,26,16,4,5,4,0,0.69,0.21,0.9,0.55,0.76,Matches,2010-2011
374,Javad Nekounam,ir IRN,MF,Osasuna,29,1980,26,26,"2,220",24.7,6,1,7,1,5,5,10,0,0.24,0.04,0.28,0.04,0.08,Matches,2010-2011
375,Nilmar,br BRA,FW,Villarreal,26,1984,31,27,"2,359",26.2,10,2,12,10,0,0,3,0,0.38,0.08,0.46,0.38,0.46,Matches,2010-2011
Rk,Player,Nation,Pos,Squad,Age,Born,MP,Starts,Min,90s,Gls,Ast,G+A,G-PK,PK,PKatt,CrdY,CrdR,Gls,Ast,G+A,G-PK,G+A-PK,Matches,2010-2011
376,Braulio Nóbrega,es ESP,FW,Zaragoza,24,1985,27,12,"1,351",15,3,3,6,3,0,0,5,0,0.2,0.2,0.4,0.2,0.4,Matches,2010-2011
377,Alberto Noguera,es ESP,MF,Atlético Madrid,20,1989,2,0,9,0.1,0,0,0,0,0,0,0,0,0,0,0,0,0,Matches,2010-2011
378,Nolito,es ESP,"FW,MF",Barcelona,23,1986,2,0,16,0.2,0,0,0,0,0,0,0,0,0,0,0,0,0,Matches,2010-2011
379,Lassad Nouioui,tn TUN,FW,La Coruña,24,1986,33,16,"1,454",16.2,5,1,6,5,0,0,3,0,0.31,0.06,0.37,0.31,0.37,Matches,2010-2011
380,Nacho Novo,es ESP,FW,Sporting Gijón,31,1979,31,15,"1,542",17.1,4,0,4,4,0,0,5,0,0.23,0,0.23,0.23,0.23,Matches,2010-2011
381,Emilio Nsue,gq EQG,"DF,FW",Mallorca,20,1989,38,34,"2,950",32.8,4,2,6,4,0,0,2,0,0.12,0.06,0.18,0.12,0.18,Matches,2010-2011
382,José Nunes,pt POR,DF,Mallorca,33,1977,34,34,"2,992",33.2,1,0,1,1,0,0,7,1,0.03,0,0.03,0.03,0.03,Matches,2010-2011
383,Ivan Obradović,rs SRB,DF,Zaragoza,22,1988,20,19,"1,565",17.4,0,0,0,0,0,0,5,0,0,0,0,0,0,Matches,2010-2011
384,Aitor Ocio,es ESP,DF,Athletic Club,33,1976,4,3,279,3.1,0,0,0,0,0,0,1,0,0,0,0,0,0,Matches,2010-2011
385,Knut Olav Rindarøy,no NOR,DF,La Coruña,25,1985,4,3,243,2.7,0,0,0,0,0,0,1,0,0,0,0,0,0,Matches,2010-2011
386,Kiko Olivas,es ESP,DF,Villarreal,21,1988,4,2,183,2,0,0,0,0,0,0,1,0,0,0,0,0,0,Matches,2010-2011
387,Weligton Oliveira,br BRA,DF,Málaga,30,1979,31,31,"2,790",31,1,1,2,1,0,0,5,0,0.03,0.03,0.06,0.03,0.06,Matches,2010-2011
388,Pablo Orbaiz,es ESP,MF,Athletic Club,31,1979,26,18,"1,672",18.6,1,2,3,1,0,0,3,0,0.05,0.11,0.16,0.05,0.16,Matches,2010-2011
389,Joan Oriol,es ESP,DF,Villarreal,23,1986,6,1,142,1.6,0,0,0,0,0,0,1,0,0,0,0,0,0,Matches,2010-2011
390,José Ortiz Bernal,es ESP,"FW,MF",Almería,32,1977,15,0,252,2.8,0,2,2,0,0,0,0,0,0,0.71,0.71,0,0.71,Matches,2010-2011
391,Osmar,es ESP,"DF,MF",Racing Sant,22,1988,4,2,258,2.9,0,0,0,0,0,0,0,0,0,0,0,0,0,Matches,2010-2011
392,Dani Osvaldo,it ITA,FW,Espanyol,24,1986,24,22,"1,741",19.3,13,4,17,11,2,2,4,1,0.67,0.21,0.88,0.57,0.78,Matches,2010-2011
393,Quincy Owusu-Abeyie,gh GHA,"FW,MF",Málaga,24,1986,25,15,"1,477",16.4,2,3,5,2,0,0,1,0,0.12,0.18,0.3,0.12,0.3,Matches,2010-2011
394,Mesut Özil,de GER,MF,Real Madrid,21,1988,36,30,"2,523",28,6,16,22,6,0,0,2,0,0.21,0.57,0.78,0.21,0.78,Matches,2010-2011
395,Juan Pablo Colinas,es ESP,GK,Sporting Gijón,31,1978,25,24,"2,183",24.3,0,0,0,0,0,0,3,0,0,0,0,0,0,Matches,2010-2011
396,Manuel Pablo,es ESP,DF,La Coruña,34,1976,30,30,"2,639",29.3,0,1,1,0,0,0,2,0,0,0.03,0.03,0,0.03,Matches,2010-2011
397,Miguel Pallardó,es ESP,MF,Levante,23,1986,27,21,"1,814",20.2,0,0,0,0,0,0,6,0,0,0,0,0,0,Matches,2010-2011
398,Andrés Palop,es ESP,GK,Sevilla,36,1973,19,19,"1,632",18.1,0,0,0,0,0,0,2,1,0,0,0,0,0,Matches,2010-2011
399,Noé Pamarot,fr FRA,DF,Hércules,31,1979,29,28,"2,540",28.2,0,0,0,0,0,0,8,0,0,0,0,0,0,Matches,2010-2011
400,Walter Pandiani,uy URU,FW,Osasuna,34,1976,21,13,"1,285",14.3,3,0,3,3,0,0,4,0,0.21,0,0.21,0.21,0.21,Matches,2010-2011
Rk,Player,Nation,Pos,Squad,Age,Born,MP,Starts,Min,90s,Gls,Ast,G+A,G-PK,PK,PKatt,CrdY,CrdR,Gls,Ast,G+A,G-PK,G+A-PK,Matches,2010-2011
401,Javier Paredes,es ESP,DF,Zaragoza,28,1982,19,16,"1,578",17.5,0,1,1,0,0,0,8,0,0,0.06,0.06,0,0.06,Matches,2010-2011
402,Daniel Parejo,es ESP,MF,Getafe,21,1989,36,28,"2,457",27.3,3,5,8,3,0,0,8,0,0.11,0.18,0.29,0.11,0.29,Matches,2010-2011
403,Abraham Paz,es ESP,DF,Hércules,31,1979,29,29,"2,422",26.9,2,0,2,2,0,0,7,0,0.07,0,0.07,0.07,0.07,Matches,2010-2011
404,Pedro,es ESP,"FW,MF",Barcelona,23,1987,33,24,"2,126",23.6,13,9,22,13,0,0,2,0,0.55,0.38,0.93,0.55,0.93,Matches,2010-2011
405,Hernán Pellerano,ar ARG,DF,Almería,26,1984,8,7,611,6.8,0,0,0,0,0,0,2,0,0,0,0,0,0,Matches,2010-2011
406,Paco Peña,es ESP,DF,Hércules,32,1978,28,28,"2,467",27.4,0,0,0,0,0,0,8,0,0,0,0,0,0,Matches,2010-2011
407,Pepe,pt POR,"DF,MF",Real Madrid,27,1983,26,25,"2,224",24.7,1,0,1,1,0,0,8,1,0.04,0,0.04,0.04,0.04,Matches,2010-2011
408,Michael Pereira,fr FRA,"FW,MF",Mallorca,22,1987,35,24,"2,312",25.7,5,4,9,5,0,0,5,0,0.19,0.16,0.35,0.19,0.35,Matches,2010-2011
409,Iñigo Pérez,es ESP,MF,Athletic Club,22,1988,3,0,57,0.6,1,0,1,1,0,0,0,0,1.58,0,1.58,1.58,1.58,Matches,2010-2011
410,Marco Pérez,co COL,"FW,MF",Zaragoza,19,1990,16,3,579,6.4,1,0,1,1,0,0,0,0,0.16,0,0.16,0.16,0.16,Matches,2010-2011
411,Rubén Pérez,es ESP,MF,La Coruña,21,1989,32,31,"2,742",30.5,0,1,1,0,0,0,12,0,0,0.03,0.03,0,0.03,Matches,2010-2011
412,Diego Perotti,ar ARG,"FW,MF",Sevilla,22,1988,31,27,"2,317",25.7,3,7,10,3,0,0,5,0,0.12,0.27,0.39,0.12,0.39,Matches,2010-2011
413,Pablo Piatti,ar ARG,"FW,MF",Almería,21,1989,35,34,"2,929",32.5,8,4,12,8,0,0,7,0,0.25,0.12,0.37,0.25,0.37,Matches,2010-2011
414,Tomás Pina Isla,es ESP,MF,Mallorca,22,1987,9,1,169,1.9,0,0,0,0,0,0,0,0,0,0,0,0,0,Matches,2010-2011
415,Pablo Pinillos Caro,es ESP,DF,Racing Sant,36,1974,20,19,"1,638",18.2,2,2,4,1,1,2,5,0,0.11,0.11,0.22,0.05,0.16,Matches,2010-2011
416,Ádám Pintér,hu HUN,"DF,MF",Zaragoza,22,1988,9,4,373,4.1,0,0,0,0,0,0,4,1,0,0,0,0,0,Matches,2010-2011
417,Pablo Pintos,uy URU,DF,Getafe,23,1987,6,4,428,4.8,0,0,0,0,0,0,2,0,0,0,0,0,0,Matches,2010-2011
418,Gerard Piqué,es ESP,DF,Barcelona,23,1987,31,29,"2,649",29.4,3,1,4,3,0,0,11,1,0.1,0.03,0.14,0.1,0.14,Matches,2010-2011
419,Waldo Ponce,cl CHI,DF,Racing Sant,27,1982,2,2,180,2,0,0,0,0,0,0,0,0,0,0,0,0,0,Matches,2010-2011
420,Leonardo Ponzio,ar ARG,MF,Zaragoza,28,1982,32,30,"2,567",28.5,2,2,4,2,0,0,14,2,0.07,0.07,0.14,0.07,0.14,Matches,2010-2011
421,Cristian Portilla,es ESP,MF,Sporting Gijón,21,1988,1,0,2,0,0,0,0,0,0,0,0,0,0,0,0,0,0,Matches,2010-2011
422,Francisco Portillo,es ESP,MF,Málaga,20,1990,17,7,766,8.5,0,1,1,0,0,0,0,0,0,0.12,0.12,0,0.12,Matches,2010-2011
423,Javier Portillo,es ESP,FW,Hércules,28,1982,26,11,"1,155",12.8,1,0,1,1,0,0,1,0,0.08,0,0.08,0.08,0.08,Matches,2010-2011
424,Javi Poves,es ESP,DF,Sporting Gijón,23,1986,1,0,12,0.1,0,,,0,0,,0,0,0,,,0,,Matches,2010-2011
425,Xabi Prieto,es ESP,MF,Real Sociedad,26,1983,37,36,"3,235",35.9,7,9,16,3,4,4,6,0,0.19,0.25,0.45,0.08,0.33,Matches,2010-2011
Rk,Player,Nation,Pos,Squad,Age,Born,MP,Starts,Min,90s,Gls,Ast,G+A,G-PK,PK,PKatt,CrdY,CrdR,Gls,Ast,G+A,G-PK,G+A-PK,Matches,2010-2011
426,Cristian Pulhac,ro ROU,DF,Hércules,25,1984,9,9,759,8.4,0,0,0,0,0,0,5,1,0,0,0,0,0,Matches,2010-2011
427,Jorge Pulido,es ESP,DF,Atlético Madrid,19,1991,2,2,180,2,0,0,0,0,0,0,2,0,0,0,0,0,0,Matches,2010-2011
428,Francisco Puñal,es ESP,MF,Osasuna,34,1975,33,32,"2,825",31.4,0,3,3,0,0,0,16,0,0,0.1,0.1,0,0.1,Matches,2010-2011
429,Carles Puyol,es ESP,DF,Barcelona,32,1978,17,17,"1,381",15.3,1,0,1,1,0,0,3,0,0.07,0,0.07,0.07,0.07,Matches,2010-2011
430,Rafa,es ESP,"DF,MF",Getafe,25,1985,19,17,"1,542",17.1,0,0,0,0,0,0,9,1,0,0,0,0,0,Matches,2010-2011
431,Ivan Rakitić,hr CRO,MF,Sevilla,22,1988,13,13,"1,091",12.1,5,1,6,5,0,0,1,0,0.41,0.08,0.49,0.41,0.49,Matches,2010-2011
432,Iván Ramis,es ESP,DF,Mallorca,25,1984,33,33,"2,917",32.4,3,0,3,2,1,2,6,0,0.09,0,0.09,0.06,0.06,Matches,2010-2011
433,Edu Ramos,es ESP,MF,Málaga,18,1992,5,1,106,1.2,0,0,0,0,0,0,1,0,0,0,0,0,0,Matches,2010-2011
434,Sergio Ramos,es ESP,DF,Real Madrid,24,1986,31,30,"2,703",30,3,2,5,2,1,1,11,1,0.1,0.07,0.17,0.07,0.13,Matches,2010-2011
435,Edson Ratinho,br BRA,"DF,MF",Mallorca,24,1986,7,7,573,6.4,0,0,0,0,0,0,3,0,0,0,0,0,0,Matches,2010-2011
436,Recio,es ESP,MF,Málaga,19,1991,23,18,"1,624",18,2,1,3,2,0,0,3,0,0.11,0.06,0.17,0.11,0.17,Matches,2010-2011
437,Manolo Reina,es ESP,GK,Levante,25,1985,18,18,"1,620",18,0,0,0,0,0,0,3,0,0,0,0,0,0,Matches,2010-2011
438,Renato,br BRA,MF,Sevilla,31,1979,24,13,"1,277",14.2,2,2,4,2,0,0,1,0,0.14,0.14,0.28,0.14,0.28,Matches,2010-2011
439,Ricardo,es ESP,GK,Osasuna,38,1971,38,38,"3,420",38,0,0,0,0,0,0,2,0,0,0,0,0,0,Matches,2010-2011
440,Baltasar Rigo,es ESP,DF,Almería,25,1985,1,1,90,1,0,0,0,0,0,0,0,0,0,0,0,0,0,Matches,2010-2011
441,Riki,es ESP,FW,La Coruña,29,1980,19,8,850,9.4,3,3,6,2,1,1,2,0,0.32,0.32,0.64,0.21,0.53,Matches,2010-2011
442,Pedro Ríos,es ESP,MF,Getafe,28,1981,31,27,"2,218",24.6,7,3,10,7,0,0,5,0,0.28,0.12,0.41,0.28,0.41,Matches,2010-2011
443,Diego Rivas,es ESP,MF,Real Sociedad,30,1980,32,31,"2,564",28.5,2,0,2,2,0,0,9,0,0.07,0,0.07,0.07,0.07,Matches,2010-2011
444,Alberto Rivera,es ESP,MF,Sporting Gijón,32,1978,30,30,"2,545",28.3,0,2,2,0,0,0,5,0,0,0.07,0.07,0,0.07,Matches,2010-2011
445,Sergi Roberto,es ESP,"DF,MF",Barcelona,18,1992,1,1,90,1,0,,,0,0,,0,0,0,,,0,,Matches,2010-2011
446,Miquel Robusté,es ESP,DF,Levante,25,1985,7,4,424,4.7,0,0,0,0,0,0,3,0,0,0,0,0,0,Matches,2010-2011
447,David Rochela,es ESP,DF,La Coruña,20,1990,2,2,146,1.6,0,0,0,0,0,0,0,0,0,0,0,0,0,Matches,2010-2011
448,Héctor Rodas,es ESP,DF,Levante,22,1988,5,5,408,4.5,0,0,0,0,0,0,2,0,0,0,0,0,0,Matches,2010-2011
449,Rodri,es ESP,DF,Hércules,25,1984,13,10,"1,043",11.6,0,0,0,0,0,0,5,0,0,0,0,0,0,Matches,2010-2011
450,Rodri,es ESP,FW,Sevilla,20,1990,5,2,224,2.5,0,0,0,0,0,0,2,0,0,0,0,0,0,Matches,2010-2011
Rk,Player,Nation,Pos,Squad,Age,Born,MP,Starts,Min,90s,Gls,Ast,G+A,G-PK,PK,PKatt,CrdY,CrdR,Gls,Ast,G+A,G-PK,G+A-PK,Matches,2010-2011
451,Gonzalo Rodríguez,ar ARG,DF,Villarreal,26,1984,23,20,"1,810",20.1,1,0,1,1,0,0,6,1,0.05,0,0.05,0.05,0.05,Matches,2010-2011
452,Juan Rodríguez,es ESP,MF,La Coruña,28,1982,31,29,"2,563",28.5,1,2,3,1,0,0,10,1,0.04,0.07,0.11,0.04,0.11,Matches,2010-2011
453,Raúl Rodríguez,es ESP,DF,Espanyol,22,1987,10,8,754,8.4,0,0,0,0,0,0,2,0,0,0,0,0,0,Matches,2010-2011
454,Vicente Rodríguez,es ESP,"FW,MF",Valencia,29,1981,14,5,569,6.3,1,0,1,1,0,0,1,0,0.16,0,0.16,0.16,0.16,Matches,2010-2011
455,Romaric,ci CIV,MF,Sevilla,27,1983,26,19,"1,557",17.3,1,4,5,1,0,0,5,0,0.06,0.23,0.29,0.06,0.29,Matches,2010-2011
456,Oriol Romeu,es ESP,MF,Barcelona,18,1991,1,0,10,0.1,0,0,0,0,0,0,0,0,0,0,0,0,0,Matches,2010-2011
457,Cristiano Ronaldo,pt POR,"FW,MF",Real Madrid,25,1985,34,32,"2,914",32.4,40,9,49,32,8,8,2,0,1.24,0.28,1.51,0.99,1.27,Matches,2010-2011
458,Salomón Rondón,ve VEN,FW,Málaga,20,1989,30,28,"2,417",26.9,14,2,16,14,0,0,2,0,0.52,0.07,0.6,0.52,0.6,Matches,2010-2011
459,Hélder Rosário,pt POR,DF,Málaga,30,1980,3,3,245,2.7,0,0,0,0,0,0,1,1,0,0,0,0,0,Matches,2010-2011
460,Markus Rosenberg,se SWE,FW,Racing Sant,27,1982,33,29,"2,391",26.6,9,0,9,9,0,1,10,1,0.34,0,0.34,0.34,0.34,Matches,2010-2011
461,Giuseppe Rossi,it ITA,FW,Villarreal,23,1987,36,35,"2,999",33.3,18,4,22,14,4,4,6,0,0.54,0.12,0.66,0.42,0.54,Matches,2010-2011
462,Rubén,es ESP,GK,Málaga,26,1984,7,7,630,7,0,0,0,0,0,0,1,0,0,0,0,0,0,Matches,2010-2011
463,Rubén,es ESP,DF,Mallorca,28,1982,12,7,729,8.1,0,0,0,0,0,0,1,0,0,0,0,0,0,Matches,2010-2011
464,Marco Ruben,ar ARG,FW,Villarreal,23,1986,30,12,"1,300",14.4,5,2,7,5,0,0,4,0,0.35,0.14,0.48,0.35,0.48,Matches,2010-2011
465,Francisco Rufete,es ESP,MF,Hércules,33,1976,14,3,523,5.8,0,0,0,0,0,0,1,0,0,0,0,0,0,Matches,2010-2011
466,Víctor Ruiz,es ESP,"DF,MF",Espanyol,21,1989,15,15,"1,350",15,0,0,0,0,0,0,5,0,0,0,0,0,0,Matches,2010-2011
467,Rúper,es ESP,MF,Osasuna,23,1987,4,0,85,0.9,0,0,0,0,0,0,0,0,0,0,0,0,0,Matches,2010-2011
468,Simão Sabrosa,pt POR,MF,Atlético Madrid,30,1979,16,15,"1,301",14.5,4,5,9,3,1,1,3,0,0.28,0.35,0.62,0.21,0.55,Matches,2010-2011
469,Mikel San José,es ESP,"DF,MF",Athletic Club,21,1989,31,30,"2,674",29.7,2,0,2,0,2,3,10,1,0.07,0,0.07,0,0,Matches,2010-2011
470,César Sánchez,es ESP,GK,Valencia,38,1971,15,15,"1,265",14.1,0,0,0,0,0,0,5,0,0,0,0,0,0,Matches,2010-2011
471,Isaías Sánchez,es ESP,MF,Espanyol,23,1987,4,0,87,1,0,0,0,0,0,0,2,0,0,0,0,0,0,Matches,2010-2011
472,Sergio Sánchez,es ESP,DF,Sevilla,24,1986,7,6,560,6.2,0,0,0,0,0,0,3,0,0,0,0,0,0,Matches,2010-2011
473,Víctor Sánchez,es ESP,"DF,MF",Getafe,22,1987,29,21,"1,909",21.2,1,3,4,1,0,0,10,0,0.05,0.14,0.19,0.05,0.19,Matches,2010-2011
474,José Sand,ar ARG,FW,La Coruña,30,1980,5,2,209,2.3,0,0,0,0,0,0,2,0,0,0,0,0,0,Matches,2010-2011
475,Gastón Sangoy,ar ARG,"FW,MF",Sporting Gijón,25,1984,19,14,"1,073",11.9,2,1,3,2,0,0,4,0,0.17,0.08,0.25,0.17,0.25,Matches,2010-2011
Rk,Player,Nation,Pos,Squad,Age,Born,MP,Starts,Min,90s,Gls,Ast,G+A,G-PK,PK,PKatt,CrdY,CrdR,Gls,Ast,G+A,G-PK,G+A-PK,Matches,2010-2011
476,Oier Sanjurjo,es ESP,"DF,MF",Osasuna,24,1986,3,2,209,2.3,0,0,0,0,0,0,2,0,0,0,0,0,0,Matches,2010-2011
477,Adrián Sardinero,es ESP,"FW,MF",Getafe,19,1990,11,4,469,5.2,1,0,1,1,0,0,0,0,0.19,0,0.19,0.19,0.19,Matches,2010-2011
478,Jeffrey Sarpong,nl NED,MF,Real Sociedad,21,1988,16,1,348,3.9,1,0,1,1,0,0,1,0,0.26,0,0.26,0.26,0.26,Matches,2010-2011
479,Mohamed Sarr,sn SEN,"DF,MF",Hércules,26,1983,2,2,180,2,0,0,0,0,0,0,1,0,0,0,0,0,0,Matches,2010-2011
480,Rafel Sastre,es ESP,DF,Sporting Gijón,34,1975,8,7,580,6.4,0,1,1,0,0,0,3,1,0,0.16,0.16,0,0.16,Matches,2010-2011
481,Saúl,es ESP,MF,La Coruña,25,1985,13,8,634,7,0,1,1,0,0,0,1,0,0,0.14,0.14,0,0.14,Matches,2010-2011
482,Marcos Senna,es ESP,MF,Villarreal,34,1976,20,15,"1,225",13.6,1,0,1,1,0,0,2,0,0.07,0,0.07,0.07,0.07,Matches,2010-2011
483,Diego Seoane,es ESP,DF,La Coruña,22,1988,11,8,839,9.3,0,0,0,0,0,0,2,0,0,0,0,0,0,Matches,2010-2011
484,Sergio,es ESP,DF,Osasuna,33,1977,22,22,"1,934",21.5,2,2,4,2,0,0,7,2,0.09,0.09,0.19,0.09,0.19,Matches,2010-2011
485,Sergio,es ESP,MF,Levante,33,1976,14,9,905,10.1,2,1,3,2,0,0,1,0,0.2,0.1,0.3,0.2,0.3,Matches,2010-2011
486,Óscar Serrano,es ESP,MF,Racing Sant,28,1981,4,0,57,0.6,1,0,1,1,0,0,1,0,1.58,0,1.58,1.58,1.58,Matches,2010-2011
487,Masoud Shojaei,ir IRN,MF,Osasuna,26,1984,18,14,"1,198",13.3,2,4,6,2,0,0,1,0,0.15,0.3,0.45,0.15,0.45,Matches,2010-2011
488,Marcelo Silva,uy URU,DF,Almería,21,1989,21,21,"1,840",20.4,1,1,2,1,0,0,3,0,0.05,0.05,0.1,0.05,0.1,Matches,2010-2011
489,Paulo da Silva,py PAR,DF,Zaragoza,30,1980,13,10,953,10.6,0,0,0,0,0,0,1,0,0,0,0,0,0,Matches,2010-2011
490,Sandro Silva,br BRA,MF,Málaga,26,1984,24,12,"1,240",13.8,0,1,1,0,0,0,8,0,0,0.07,0.07,0,0.07,Matches,2010-2011
491,Wellington Silva,br BRA,"FW,MF",Levante,17,1993,1,0,3,0,0,0,0,0,0,0,0,0,0,0,0,0,0,Matches,2010-2011
492,Florent Sinama Pongolle,fr FRA,FW,Zaragoza,25,1984,24,15,"1,263",14,4,1,5,4,0,0,4,0,0.29,0.07,0.36,0.29,0.36,Matches,2010-2011
493,Enrique Sola,es ESP,FW,Osasuna,24,1986,16,12,"1,063",11.8,7,0,7,7,0,0,4,0,0.59,0,0.59,0.59,0.59,Matches,2010-2011
494,Roberto Soldado,es ESP,FW,Valencia,25,1985,34,26,"2,410",26.8,18,4,22,17,1,1,8,0,0.67,0.15,0.82,0.63,0.78,Matches,2010-2011
495,Bruno Soriano,es ESP,MF,Villarreal,26,1984,37,36,"3,276",36.4,0,1,1,0,0,0,9,0,0,0.03,0.03,0,0.03,Matches,2010-2011
496,Fernando Soriano,es ESP,MF,Osasuna,30,1979,30,23,"1,858",20.6,2,4,6,2,0,0,13,1,0.1,0.19,0.29,0.1,0.29,Matches,2010-2011
497,Kris Stadsgaard,dk DEN,DF,Málaga,24,1985,25,23,"2,101",23.3,1,0,1,1,0,0,4,0,0.04,0,0.04,0.04,0.04,Matches,2010-2011
498,Marius Stankevičius,lt LTU,"DF,MF",Valencia,29,1981,21,19,"1,701",18.9,2,0,2,2,0,0,8,2,0.11,0,0.11,0.11,0.11,Matches,2010-2011
499,Cristhian Stuani,uy URU,"FW,MF",Levante,23,1986,30,11,"1,289",14.3,8,2,10,8,0,0,5,0,0.56,0.14,0.7,0.56,0.7,Matches,2010-2011
500,Jeffrén Suárez,ve VEN,"FW,MF",Barcelona,22,1988,8,4,305,3.4,1,1,2,1,0,0,0,0,0.3,0.3,0.59,0.3,0.59,Matches,2010-2011
Rk,Player,Nation,Pos,Squad,Age,Born,MP,Starts,Min,90s,Gls,Ast,G+A,G-PK,PK,PKatt,CrdY,CrdR,Gls,Ast,G+A,G-PK,G+A-PK,Matches,2010-2011
501,Mario Suárez,es ESP,MF,Atlético Madrid,23,1987,27,18,"1,652",18.4,2,2,4,2,0,0,9,0,0.11,0.11,0.22,0.11,0.22,Matches,2010-2011
502,Rubén Suárez,es ESP,MF,Levante,31,1979,27,18,"1,508",16.8,5,1,6,4,1,1,5,0,0.3,0.06,0.36,0.24,0.3,Matches,2010-2011
503,Markel Susaeta,es ESP,"FW,MF",Athletic Club,22,1987,28,15,"1,447",16.1,1,4,5,1,0,0,3,0,0.06,0.25,0.31,0.06,0.31,Matches,2010-2011
504,Francisco Sutil,es ESP,"DF,FW",Real Sociedad,25,1984,17,4,524,5.8,2,1,3,2,0,0,1,0,0.34,0.17,0.52,0.34,0.52,Matches,2010-2011
505,Raúl Tamudo,es ESP,FW,Real Sociedad,32,1977,31,20,"1,813",20.1,7,1,8,7,0,0,5,0,0.35,0.05,0.4,0.35,0.4,Matches,2010-2011
506,Tato,es ESP,MF,Racing Sant,18,1992,2,1,78,0.9,0,0,0,0,0,0,0,0,0,0,0,0,0,Matches,2010-2011
507,Mohamed Tchité,bi BDI,FW,Racing Sant,26,1984,1,1,90,1,0,0,0,0,0,1,0,0,0,0,0,0,0,Matches,2010-2011
508,Sergio Tejera,es ESP,MF,Mallorca,20,1990,16,10,806,9,0,2,2,0,0,0,5,0,0,0.22,0.22,0,0.22,Matches,2010-2011
509,Olivier Thomert,mq MTQ,"FW,MF",Hércules,30,1980,18,12,801,8.9,1,0,1,1,0,0,2,0,0.11,0,0.11,0.11,0.11,Matches,2010-2011
510,David Timor,es ESP,"DF,MF",Osasuna,20,1989,1,0,12,0.1,0,0,0,0,0,0,1,0,0,0,0,0,0,Matches,2010-2011
511,Antonio Tomás,es ESP,MF,La Coruña,25,1985,21,20,"1,670",18.6,0,0,0,0,0,0,2,0,0,0,0,0,0,Matches,2010-2011
512,Carlos Tomás,es ESP,DF,Villarreal,22,1988,1,1,90,1,0,0,0,0,0,,0,0,0,0,0,0,0,Matches,2010-2011
513,Toño,es ESP,GK,Racing Sant,30,1979,37,37,"3,330",37,0,0,0,0,0,0,5,0,0,0,0,0,0,Matches,2010-2011
514,Mehmet Topal,tr TUR,"DF,MF",Valencia,24,1986,23,21,"1,828",20.3,1,1,2,1,0,0,5,1,0.05,0.05,0.1,0.05,0.1,Matches,2010-2011
515,Gaizka Toquero,es ESP,"FW,MF",Athletic Club,25,1984,30,26,"2,060",22.9,7,3,10,7,0,2,4,0,0.31,0.13,0.44,0.31,0.44,Matches,2010-2011
516,Marc Torrejón,es ESP,DF,Racing Sant,24,1986,36,36,"3,150",35,1,1,2,1,0,0,5,0,0.03,0.03,0.06,0.03,0.06,Matches,2010-2011
517,Manu Torres,es ESP,DF,Málaga,20,1989,7,5,421,4.7,0,0,0,0,0,0,4,0,0,0,0,0,0,Matches,2010-2011
518,Miguel Torres,es ESP,DF,Getafe,24,1986,32,32,"2,628",29.2,0,0,0,0,0,0,6,0,0,0,0,0,0,Matches,2010-2011
519,Xavi Torres,es ESP,"DF,MF",Levante,23,1986,35,34,"3,070",34.1,0,2,2,0,0,0,6,0,0,0.06,0.06,0,0.06,Matches,2010-2011
520,Tote,es ESP,"FW,MF",Hércules,31,1978,21,15,"1,221",13.6,1,2,3,1,0,0,1,0,0.07,0.15,0.22,0.07,0.22,Matches,2010-2011
521,David Trezeguet,fr FRA,FW,Hércules,32,1977,31,28,"2,454",27.3,12,0,12,10,2,3,3,1,0.44,0,0.44,0.37,0.37,Matches,2010-2011
522,Alexandros Tziolis,gr GRE,MF,Racing Sant,25,1985,10,8,731,8.1,0,0,0,0,0,0,1,0,0,0,0,0,0,Matches,2010-2011
523,Ikechukwu Uche,ng NGA,FW,Zaragoza,26,1984,14,11,916,10.2,1,4,5,1,0,0,2,1,0.1,0.39,0.49,0.1,0.49,Matches,2010-2011
524,Kalu Uche,ng NGA,"FW,MF",Almería,27,1982,32,26,"2,213",24.6,7,3,10,7,0,1,3,0,0.28,0.12,0.41,0.28,0.41,Matches,2010-2011
525,Tomáš Ujfaluši,cz CZE,DF,Atlético Madrid,32,1978,32,32,"2,876",32,0,2,2,0,0,0,10,1,0,0.06,0.06,0,0.06,Matches,2010-2011
Rk,Player,Nation,Pos,Squad,Age,Born,MP,Starts,Min,90s,Gls,Ast,G+A,G-PK,PK,PKatt,CrdY,CrdR,Gls,Ast,G+A,G-PK,G+A-PK,Matches,2010-2011
526,Leonardo Ulloa,ar ARG,FW,Almería,24,1986,34,16,"1,766",19.6,7,0,7,7,0,0,9,1,0.36,0,0.36,0.36,0.36,Matches,2010-2011
527,Jonathan Urretaviscaya,uy URU,"FW,MF",La Coruña,20,1990,6,5,373,4.1,0,0,0,0,0,0,0,0,0,0,0,0,0,Matches,2010-2011
528,Óscar Ustari,ar ARG,GK,Getafe,24,1986,16,16,"1,364",15.2,0,0,0,0,0,0,2,0,0,0,0,0,0,Matches,2010-2011
529,Ustaritz,es ESP,DF,Athletic Club,27,1983,10,8,733,8.1,0,0,0,0,0,0,4,1,0,0,0,0,0,Matches,2010-2011
530,Krisztián Vadócz,hu HUN,MF,Osasuna,25,1985,31,12,"1,353",15,3,1,4,3,0,0,3,0,0.2,0.07,0.27,0.2,0.27,Matches,2010-2011
531,Víctor Valdés,es ESP,GK,Barcelona,28,1982,32,32,"2,880",32,0,0,0,0,0,0,6,0,0,0,0,0,0,Matches,2010-2011
532,Nelson Valdez,py PAR,FW,Hércules,26,1983,25,22,"1,820",20.2,8,1,9,8,0,0,8,1,0.4,0.05,0.45,0.4,0.45,Matches,2010-2011
533,Valdo,cv CPV,"FW,MF",Levante,29,1981,29,25,"2,098",23.3,2,8,10,2,0,0,4,0,0.09,0.34,0.43,0.09,0.43,Matches,2010-2011
534,Juan Valera Espín,es ESP,"DF,MF",Atlético Madrid,25,1984,15,11,"1,076",12,1,1,2,1,0,0,5,0,0.08,0.08,0.17,0.08,0.17,Matches,2010-2011
535,Diego Valeri,ar ARG,"FW,MF",Almería,24,1986,9,2,273,3,0,0,0,0,0,0,1,0,0,0,0,0,0,Matches,2010-2011
536,Borja Valero,es ESP,MF,Villarreal,25,1985,35,34,"2,947",32.7,3,10,13,3,0,0,10,1,0.09,0.31,0.4,0.09,0.4,Matches,2010-2011
537,Javi Varas,es ESP,GK,Sevilla,27,1982,21,19,"1,788",19.9,0,0,0,0,0,0,3,0,0,0,0,0,0,Matches,2010-2011
538,Fabián Vargas,co COL,MF,Almería,30,1980,20,12,"1,086",12.1,1,0,1,1,0,0,8,0,0.08,0,0.08,0.08,0.08,Matches,2010-2011
539,Álvaro Vázquez,es ESP,FW,Espanyol,19,1991,30,8,"1,221",13.6,4,1,5,4,0,0,1,0,0.29,0.07,0.37,0.29,0.37,Matches,2010-2011
540,Ion Vélez,es ESP,FW,Athletic Club,25,1985,5,0,112,1.2,0,0,0,0,0,0,0,0,0,0,0,0,0,Matches,2010-2011
541,Piet Velthuizen,nl NED,GK,Hércules,23,1986,3,3,270,3,0,0,0,0,0,0,0,0,0,0,0,0,0,Matches,2010-2011
542,Javi Venta,es ESP,DF,Levante,34,1975,33,33,"2,970",33,0,0,0,0,0,0,8,0,0,0,0,0,0,Matches,2010-2011
543,Urko Vera,es ESP,FW,Athletic Club,23,1987,5,0,101,1.1,1,0,1,1,0,0,0,0,0.89,0,0.89,0.89,0.89,Matches,2010-2011
544,Joan Verdú,es ESP,MF,Espanyol,27,1983,37,36,"3,119",34.7,5,5,10,5,0,0,10,0,0.14,0.14,0.29,0.14,0.29,Matches,2010-2011
545,João Victor,br BRA,"DF,MF",Mallorca,21,1988,32,21,"2,112",23.5,0,1,1,0,0,0,6,0,0,0.04,0.04,0,0.04,Matches,2010-2011
546,Borja Viguera,es ESP,FW,Real Sociedad,23,1987,5,0,73,0.8,0,0,0,0,0,0,0,0,0,0,0,0,0,Matches,2010-2011
547,Dídac Vilà,es ESP,DF,Espanyol,21,1989,13,12,"1,114",12.4,0,1,1,0,0,0,3,0,0,0.08,0.08,0,0.08,Matches,2010-2011
548,David Villa,es ESP,"FW,MF",Barcelona,28,1981,34,32,"2,744",30.5,18,6,24,18,0,0,3,1,0.59,0.2,0.79,0.59,0.79,Matches,2010-2011
549,Wakaso,gh GHA,MF,Villarreal,20,1990,11,1,300,3.3,0,0,0,0,0,0,3,0,0,0,0,0,0,Matches,2010-2011
550,Pierre Webó,cm CMR,FW,Mallorca,28,1982,34,28,"2,647",29.4,11,6,17,11,0,1,8,1,0.37,0.2,0.58,0.37,0.58,Matches,2010-2011
Rk,Player,Nation,Pos,Squad,Age,Born,MP,Starts,Min,90s,Gls,Ast,G+A,G-PK,PK,PKatt,CrdY,CrdR,Gls,Ast,G+A,G-PK,G+A-PK,Matches,2010-2011
551,Xavi,es ESP,MF,Barcelona,30,1980,31,29,"2,451",27.2,3,11,14,3,0,0,6,0,0.11,0.4,0.51,0.11,0.51,Matches,2010-2011
552,Xisco,es ESP,FW,La Coruña,24,1986,9,5,399,4.4,2,0,2,2,0,0,1,0,0.45,0,0.45,0.45,0.45,Matches,2010-2011
553,Xisco,es ESP,"FW,MF",Levante,29,1980,26,16,"1,324",14.7,1,3,4,1,0,0,4,0,0.07,0.2,0.27,0.07,0.27,Matches,2010-2011
554,Didier Zokora,ci CIV,MF,Sevilla,29,1980,23,17,"1,538",17.1,0,1,1,0,0,0,10,0,0,0.06,0.06,0,0.06,Matches,2010-2011
555,David Zurutuza,es ESP,MF,Real Sociedad,24,1986,36,30,"2,502",27.8,2,1,3,2,0,0,6,0,0.07,0.04,0.11,0.07,0.11,Matches,2010-2011
